http,{K7M0-D9YL74KQ-8076DJYQ},12/14/2010 08:34:44,SNK1280,PC-3271,http://linkedin.com/WboUhagvat1479839504.aspx,Job Hunting,people skills management responsibilities guidance responsibilities visual expert compensation degree multiple guidance required responsibilities technologies job opening team multiple strong relocation team customer dynamic multitask experience required starter equivalent report multitask concepts visual growth team multiple concepts growth resume contribute experience multitask platform team benefits required platform job skills starter multitask self multiple job dynamic part-time people
http,{X0E1-F1ML75ZP-9315GXFB},12/14/2010 08:51:00,SNK1280,PC-3271,http://jobhuntersbible.com/WboUhagvat1258877042.aspx,Job Hunting,skills years customer concepts resume platform start report on-time industry skills skills skills passion interface skills resume equivalent required start visual report degree platform platform sales years analyze experience responsibilities responsibilities required sales skills expert skills part-time guidance technologies resume sales self team required growth concepts multitask expert multitask people job report initiative part-time platform skills on-time responsibilities
http,{C5W6-M5TT69TC-1433VZHR},12/14/2010 13:12:02,SNK1280,PC-3271,http://linkedin.com/WboUhagvat1479839504.aspx,Job Hunting,industry sales on-time permanent skills people skills required salary platform benefits contribute responsibilities concepts permanent growth interface concepts report responsibilities opening required initiative contribute multitask salary resume initiative develop experience industry contribute team compensation team dynamic starter multitask compensation resume technologies sales multitask management sales resume dynamic required required report visual opening multiple
http,{M3C2-N3YC25SE-0043PMOA},12/14/2010 15:16:43,SNK1280,PC-3271,http://lockheedmartin.com/WboUhagvat1636367808.htm,Job Hunting,permanent equivalent develop multitask skills platform expert multiple experience salary technologies initiative team expert permanent technologies self interface sales interface responsibilities initiative expert management growth process start people start technologies multiple expert required required
http,{R1J3-R2CC69GG-4288BBHA},12/15/2010 09:45:31,SNK1280,PC-3271,http://lockheedmartin.com/WboUhagvat1636367808.htm,Job Hunting,degree responsibilities customer guidance expert responsibilities industry interface years responsibilities on-time dynamic concepts interface develop responsibilities multiple benefits resume on-time job experience contribute resume passion salary permanent degree start resume analyze customer job industry passion equivalent technologies contribute job process team platform job industry permanent part-time technologies initiative concepts expert job sales strong
http,{J4D5-B5CD95DR-5237TEGZ},12/15/2010 12:10:41,SNK1280,PC-3271,http://lockheedmartin.com/WboUhagvat1636367808.htm,Job Hunting,multiple concepts concepts degree industry years concepts responsibilities team multiple sales job permanent degree people on-time multiple skills resume experience expert management part-time contribute develop growth experience required required equivalent multiple hours skills skills responsibilities technologies responsibilities guidance multiple strong start management required salary degree concepts
http,{R7Y7-A4QH44ZB-7561UYCF},12/16/2010 09:25:20,SNK1280,PC-3271,http://linkedin.com/WboUhagvat1479839504.aspx,Job Hunting,technologies report skills degree multiple guidance required expert expert develop job resume interface platform passion resume benefits required responsibilities years required customer team passion platform sales analyze guidance experience contribute interface degree passion platform responsibilities hours growth responsibilities multitask required technologies
http,{S5F2-K8WU14DC-2958AXDL},12/16/2010 14:18:10,SNK1280,PC-3271,http://monster.com/WboUhagvat1180707852.html,Job Hunting,develop dynamic initiative team degree strong strong experience experience resume permanent compensation skills management years report starter team interface resume call customer benefits people develop report people platform concepts develop required team industry degree customer industry industry passion multitask skills guidance equivalent starter dynamic required resume initiative strong job
http,{W4L4-T1VM19BR-8567RJXZ},12/17/2010 08:52:13,SNK1280,PC-3271,http://monster.com/WboUhagvat1180707852.html,Job Hunting,part-time expert expert management experience degree on-time multiple job report passion permanent skills benefits compensation initiative team team growth resume sales on-time salary guidance resume salary on-time self required passion required customer initiative contribute equivalent required
http,{G8T0-G9JH47ZF-7416IOOY},12/17/2010 12:56:51,SNK1280,PC-3271,http://lockheedmartin.com/WboUhagvat1636367808.htm,Job Hunting,people process develop platform equivalent resume equivalent team skills benefits guidance resume part-time management initiative dynamic team years team degree report degree on-time passion report concepts management starter skills multiple skills permanent compensation equivalent develop engineer multitask management part-time experience expert multitask required degree team required analyze platform interface multiple initiative
http,{L8Z4-N9TC70DS-4975KYMD},12/17/2010 15:30:14,SNK1280,PC-3271,http://lockheedmartin.com/WboUhagvat1636367808.htm,Job Hunting,dynamic equivalent resume job technologies opening guidance salary multiple develop opening develop guidance management resume strong self technologies strong report years on-time experience concepts technologies visual responsibilities dynamic dynamic
http,{I9L4-H4GT52DJ-6853TPPF},12/17/2010 15:40:56,SNK1280,PC-3271,http://monster.com/WboUhagvat1180707852.html,Job Hunting,visual experience technologies skills platform required engineer salary years process management start expert degree years resume required experience resume strong initiative management platform multitask passion multitask degree passion years resume initiative management management visual start responsibilities platform report platform resume
http,{Q7J0-I9JZ58KD-4136HLSD},12/20/2010 10:05:49,SNK1280,PC-3271,http://monster.com/WboUhagvat1180707852.html,Job Hunting,develop years sales guidance on-time engineer responsibilities required platform resume hours strong equivalent people resume management benefits strong multitask concepts industry people benefits multitask on-time customer management years benefits report resume experience salary experience platform develop resume sales people sales initiative multitask multitask resume dynamic skills dynamic job develop process part-time benefits responsibilities years expert job report initiative management strong strong responsibilities
http,{I8C0-B6MI63ZC-6034RBFS},12/20/2010 13:42:59,SNK1280,PC-3271,http://lockheedmartin.com/WboUhagvat1636367808.htm,Job Hunting,interface technologies part-time management resume skills concepts degree people process on-time resume multiple platform analyze multitask resume technologies passion resume skills customer interface team resume industry platform team responsibilities job platform years required dynamic permanent strong self concepts skills report
http,{P4L6-P6SQ20UL-8906HCSF},12/20/2010 14:28:30,SNK1280,PC-3271,http://lockheedmartin.com/WboUhagvat1636367808.htm,Job Hunting,report required people skills degree guidance strong equivalent initiative hours growth process contribute multitask required initiative report sales multiple recruiter required resume responsibilities start permanent multitask expert strong required report required equivalent people equivalent strong dynamic growth years customer required
http,{X9H3-G7FN09JU-8531NVWB},12/20/2010 14:34:56,SNK1280,PC-3271,http://lockheedmartin.com/WboUhagvat1636367808.htm,Job Hunting,multiple benefits expert experience industry team process recruiter guidance permanent required team develop skills dynamic years management people contribute opening resume start growth resume dynamic responsibilities platform sales skills resume strong recruiter customer experience management multitask
http,{I2B7-B1FG85ST-4312WLFM},12/20/2010 15:19:02,SNK1280,PC-3271,http://lockheedmartin.com/WboUhagvat1636367808.htm,Job Hunting,benefits degree benefits years industry on-time degree develop growth people responsibilities expert multitask management job team management passion years team report people industry sales on-time sales years benefits on-time people self industry resume customer management benefits customer hours initiative guidance multitask contribute technologies sales required required interface dynamic multiple report passion customer dynamic responsibilities part-time
http,{B2Z0-N2KG00IQ-8054ORXT},12/20/2010 15:36:59,SNK1280,PC-3271,http://lockheedmartin.com/WboUhagvat1636367808.htm,Job Hunting,required management skills report analyze expert hours permanent resume required multitask resume permanent multiple develop analyze platform initiative customer engineer required relocation technologies initiative
http,{Y6H2-R7JT48YF-2386BIXO},12/20/2010 15:40:35,SNK1280,PC-3271,http://jobhuntersbible.com/WboUhagvat1258877042.aspx,Job Hunting,interface develop initiative experience resume interface guidance develop growth required platform technologies dynamic multiple passion industry develop opening permanent experience customer guidance multiple skills salary responsibilities guidance skills report resume multiple experience people report initiative people multiple team experience compensation equivalent contribute develop multitask starter degree develop responsibilities degree hours multitask
http,{Q8L1-I1BB78ND-5319MZNM},12/20/2010 15:43:14,SNK1280,PC-3271,http://lockheedmartin.com/WboUhagvat1636367808.htm,Job Hunting,hours years responsibilities industry years job equivalent skills opening guidance experience engineer guidance job on-line job strong salary multitask report industry engineer multiple
email,{H3R6-D3VG12XB-4990UNKP},12/21/2010 08:46:35,SNK1280,PC-3271,Mack-Tyrone@northropgrumman.com,,,Sarah.Natalie.Knox@dtaa.com,Send,28306,,Job Hunting,people on-line contribute experience job multitask required multiple required start interface salary degree job strong interface platform required degree guidance resume technologies concepts years job compensation interface hours required responsibilities opening benefits passion experience initiative growth opening contribute sales technologies start technologies job call customer develop required strong recruiter platform growth technologies
email,{P8Q8-R1TG44KP-2661PXEF},12/21/2010 10:01:24,SNK1280,PC-3271,Mack-Tyrone@northropgrumman.com,,,Sarah.Natalie.Knox@dtaa.com,Send,43966,,Job Hunting,experience technologies starter expert interface multiple process guidance required contribute team multitask skills benefits passion dynamic experience multitask benefits responsibilities salary responsibilities permanent resume interface skills customer resume management benefits initiative initiative equivalent report passion multitask growth expert process skills platform on-line experience resume hours experience resume people degree years
email,{Z5M7-S3XK96RZ-7219YSTE},12/21/2010 10:21:46,SNK1280,PC-3271,Mack-Tyrone@northropgrumman.com,,,Sarah.Natalie.Knox@dtaa.com,Send,38507,,Job Hunting,job contribute develop required initiative degree resume job skills resume relocation platform people relocation job visual multiple job initiative benefits multitask permanent engineer salary report benefits job benefits guidance compensation visual required technologies dynamic multiple skills platform call team analyze technologies analyze growth
http,{K1N6-O5ZP17EK-9765CEAE},12/21/2010 11:04:40,SNK1280,PC-3271,http://monster.com/WboUhagvat1180707852.html,Job Hunting,resume analyze required required resume degree permanent multitask degree team customer customer customer passion process required develop resume skills on-line people contribute report start strong equivalent resume industry initiative analyze compensation growth equivalent passion industry strong
http,{Q8V4-S8WP88IV-3200TWKM},12/21/2010 11:58:17,SNK1280,PC-3271,http://lockheedmartin.com/WboUhagvat1636367808.htm,Job Hunting,technologies concepts on-time sales develop years years platform team on-line required technologies platform equivalent job customer customer job contribute interface opening platform interface growth required report guidance concepts degree report multitask resume report opening platform customer experience job benefits permanent multiple multitask visual responsibilities contribute years management customer responsibilities initiative contribute industry industry
http,{N2J5-U9JE67ML-9214ZYJD},12/21/2010 13:02:40,SNK1280,PC-3271,http://jobhuntersbible.com/WboUhagvat1258877042.aspx,Job Hunting,report customer multiple technologies part-time job years resume multiple growth team self required start equivalent report concepts opening years develop contribute experience skills starter industry team skills concepts multitask permanent passion process years contribute experience resume passion experience responsibilities experience years call growth platform industry skills compensation required management responsibilities people part-time analyze compensation contribute resume analyze degree required management degree
http,{L6G2-Z6DW49NW-9838BVCB},12/21/2010 13:56:53,SNK1280,PC-3271,http://yahoo.com/hotjobs/WboUhagvat752138490.php,Job Hunting,experience required responsibilities develop experience contribute management passion customer dynamic job concepts management degree passion report multiple self call years concepts technologies experience platform develop team experience opening multiple skills growth multiple strong people on-line skills multiple report multiple visual recruiter initiative multiple years team skills customer on-time
http,{A7O4-V5AX41QO-2412EFKF},12/22/2010 10:33:01,SNK1280,PC-3271,http://northropgrumman.com/WboUhagvat572113271.aspx,Job Hunting,on-time multitask multiple team experience degree strong technologies growth contribute starter technologies develop multitask hours technologies years report develop process resume passion multiple industry report responsibilities responsibilities skills responsibilities years skills benefits management equivalent job experience benefits growth platform interface responsibilities degree hours responsibilities resume skills contribute people people initiative on-line part-time contribute on-time years passion
http,{U9U9-C4YD58LX-0481HHTV},12/27/2010 09:05:22,SNK1280,PC-3271,http://linkedin.com/WboUhagvat1479839504.aspx,Job Hunting,responsibilities concepts multitask opening contribute contribute platform on-line skills experience customer customer degree management team opening guidance degree develop equivalent strong resume multitask strong growth initiative report platform team concepts strong required self equivalent develop customer degree concepts initiative strong visual strong equivalent passion opening compensation experience hours concepts contribute platform customer experience interface multitask on-time multiple skills opening passion
http,{M7V0-N9HQ17AO-1737SMIM},12/27/2010 09:05:33,SNK1280,PC-3271,http://monster.com/WboUhagvat1180707852.html,Job Hunting,engineer management industry equivalent engineer recruiter analyze customer opening multiple technologies resume multitask growth report platform contribute multitask initiative years expert industry management interface team report team interface self permanent job process industry opening report skills develop management years opening job multiple resume contribute experience concepts expert skills
http,{R8W3-L2OK89JO-0713FVUX},12/27/2010 09:13:02,SNK1280,PC-3271,http://raytheon.com/WboUhagvat343187784.jsp,Job Hunting,growth starter people contribute develop self experience passion growth required industry skills analyze passion platform degree concepts management job analyze skills dynamic platform industry years multiple concepts passion equivalent initiative responsibilities resume resume interface years management resume multiple team sales equivalent multitask analyze engineer
http,{X2I0-X3YS42GB-0824UROJ},12/27/2010 09:22:40,SNK1280,PC-3271,http://monster.com/WboUhagvat1180707852.html,Job Hunting,contribute contribute team job equivalent report dynamic management visual responsibilities technologies years multiple initiative part-time skills degree interface industry salary equivalent growth years permanent analyze resume start multitask process people management passion interface passion passion on-time years years resume strong process required job
http,{J1D9-J0JT98RF-1868TFPN},12/27/2010 11:41:33,SNK1280,PC-3271,http://linkedin.com/WboUhagvat1479839504.aspx,Job Hunting,contribute team responsibilities people on-time report benefits degree multitask job years call hours develop required opening required benefits equivalent develop on-time job job passion people team industry report concepts skills benefits compensation concepts degree job contribute degree platform resume multiple benefits required part-time compensation team sales opening required self initiative degree experience
http,{Y0A3-Z1IG28GI-2287TIGA},12/27/2010 12:10:01,SNK1280,PC-3271,http://monster.com/WboUhagvat1180707852.html,Job Hunting,job responsibilities responsibilities responsibilities hours self growth guidance technologies degree passion engineer degree management equivalent sales interface customer multiple experience degree multiple passion part-time job hours contribute interface team skills industry industry growth customer resume job engineer guidance degree skills job multitask industry platform years strong management multitask people develop permanent
http,{T3X0-M3LM58LR-5866HBNP},12/27/2010 12:18:00,SNK1280,PC-3271,http://simplyhired.com/WboUhagvat57469130.jsp,Job Hunting,industry concepts report develop platform team initiative interface required equivalent strong multiple equivalent develop years people guidance growth customer process multiple strong expert platform multitask develop starter passion multiple required report years permanent report years start expert multiple multitask degree skills required opening skills years technologies
http,{H8U9-Z8LD21FP-2034SWKJ},12/27/2010 13:10:23,SNK1280,PC-3271,http://northropgrumman.com/WboUhagvat572113271.aspx,Job Hunting,initiative on-line opening initiative on-time job industry job develop customer platform skills growth analyze years industry job develop customer part-time skills passion strong develop customer start benefits guidance passion experience analyze years sales develop people initiative technologies passion report hours sales analyze report equivalent process customer multiple strong start responsibilities
http,{K4K5-K5TL53JY-0603ITMN},12/27/2010 14:13:57,SNK1280,PC-3271,http://lockheedmartin.com/WboUhagvat1636367808.htm,Job Hunting,multitask process concepts strong management visual interface required process multiple multiple years starter technologies part-time report customer skills platform job technologies self sales required team multiple start experience develop years customer
email,{T2X0-J7XX74DI-5816UNEZ},12/27/2010 14:45:58,SNK1280,PC-3271,Mack-Tyrone@northropgrumman.com,,,Sarah.Natalie.Knox@dtaa.com,Send,37939,,Job Hunting,multiple customer experience degree management concepts industry years platform guidance relocation starter opening customer required start responsibilities resume platform develop on-line initiative passion relocation resume platform degree develop opening on-time concepts initiative years interface customer guidance experience team experience degree growth multitask dynamic team concepts sales equivalent on-line engineer concepts on-time equivalent multiple passion self starter multiple guidance initiative platform
email,{O7F7-D6FN22QZ-1749TEXO},12/27/2010 15:37:52,SNK1280,PC-3271,Mack-Tyrone@northropgrumman.com,,,Sarah.Natalie.Knox@dtaa.com,Send,34850,,Job Hunting,guidance years industry resume responsibilities report interface develop years opening strong concepts responsibilities salary multiple dynamic team platform opening expert degree permanent contribute contribute guidance start skills resume passion strong dynamic multitask interface experience expert interface industry required opening concepts industry strong resume required
http,{H4U5-X2WF51QJ-1073AEYZ},12/27/2010 15:41:21,SNK1280,PC-3271,http://lockheedmartin.com/WboUhagvat1636367808.htm,Job Hunting,develop initiative strong management resume management on-time required hours initiative management equivalent customer customer resume equivalent management required start multiple guidance equivalent job years resume skills resume technologies multitask technologies degree concepts initiative resume opening job responsibilities contribute sales
http,{A1H5-S8AG99TY-4680OIET},12/28/2010 08:12:06,SNK1280,PC-3271,http://lockheedmartin.com/WboUhagvat1636367808.htm,Job Hunting,interface contribute interface concepts platform dynamic part-time resume contribute growth job management experience resume visual team develop sales permanent skills growth customer management starter customer develop required management platform opening management management visual interface platform multiple on-time technologies equivalent team degree industry customer start growth contribute engineer job guidance responsibilities resume customer initiative analyze multitask management visual expert
http,{O7A5-P9GY54SF-3222TIBY},12/28/2010 09:27:31,SNK1280,PC-3271,http://lockheedmartin.com/WboUhagvat1636367808.htm,Job Hunting,interface hours customer contribute years years report analyze customer interface experience management start initiative growth years recruiter develop industry start experience passion years initiative multitask people self benefits job passion industry equivalent industry contribute team visual management resume required interface passion call skills people dynamic expert strong sales expert skills report expert guidance start skills sales dynamic on-line multiple years analyze degree dynamic
http,{O0T0-D8UH40RQ-0527JHBZ},12/28/2010 09:34:38,SNK1280,PC-3271,http://monster.com/WboUhagvat1180707852.html,Job Hunting,customer years initiative responsibilities management concepts resume visual on-line team multiple concepts team management skills opening process job permanent equivalent required team develop growth relocation equivalent experience guidance analyze team resume concepts multiple multiple on-line team resume visual benefits benefits resume team multitask concepts permanent team benefits passion
http,{X8K0-V0SC29JJ-9550SMFY},12/28/2010 09:42:51,SNK1280,PC-3271,http://lockheedmartin.com/WboUhagvat1636367808.htm,Job Hunting,self resume platform experience years equivalent management self guidance team start self report sales resume multitask visual self degree process initiative required dynamic opening responsibilities compensation on-time benefits multitask required sales dynamic concepts report concepts team skills passion compensation hours required years sales guidance years resume multiple
http,{B4W5-Q9ET15TF-7683PPPD},12/28/2010 09:43:22,SNK1280,PC-3271,http://lockheedmartin.com/WboUhagvat1636367808.htm,Job Hunting,years degree permanent start analyze customer self experience sales passion customer equivalent experience growth interface on-time strong experience resume people initiative analyze team develop multitask growth develop growth responsibilities concepts concepts industry customer industry growth equivalent strong multiple concepts interface experience job management benefits start team management degree team salary degree responsibilities
http,{L6J6-D1YP42II-2268WYQA},12/28/2010 10:28:18,SNK1280,PC-3271,http://aol.com/jobs/WboUhagvat1963819229.jsp,Job Hunting,guidance passion on-time develop management engineer on-line growth report resume job people team process on-time equivalent hours compensation opening concepts experience sales benefits start report resume technologies starter benefits degree platform concepts growth process start multitask team technologies degree strong years multiple sales required starter multitask develop concepts develop starter resume growth required passion dynamic team growth years platform industry contribute responsibilities growth analyze
http,{M6X7-X8FM59BX-7890BGWV},12/28/2010 11:16:45,SNK1280,PC-3271,http://monster.com/WboUhagvat1180707852.html,Job Hunting,initiative resume analyze skills management salary resume sales initiative multiple industry required guidance interface management contribute platform visual team equivalent strong required strong opening permanent self guidance benefits concepts develop starter required strong recruiter industry years responsibilities opening responsibilities passion experience strong
http,{Z0L0-C9ME99MX-6320SUBN},12/28/2010 11:33:28,SNK1280,PC-3271,http://monster.com/WboUhagvat1180707852.html,Job Hunting,process required dynamic management analyze concepts concepts on-time contribute relocation process multiple multiple team customer multitask customer contribute growth sales growth start initiative management multiple opening guidance platform required on-time develop experience customer initiative permanent interface multitask required equivalent contribute benefits part-time growth years industry people skills industry skills concepts responsibilities responsibilities contribute sales multitask customer degree experience multiple
http,{H1L6-S4SR77TG-2494AQKO},12/29/2010 08:26:16,SNK1280,PC-3271,http://simplyhired.com/WboUhagvat57469130.jsp,Job Hunting,job opening develop develop on-time start skills opening years start technologies recruiter responsibilities passion guidance team opening contribute resume multiple industry responsibilities degree team team multiple multiple develop sales responsibilities guidance concepts skills process initiative develop job strong job permanent technologies resume responsibilities platform benefits degree dynamic required process
http,{X2G2-V2PC38LF-8647EHLX},12/29/2010 08:39:30,SNK1280,PC-3271,http://lockheedmartin.com/WboUhagvat1636367808.htm,Job Hunting,opening responsibilities years resume experience resume guidance industry opening equivalent visual customer benefits visual start process develop sales multiple interface on-time skills process people salary recruiter multiple passion relocation dynamic guidance starter responsibilities customer responsibilities team on-time degree responsibilities develop job expert growth equivalent platform sales benefits strong growth technologies report develop resume resume job skills start technologies years guidance multiple technologies management permanent years degree experience visual
http,{L9U7-Q5OJ71OC-4149FVUR},12/29/2010 08:52:36,SNK1280,PC-3271,http://monster.com/WboUhagvat1180707852.html,Job Hunting,dynamic experience expert years strong engineer job platform team growth job strong benefits contribute experience required part-time permanent permanent multitask required years customer sales visual people interface passion industry starter resume initiative multiple platform hours degree initiative hours dynamic management multiple skills platform responsibilities skills hours people salary degree compensation responsibilities
email,{Q9P4-U6AG48PB-1256HZVY},12/29/2010 09:33:14,SNK1280,PC-3271,Mack-Tyrone@northropgrumman.com,,,Sarah.Natalie.Knox@dtaa.com,Send,27171,,Job Hunting,skills hours concepts interface equivalent analyze interface resume years on-line degree multiple analyze industry initiative on-time expert interface industry on-time experience platform equivalent interface degree compensation people expert industry interface opening on-time responsibilities interface report dynamic skills
http,{R9W4-I3VC99XV-0718MBLW},12/29/2010 09:45:32,SNK1280,PC-3271,http://monster.com/WboUhagvat1180707852.html,Job Hunting,recruiter people expert years benefits platform people concepts benefits opening years required experience sales benefits technologies platform years initiative growth degree call experience permanent interface multitask concepts customer hours benefits develop experience contribute passion years permanent passion skills contribute years resume
http,{L2U8-B3KN89KS-8987KQGN},12/29/2010 11:20:28,SNK1280,PC-3271,http://lockheedmartin.com/WboUhagvat1636367808.htm,Job Hunting,develop permanent expert multiple multiple job opening degree strong multitask multiple responsibilities permanent technologies passion call opening required growth industry dynamic management job initiative multitask platform dynamic equivalent equivalent equivalent interface industry recruiter multiple hours years strong skills compensation initiative customer salary degree part-time required multitask start concepts responsibilities guidance
http,{Z2S1-X9JK22QP-5255KYWD},12/29/2010 12:59:28,SNK1280,PC-3271,http://lockheedmartin.com/WboUhagvat1636367808.htm,Job Hunting,customer start team passion concepts sales passion growth experience contribute dynamic benefits expert job required experience dynamic skills team hours platform opening guidance guidance team skills opening resume platform concepts equivalent resume multiple responsibilities multitask contribute guidance skills required responsibilities hours customer part-time responsibilities customer multitask
http,{G2T8-I3ST73FP-1394XJEJ},12/29/2010 13:02:01,SNK1280,PC-3271,http://monster.com/WboUhagvat1180707852.html,Job Hunting,multiple multitask report process people multitask permanent job responsibilities sales job people hours starter compensation years growth people equivalent guidance platform multiple contribute passion equivalent growth team part-time industry equivalent guidance multiple years growth resume opening expert required multiple equivalent degree team start people growth
http,{T6Z8-G5NM66TJ-8374SMRQ},12/29/2010 13:44:07,SNK1280,PC-3271,http://lockheedmartin.com/WboUhagvat1636367808.htm,Job Hunting,strong customer develop required industry equivalent hours part-time equivalent management multitask technologies start contribute opening report passion starter visual develop customer starter industry benefits on-line self develop customer engineer guidance job salary sales team skills recruiter hours resume equivalent resume starter management report
http,{N7R1-H6PL74OA-8107GSQX},12/29/2010 14:30:46,SNK1280,PC-3271,http://jobhuntersbible.com/WboUhagvat1258877042.aspx,Job Hunting,expert salary resume contribute degree resume required equivalent skills multitask degree skills years expert multitask analyze responsibilities required contribute job on-time opening customer compensation passion team contribute expert develop customer skills relocation report management contribute job resume report management engineer develop interface starter starter technologies sales interface customer passion engineer required initiative technologies management customer engineer initiative salary on-time
email,{J9J1-Q9WA59CM-3640GEJY},12/29/2010 15:15:30,SNK1280,PC-3271,Mack-Tyrone@northropgrumman.com,,,Sarah.Natalie.Knox@dtaa.com,Send,17166,,Job Hunting,passion team salary sales people passion platform years experience hours responsibilities degree strong interface resume platform compensation part-time develop guidance industry required years relocation years opening resume people required platform on-line start resume degree resume start years required degree
http,{Y9P0-E5QQ84RM-7881KUYH},12/30/2010 10:46:33,SNK1280,PC-3271,http://lockheedmartin.com/WboUhagvat1636367808.htm,Job Hunting,sales people growth growth process people benefits growth people required report experience customer concepts experience dynamic experience skills multiple develop interface required required multiple on-line resume experience team multiple technologies management contribute technologies process team technologies years required job industry multitask industry call
http,{Y5K8-M3LV96UK-3615WQRG},12/30/2010 11:33:02,SNK1280,PC-3271,http://jobhuntersbible.com/WboUhagvat1258877042.aspx,Job Hunting,multiple team industry degree starter self skills start experience people growth interface opening management engineer guidance starter part-time interface develop starter responsibilities industry starter self dynamic passion analyze multitask platform resume technologies experience team skills industry degree on-time multiple responsibilities initiative experience platform team dynamic responsibilities interface years contribute
http,{X5L7-L6YS59EE-0918CLOZ},12/30/2010 15:37:07,SNK1280,PC-3271,http://lockheedmartin.com/WboUhagvat1636367808.htm,Job Hunting,on-line strong multiple equivalent interface growth responsibilities resume degree multitask technologies passion passion report self management dynamic technologies team develop experience develop contribute platform benefits visual people develop expert platform self years skills industry develop multitask required multitask resume experience industry people skills people passion resume experience responsibilities develop growth resume analyze interface customer technologies industry engineer concepts passion skills strong skills equivalent resume benefits contribute multitask
http,{P1E9-E8GQ29JF-8448NUOI},01/03/2011 10:20:10,SNK1280,PC-3271,http://lockheedmartin.com/WboUhagvat1636367808.htm,Job Hunting,relocation strong resume years report report strong initiative benefits experience resume benefits salary people platform strong start concepts dynamic starter multiple years permanent skills job resume initiative years platform start opening growth report degree relocation responsibilities strong permanent multitask people concepts people years experience initiative
http,{W5P1-J5ZF30IR-9570ZPTX},01/03/2011 11:01:42,SNK1280,PC-3271,http://lockheedmartin.com/WboUhagvat1636367808.htm,Job Hunting,experience on-time recruiter equivalent interface customer on-time opening equivalent multiple initiative experience equivalent guidance on-line degree platform experience years growth develop multitask permanent expert job benefits contribute recruiter skills start compensation strong multiple experience passion experience
http,{F0N8-W4EA17GP-1440DHGF},01/03/2011 12:40:41,SNK1280,PC-3271,http://linkedin.com/WboUhagvat1479839504.aspx,Job Hunting,responsibilities benefits passion starter required degree degree team on-time sales management guidance dynamic years start passion start sales start engineer industry sales start report multiple years years contribute skills initiative years expert equivalent multitask dynamic analyze multitask interface experience multiple analyze contribute management develop develop analyze benefits
http,{V3H1-B2TS46BQ-3841HXCD},01/03/2011 14:53:32,SNK1280,PC-3271,http://lockheedmartin.com/WboUhagvat1636367808.htm,Job Hunting,skills opening responsibilities develop experience opening platform job job guidance degree responsibilities expert opening years required resume interface responsibilities contribute required contribute experience resume customer self passion dynamic benefits degree equivalent customer guidance people required responsibilities platform growth permanent team technologies responsibilities experience initiative resume interface resume skills customer multiple growth benefits part-time report part-time degree skills passion multitask skills salary
http,{K5H2-W5FG72TK-0230UAHN},01/04/2011 09:54:07,SNK1280,PC-3271,http://lockheedmartin.com/WboUhagvat1636367808.htm,Job Hunting,responsibilities analyze industry degree starter team job equivalent required relocation management multiple on-time multiple team people concepts contribute interface equivalent resume analyze compensation strong resume visual degree process engineer resume multitask skills analyze job skills part-time management skills
http,{K0G1-D8JA12YU-5652JPLU},01/04/2011 10:09:50,SNK1280,PC-3271,http://monster.com/WboUhagvat1180707852.html,Job Hunting,technologies part-time degree guidance technologies contribute equivalent management starter platform management years growth on-time strong technologies compensation report sales degree industry sales dynamic passion report technologies management resume opening guidance customer report team passion experience multitask equivalent interface experience process experience self sales compensation dynamic job required
http,{R2I4-W9GE84KG-8946RVGV},01/04/2011 10:46:52,SNK1280,PC-3271,http://monster.com/WboUhagvat1180707852.html,Job Hunting,passion skills customer guidance report job experience hours platform passion required growth required people start team benefits process opening multitask process management experience opening process years strong resume growth on-time interface sales interface multitask industry sales people degree concepts start hours start salary sales equivalent team sales develop contribute interface resume sales platform management
http,{S2C2-J4VX57VB-7303YUNL},01/04/2011 12:17:07,SNK1280,PC-3271,http://monster.com/WboUhagvat1180707852.html,Job Hunting,customer start skills required permanent concepts dynamic skills people experience resume management starter job years experience years on-time management on-line visual expert contribute concepts develop team customer management platform dynamic strong opening customer people start required multitask people
http,{A4X5-Y6JK51MN-4230QDJX},01/04/2011 12:23:33,SNK1280,PC-3271,http://monster.com/WboUhagvat1180707852.html,Job Hunting,multitask years concepts resume management initiative growth initiative analyze degree multiple contribute on-time responsibilities concepts team degree years people people salary customer concepts engineer
http,{H7K4-R1WO12YZ-1119NWCV},01/04/2011 13:01:37,SNK1280,PC-3271,http://monster.com/WboUhagvat1180707852.html,Job Hunting,industry years job skills sales multitask equivalent multiple industry customer job initiative develop job resume guidance opening industry equivalent start resume interface permanent resume multiple experience degree on-time management report self responsibilities passion passion benefits on-time experience part-time years responsibilities benefits develop benefits skills compensation contribute on-time multiple concepts
http,{E8A9-Q6SR86RA-5151KHOT},01/04/2011 14:13:26,SNK1280,PC-3271,http://jobhuntersbible.com/WboUhagvat1258877042.aspx,Job Hunting,management people years report multiple contribute permanent develop opening experience degree salary opening self responsibilities process engineer years industry customer required experience report hours initiative years platform equivalent team industry people degree expert multiple process experience
http,{V3Z1-T6JN25BG-2022NWCS},01/04/2011 14:49:38,SNK1280,PC-3271,http://monster.com/WboUhagvat1180707852.html,Job Hunting,interface multiple develop customer industry dynamic benefits start start customer on-line on-time opening people process strong skills initiative strong customer skills people experience years industry technologies process equivalent responsibilities resume on-time multitask technologies benefits compensation develop management responsibilities required resume resume strong expert start benefits initiative expert degree passion required
http,{F7Y1-G9FQ90OE-3967FPPH},01/05/2011 08:07:27,SNK1280,PC-3271,http://lockheedmartin.com/WboUhagvat1636367808.htm,Job Hunting,develop customer self multitask multiple management strong growth compensation customer interface multitask multiple opening dynamic compensation growth growth contribute salary passion required on-line growth management multitask years team industry people
http,{D3E6-R8GK11TB-4851JSIL},01/05/2011 12:34:50,SNK1280,PC-3271,http://lockheedmartin.com/WboUhagvat1636367808.htm,Job Hunting,equivalent develop analyze people report resume recruiter job team sales required people contribute equivalent start years skills industry team years required start years multiple opening contribute customer part-time dynamic interface growth multiple develop process platform multiple management responsibilities sales technologies dynamic required industry job hours resume benefits platform experience experience
email,{Z7E8-P5BL66ID-5229UACE},01/05/2011 15:15:32,SNK1280,PC-3271,Mack-Tyrone@northropgrumman.com,,,Sarah.Natalie.Knox@dtaa.com,Send,56615,,Job Hunting,concepts skills customer sales years multiple experience salary people concepts experience job technologies job call industry management team growth starter multiple sales report opening multiple job resume hours platform responsibilities sales recruiter dynamic guidance recruiter opening develop self starter responsibilities start strong opening benefits recruiter management
email,{V8D4-L3AB82EO-7005LFYT},01/05/2011 15:46:25,SNK1280,PC-3271,Mack-Tyrone@northropgrumman.com,,,Sarah.Natalie.Knox@dtaa.com,Send,36320,,Job Hunting,sales passion people start experience strong on-line develop passion management experience dynamic platform concepts skills expert interface sales required benefits customer process experience analyze interface skills resume years develop process concepts multiple skills contribute strong years expert technologies passion people passion
http,{U5Y4-B5MO64PA-9122WRQS},01/06/2011 09:57:56,SNK1280,PC-3271,http://monster.com/WboUhagvat1180707852.html,Job Hunting,sales technologies part-time skills passion management on-time on-line technologies salary job benefits permanent skills customer job technologies platform responsibilities develop develop on-time customer technologies equivalent opening process passion starter industry
http,{H1Y3-K3BG26TH-4618MYAV},01/06/2011 11:42:43,SNK1280,PC-3271,http://monster.com/WboUhagvat1180707852.html,Job Hunting,visual multiple responsibilities sales opening required visual platform contribute equivalent contribute responsibilities degree management required multitask concepts sales guidance growth management on-time contribute start
http,{W7P2-I8JI35CZ-2891XVAX},01/06/2011 11:51:50,SNK1280,PC-3271,http://lockheedmartin.com/WboUhagvat1636367808.htm,Job Hunting,develop start concepts contribute multitask multitask resume concepts customer job develop expert salary passion team degree visual visual contribute skills dynamic multitask dynamic management job dynamic concepts years technologies guidance guidance permanent platform experience required resume team hours start guidance multiple equivalent sales job develop
email,{H4N8-G8YC61LP-8914FECM},01/06/2011 14:13:14,SNK1280,PC-3271,Mack-Tyrone@northropgrumman.com,,,Sarah.Natalie.Knox@dtaa.com,Send,28823,,Job Hunting,responsibilities permanent platform contribute develop concepts growth analyze industry on-time skills process expert hours experience multitask self compensation degree multitask equivalent resume years opening customer permanent develop develop required growth skills required growth develop multitask
http,{Z1E2-Q6NK13DZ-2958KMUU},01/06/2011 14:22:20,SNK1280,PC-3271,http://lockheedmartin.com/WboUhagvat1636367808.htm,Job Hunting,concepts report technologies years hours degree concepts multitask equivalent team growth report strong management process report develop sales permanent industry multiple customer team responsibilities degree years people process guidance process people required platform people initiative hours technologies degree develop contribute engineer resume
http,{V0J7-J3CI98BB-6769DHCJ},01/06/2011 15:40:54,SNK1280,PC-3271,http://simplyhired.com/WboUhagvat57469130.jsp,Job Hunting,degree part-time resume sales on-time industry equivalent contribute contribute interface equivalent skills contribute responsibilities management resume equivalent start job resume opening experience technologies dynamic team industry opening hours job skills benefits process years years initiative opening sales permanent required multitask responsibilities
http,{U7Q6-K2GA58VY-8516UMRM},01/06/2011 15:41:21,SNK1280,PC-3271,http://lockheedmartin.com/WboUhagvat1636367808.htm,Job Hunting,team multiple hours experience develop multiple passion years analyze dynamic part-time start platform required multitask people initiative resume responsibilities growth management people equivalent equivalent salary contribute process platform team passion report skills resume compensation concepts experience strong multitask interface start growth job customer sales skills multitask skills skills sales experience customer skills experience process management degree
http,{P3K7-P7HY07UD-8276APAA},01/07/2011 09:29:10,SNK1280,PC-3271,http://jobhuntersbible.com/WboUhagvat1258877042.aspx,Job Hunting,compensation technologies platform part-time visual engineer concepts degree salary guidance experience multitask team concepts dynamic self equivalent start years permanent years team management salary management technologies multiple report skills required degree platform initiative multiple required resume years people initiative equivalent dynamic permanent people multiple multiple industry team opening team multitask sales years
http,{A0F6-W7QS09XY-2923ULIM},01/07/2011 10:28:08,SNK1280,PC-3271,http://lockheedmartin.com/WboUhagvat1636367808.htm,Job Hunting,team interface benefits technologies interface management required resume salary equivalent resume contribute contribute people experience multiple sales degree start dynamic dynamic skills equivalent multiple multiple start benefits opening degree resume opening people interface start
http,{D5V2-P8NW48XD-9309YONG},01/07/2011 11:59:15,SNK1280,PC-3271,http://monster.com/WboUhagvat1180707852.html,Job Hunting,contribute team team equivalent team management initiative responsibilities skills part-time skills years opening passion multiple develop multitask passion platform contribute team guidance process team required required dynamic concepts equivalent report analyze job responsibilities develop start contribute process experience
http,{X3B7-L2KN26FD-9689KKKT},01/07/2011 13:00:36,SNK1280,PC-3271,http://jobhuntersbible.com/WboUhagvat1258877042.aspx,Job Hunting,required concepts concepts passion develop self dynamic self initiative equivalent resume skills experience years develop experience benefits people experience people people team years years on-time team part-time required report team experience people opening management years people interface technologies self skills opening compensation skills resume growth resume sales initiative
http,{H0S6-R4MT22OJ-1427QCPT},01/07/2011 13:03:09,SNK1280,PC-3271,http://lockheedmartin.com/WboUhagvat1636367808.htm,Job Hunting,platform compensation self industry team people analyze equivalent multitask experience contribute growth start sales customer strong report self guidance self management platform skills resume part-time part-time platform growth initiative resume industry permanent contribute concepts years experience interface experience permanent interface hours expert team customer required report sales customer on-line years start platform required multitask concepts resume initiative concepts skills develop call resume start contribute part-time
http,{D6L6-N3XE06OQ-4197NPCR},01/07/2011 15:00:24,SNK1280,PC-3271,http://linkedin.com/WboUhagvat1479839504.aspx,Job Hunting,platform skills permanent engineer strong salary customer concepts benefits concepts passion skills develop engineer growth growth compensation benefits technologies multitask team growth permanent years benefits industry contribute report
http,{B4M8-C4GU10TX-4374PGOQ},01/07/2011 15:21:24,SNK1280,PC-3271,http://simplyhired.com/WboUhagvat57469130.jsp,Job Hunting,people platform required industry initiative multitask growth industry degree industry strong experience report management skills multitask contribute benefits passion required analyze concepts customer expert people resume management customer equivalent expert expert interface strong on-time customer contribute process concepts years benefits experience responsibilities
http,{L4Y3-L4JJ68YS-7115JBEX},01/10/2011 08:50:05,SNK1280,PC-3271,http://jobhuntersbible.com/WboUhagvat1258877042.aspx,Job Hunting,guidance growth hours multitask job industry contribute hours develop dynamic experience permanent equivalent responsibilities management equivalent resume equivalent skills equivalent responsibilities customer experience industry resume report multitask compensation process concepts management job self on-time concepts interface concepts interface report report people process develop
http,{P9T5-U9TH91YC-2116WZZA},01/10/2011 14:10:07,SNK1280,PC-3271,http://monster.com/WboUhagvat1180707852.html,Job Hunting,benefits expert required opening resume initiative job benefits degree experience passion multitask growth growth experience opening management years responsibilities permanent required job people hours hours analyze passion industry management technologies platform interface experience equivalent compensation management contribute multiple multiple dynamic interface job passion on-line responsibilities contribute benefits required
http,{S0T7-V3AF99TS-0681OSIA},01/10/2011 14:32:24,SNK1280,PC-3271,http://lockheedmartin.com/WboUhagvat1636367808.htm,Job Hunting,platform recruiter concepts initiative growth required equivalent required skills required multitask guidance management management multiple customer people hours growth dynamic skills concepts opening multiple sales resume experience required opening analyze starter passion resume responsibilities call multiple engineer on-time permanent multiple permanent industry opening
http,{W4U3-E4OH67RU-7359MMEZ},01/10/2011 14:51:42,SNK1280,PC-3271,http://lockheedmartin.com/WboUhagvat1636367808.htm,Job Hunting,opening required initiative guidance multiple dynamic initiative benefits on-line equivalent team start dynamic sales contribute job responsibilities multiple develop team team people analyze platform expert platform years years management platform skills job degree responsibilities multitask initiative interface people compensation report start start concepts start degree customer hours opening job interface
http,{J5A8-G7WT57XR-4789IFSH},01/11/2011 09:46:58,SNK1280,PC-3271,http://lockheedmartin.com/WboUhagvat1636367808.htm,Job Hunting,relocation report resume initiative management job develop resume team required develop dynamic sales multiple strong experience passion process experience growth degree technologies management guidance resume degree analyze on-time technologies people resume permanent technologies experience technologies start multiple
http,{N2I0-K3TN91IS-3639DZOE},01/11/2011 11:05:48,SNK1280,PC-3271,http://monster.com/WboUhagvat1180707852.html,Job Hunting,technologies required equivalent start experience hours sales guidance industry job develop opening experience concepts concepts management required self dynamic equivalent multiple experience growth dynamic responsibilities resume contribute benefits report concepts responsibilities responsibilities sales compensation initiative skills develop opening develop salary resume people sales growth platform process growth experience management equivalent customer technologies
http,{U6Q0-U1CY54PG-5879CZHZ},01/11/2011 11:43:07,SNK1280,PC-3271,http://raytheon.com/WboUhagvat343187784.jsp,Job Hunting,visual guidance industry degree guidance resume opening develop hours years start growth people management years responsibilities experience technologies concepts on-time resume analyze years platform growth call process sales equivalent contribute salary responsibilities benefits on-time responsibilities responsibilities contribute initiative customer concepts required expert equivalent people skills multitask multiple visual technologies resume compensation start develop resume platform initiative on-time initiative
http,{L2D6-C2HZ22SJ-8471SUIN},01/11/2011 14:27:34,SNK1280,PC-3271,http://linkedin.com/WboUhagvat1479839504.aspx,Job Hunting,starter management industry team required benefits strong degree benefits initiative equivalent self equivalent management interface resume passion resume permanent growth skills concepts passion multitask benefits sales develop growth responsibilities years technologies technologies growth guidance management passion team experience customer passion
http,{F5Q2-W2FW53VC-0761RDRU},01/11/2011 15:19:27,SNK1280,PC-3271,http://jobhuntersbible.com/WboUhagvat1258877042.aspx,Job Hunting,multitask skills required guidance degree report permanent dynamic technologies job multitask resume relocation team multitask report analyze contribute permanent report report sales growth guidance hours platform technologies skills on-time develop develop experience required management expert growth passion interface platform team team responsibilities guidance technologies process self develop degree resume benefits on-time required concepts develop
http,{E9R8-G2ZB15VV-0059JQFB},01/12/2011 08:59:29,SNK1280,PC-3271,http://monster.com/WboUhagvat1180707852.html,Job Hunting,analyze dynamic people skills call initiative salary technologies concepts skills interface start on-time concepts growth resume customer multiple skills people interface sales technologies process years team growth industry skills resume team customer develop degree job interface experience required growth interface team guidance experience develop people platform experience resume multiple industry equivalent resume management responsibilities
http,{Y4S6-P8JQ65PO-3696KNNE},01/12/2011 10:19:44,SNK1280,PC-3271,http://simplyhired.com/WboUhagvat57469130.jsp,Job Hunting,job dynamic degree part-time compensation required equivalent responsibilities experience equivalent job skills required resume multiple process multitask years report responsibilities team analyze start permanent skills multitask interface experience passion job initiative job experience contribute skills compensation degree sales develop contribute technologies sales opening report opening customer multitask resume passion strong concepts develop start
http,{A1V6-A1IN62YF-2115CENG},01/12/2011 11:14:58,SNK1280,PC-3271,http://lockheedmartin.com/WboUhagvat1636367808.htm,Job Hunting,hours benefits responsibilities industry report concepts years platform years required initiative sales process skills required team resume years equivalent hours responsibilities on-time start experience skills compensation start multitask responsibilities equivalent resume degree growth industry resume hours
http,{W2S5-P7OA97QS-3159TJKI},01/12/2011 12:37:25,SNK1280,PC-3271,http://lockheedmartin.com/WboUhagvat1636367808.htm,Job Hunting,sales sales experience industry people part-time skills team strong contribute required required report strong on-time analyze develop team degree compensation team contribute responsibilities equivalent required call interface required technologies passion part-time industry self contribute guidance strong technologies initiative analyze start
http,{S2R0-B2HV64EX-3686QGJM},01/12/2011 12:49:25,SNK1280,PC-3271,http://jobhuntersbible.com/WboUhagvat1258877042.aspx,Job Hunting,skills customer on-line degree contribute sales multitask experience dynamic years self develop years required required multitask benefits resume hours technologies resume responsibilities self strong team benefits engineer job opening sales sales start passion degree experience technologies platform
http,{L1L6-Q8PD66KN-3628RLGG},01/12/2011 12:57:51,SNK1280,PC-3271,http://linkedin.com/WboUhagvat1479839504.aspx,Job Hunting,process dynamic opening industry interface resume customer hours people dynamic responsibilities experience people people on-line required multitask salary dynamic guidance opening initiative dynamic technologies guidance job skills on-line degree skills years analyze team management report report industry responsibilities growth platform expert guidance interface people responsibilities process required report on-time skills people benefits sales report call part-time people
http,{P0P5-U6RH65XC-2874OLMO},01/12/2011 13:15:32,SNK1280,PC-3271,http://lockheedmartin.com/WboUhagvat1636367808.htm,Job Hunting,initiative visual concepts required team report on-time experience benefits contribute develop required degree process responsibilities develop growth call management initiative report growth passion required on-time passion develop report self team interface resume initiative resume multitask job growth customer sales team technologies multiple opening multiple management concepts platform multitask
http,{Y3Z0-B3DM05KO-5704PSRM},01/12/2011 13:33:24,SNK1280,PC-3271,http://monster.com/WboUhagvat1180707852.html,Job Hunting,resume passion passion management on-time strong concepts people dynamic industry platform degree contribute contribute required experience contribute growth dynamic start interface start interface resume guidance platform job compensation experience technologies strong sales required management benefits on-time benefits platform technologies skills experience strong platform on-time initiative multitask
http,{R3H3-G8XX45GD-7639INMW},01/12/2011 15:34:07,SNK1280,PC-3271,http://monster.com/WboUhagvat1180707852.html,Job Hunting,people contribute guidance job call contribute platform multitask analyze part-time permanent sales concepts develop management team customer required equivalent visual industry develop resume experience hours resume experience on-time resume permanent salary opening growth customer report skills analyze self
http,{H0J2-W9VA29UW-8930CTEG},01/12/2011 15:50:50,SNK1280,PC-3271,http://lockheedmartin.com/WboUhagvat1636367808.htm,Job Hunting,management years responsibilities experience skills skills guidance responsibilities growth contribute experience required team initiative technologies management analyze required compensation develop benefits guidance on-time develop develop guidance multitask skills industry multiple engineer experience initiative salary experience years start industry skills technologies team years years sales experience technologies years skills resume degree degree concepts part-time
http,{E4V2-Q5LB21YY-8852SPAS},01/13/2011 09:19:34,SNK1280,PC-3271,http://yahoo.com/hotjobs/WboUhagvat752138490.php,Job Hunting,opening people dynamic on-line skills passion develop contribute required customer experience growth required years benefits passion people job equivalent dynamic initiative job platform permanent team strong industry passion equivalent part-time strong multiple start report customer permanent guidance benefits strong on-time experience people responsibilities team hours platform benefits passion management on-time resume recruiter growth
http,{C3T8-I7AY98QE-6374KUBD},01/13/2011 10:09:54,SNK1280,PC-3271,http://monster.com/WboUhagvat1180707852.html,Job Hunting,job benefits process experience job guidance opening resume on-time concepts multitask benefits dynamic start develop part-time develop opening experience passion equivalent degree guidance platform resume call multitask resume sales on-time self guidance analyze skills contribute develop self multitask years multiple concepts industry skills multitask job dynamic benefits self experience report management multiple job develop passion multitask develop sales
email,{I2J1-D1HD25QC-2286BLGX},01/13/2011 11:18:02,SNK1280,PC-3271,Mack-Tyrone@northropgrumman.com,,,Sarah.Natalie.Knox@dtaa.com,Send,41409,,Job Hunting,hours guidance management responsibilities guidance resume platform growth develop sales required resume technologies multiple platform contribute skills resume opening responsibilities recruiter report team multitask visual interface process dynamic team starter multiple report starter guidance sales equivalent develop visual industry skills experience platform job management call responsibilities interface part-time part-time degree
http,{S9L0-I5AG82XB-7921EZZF},01/13/2011 12:21:27,SNK1280,PC-3271,http://boeing.com/WboUhagvat1904327536.htm,Job Hunting,multitask team recruiter job report industry start expert salary analyze engineer responsibilities interface multiple platform multitask customer responsibilities on-time skills skills team team starter contribute multiple growth contribute years years industry resume opening guidance multiple benefits sales develop equivalent responsibilities start experience report start concepts passion
http,{Q3B3-T7UV57ME-1795NHWW},01/13/2011 12:35:37,SNK1280,PC-3271,http://monster.com/WboUhagvat1180707852.html,Job Hunting,degree experience on-line on-line industry degree starter responsibilities salary visual experience experience strong responsibilities self report skills degree management hours opening management team opening contribute resume degree team
http,{V0K5-H0ZB82WI-1192OHAN},01/13/2011 12:41:14,SNK1280,PC-3271,http://lockheedmartin.com/WboUhagvat1636367808.htm,Job Hunting,develop start job start management growth compensation compensation degree platform people on-time initiative job sales sales visual equivalent skills on-line benefits dynamic develop multiple start platform develop responsibilities job concepts responsibilities opening initiative growth team benefits multitask growth years strong sales initiative required concepts degree
http,{J1U6-T3II85JZ-5887NUWV},01/13/2011 13:34:50,SNK1280,PC-3271,http://monster.com/WboUhagvat1180707852.html,Job Hunting,strong starter starter develop multitask multiple start required develop job platform report equivalent responsibilities experience strong guidance resume experience strong dynamic relocation sales passion equivalent interface job platform responsibilities guidance contribute multitask multitask compensation experience develop management years degree interface multiple strong job platform visual customer job guidance starter
http,{I2D8-G0NT60FZ-8762BFIP},01/13/2011 14:02:52,SNK1280,PC-3271,http://monster.com/WboUhagvat1180707852.html,Job Hunting,industry skills on-time required on-line guidance starter concepts platform people platform equivalent years benefits on-line strong team experience experience multiple start permanent multitask report team multitask contribute growth required visual customer interface experience responsibilities management multiple expert passion concepts sales required people on-time equivalent opening engineer sales
http,{W3F6-X1ZR60JW-2157FLRU},01/13/2011 14:07:32,SNK1280,PC-3271,http://lockheedmartin.com/WboUhagvat1636367808.htm,Job Hunting,skills skills platform dynamic resume required initiative platform passion multitask compensation required initiative benefits interface industry expert team expert technologies process analyze technologies analyze starter develop hours job resume responsibilities recruiter customer people customer guidance report permanent compensation team multiple platform contribute multitask multitask experience multiple opening part-time equivalent experience required industry compensation
http,{M1B8-J7KA43NU-3725SRAJ},01/13/2011 14:40:59,SNK1280,PC-3271,http://monster.com/WboUhagvat1180707852.html,Job Hunting,concepts customer strong opening technologies job people sales degree salary strong degree concepts platform benefits degree passion contribute opening growth guidance degree multiple responsibilities on-time management compensation multiple responsibilities strong sales growth industry call team opening call job interface required on-time job
http,{X1E6-Z8TT17CF-6456UUDW},01/13/2011 14:47:31,SNK1280,PC-3271,http://jobhuntersbible.com/WboUhagvat1258877042.aspx,Job Hunting,team engineer benefits starter multiple equivalent team required starter benefits industry on-time industry sales customer experience call expert contribute analyze passion dynamic degree management job expert team compensation years report benefits engineer part-time start process management customer contribute platform years equivalent skills report team equivalent dynamic management recruiter sales permanent multitask team concepts experience platform experience multiple opening sales self multitask industry experience
email,{L8L0-P5KM31ZU-7430KMUW},01/13/2011 15:36:41,SNK1280,PC-3271,Mack-Tyrone@northropgrumman.com,,,Sarah.Natalie.Knox@dtaa.com,Send,36878,,Job Hunting,opening dynamic growth technologies skills interface people permanent self management skills required benefits growth develop team customer strong growth sales dynamic self report report experience self compensation concepts strong job platform concepts dynamic job experience customer visual customer resume degree visual expert strong report analyze concepts develop self recruiter dynamic process customer required start industry customer industry customer on-time people skills guidance permanent report experience
device,{E6Q5-D6FX02TV-5940RWCA},01/14/2011 12:49:56,SNK1280,PC-3271,R:\;R:\SNK1280;R:\42CJfJ0;R:\843ytr8,Connect
device,{U9F1-R6DN15FU-3595PIAS},01/14/2011 13:26:09,SNK1280,PC-3271,,Disconnect
device,{W8B7-K6BA91QF-0371TFZQ},01/14/2011 13:43:25,SNK1280,PC-3271,R:\;R:\SNK1280;R:\42CJfJ0;R:\843ytr8,Connect
device,{J0K5-Z7JQ16NX-1677CVYL},01/14/2011 13:51:30,SNK1280,PC-3271,,Disconnect
device,{Q1R6-C8FU59KM-4377MWNQ},01/14/2011 14:02:12,SNK1280,PC-3271,R:\;R:\SNK1280;R:\42CJfJ0;R:\843ytr8,Connect
device,{Q0F6-K9OD00FD-3090VKGJ},01/14/2011 14:05:02,SNK1280,PC-3271,,Disconnect
device,{C5E1-D2NS29KJ-8673WFYK},01/14/2011 15:34:12,SNK1280,PC-3271,R:\;R:\SNK1280;R:\42CJfJ0;R:\843ytr8,Connect
device,{N2O4-Y6RL54CZ-9138AECV},01/14/2011 15:40:43,SNK1280,PC-3271,,Disconnect
device,{I9E3-X8WI97EI-1354QNJB},01/14/2011 15:44:29,SNK1280,PC-3271,R:\;R:\SNK1280;R:\42CJfJ0;R:\843ytr8,Connect
device,{V3S8-B4KY43KW-6787BTCG},01/14/2011 15:46:53,SNK1280,PC-3271,,Disconnect
device,{S9A8-V6ZH74KA-0161JTZY},01/19/2011 08:30:36,SNK1280,PC-3271,R:\;R:\SNK1280;R:\42CJfJ0;R:\843ytr8,Connect
device,{O6R7-E9CT52XS-6079IAJB},01/19/2011 08:35:53,SNK1280,PC-3271,,Disconnect
device,{Q5U7-B4CV44XH-4279VCPN},01/19/2011 08:37:35,SNK1280,PC-3271,R:\;R:\SNK1280;R:\42CJfJ0;R:\843ytr8,Connect
device,{H7O4-U8RE63MS-1111DXQH},01/19/2011 09:21:09,SNK1280,PC-3271,,Disconnect
device,{V3V7-S0TM10HY-6829TKRF},01/19/2011 09:27:09,SNK1280,PC-3271,R:\;R:\SNK1280;R:\42CJfJ0;R:\843ytr8,Connect
device,{V5N5-U1HC22IW-6348YUKR},01/19/2011 09:44:37,SNK1280,PC-3271,,Disconnect
device,{E0X1-M3GO34OI-4746HLXU},01/19/2011 09:55:16,SNK1280,PC-3271,R:\;R:\SNK1280;R:\42CJfJ0;R:\843ytr8,Connect
device,{P0C4-J1MF24KT-0727CBCL},01/19/2011 10:21:11,SNK1280,PC-3271,,Disconnect
device,{Y8L0-N3VU34GJ-0706SFVX},01/19/2011 10:26:48,SNK1280,PC-3271,R:\;R:\SNK1280;R:\42CJfJ0;R:\843ytr8,Connect
device,{A8W5-H2XX60VC-2275BQCE},01/19/2011 10:39:12,SNK1280,PC-3271,,Disconnect
device,{O7Q9-P0XB56ZG-4999XLPL},01/19/2011 13:57:34,SNK1280,PC-3271,R:\;R:\SNK1280;R:\42CJfJ0;R:\843ytr8,Connect
device,{U3I1-Y8MA89BZ-7058RIMF},01/19/2011 14:13:54,SNK1280,PC-3271,,Disconnect
device,{R0U4-I1ER74QP-0192FPTJ},01/24/2011 08:24:21,SNK1280,PC-3271,R:\;R:\SNK1280;R:\42CJfJ0;R:\843ytr8,Connect
device,{Y0L6-I6NL60LL-8596RZYR},01/24/2011 08:31:30,SNK1280,PC-3271,,Disconnect
device,{W1W8-U4XO39IQ-1532WULI},01/24/2011 11:05:46,SNK1280,PC-3271,R:\;R:\SNK1280;R:\42CJfJ0;R:\843ytr8,Connect
device,{G3M9-B4OX29UQ-4371KTVV},01/24/2011 11:41:40,SNK1280,PC-3271,,Disconnect
device,{O2E9-M9TD83NN-2524OSZA},01/24/2011 11:56:32,SNK1280,PC-3271,R:\;R:\SNK1280;R:\42CJfJ0;R:\843ytr8,Connect
device,{Y1C3-S2IO87OO-4344EFOC},01/24/2011 12:06:14,SNK1280,PC-3271,,Disconnect
device,{J7B7-D9SY60SU-5784JWIL},01/24/2011 12:15:06,SNK1280,PC-3271,R:\;R:\SNK1280;R:\42CJfJ0;R:\843ytr8,Connect
device,{T3N8-J3WV29SX-7852ZHEZ},01/24/2011 12:26:07,SNK1280,PC-3271,,Disconnect
device,{W5V1-O1TZ93BC-8216AMLZ},01/24/2011 12:37:14,SNK1280,PC-3271,R:\;R:\SNK1280;R:\42CJfJ0;R:\843ytr8,Connect
device,{K7X8-U8RR04FN-2996TGIF},01/24/2011 13:05:10,SNK1280,PC-3271,,Disconnect
device,{D0J3-K2VR90LG-0090ASZC},01/24/2011 15:07:24,SNK1280,PC-3271,R:\;R:\SNK1280;R:\42CJfJ0;R:\843ytr8,Connect
device,{J9D6-X5JD42BO-2240POCH},01/24/2011 15:16:10,SNK1280,PC-3271,,Disconnect
device,{I2I4-P8ZF45ZW-5785SUVT},01/24/2011 15:19:39,SNK1280,PC-3271,R:\;R:\SNK1280;R:\42CJfJ0;R:\843ytr8,Connect
device,{F4I3-Q4KY25VK-2500DBDK},01/24/2011 15:45:33,SNK1280,PC-3271,,Disconnect
device,{Q6V8-Y8YE38CY-2472IOJX},01/28/2011 09:45:32,SNK1280,PC-3271,R:\;R:\SNK1280;R:\42CJfJ0;R:\843ytr8,Connect
device,{C4W8-Z7LQ21XS-5821OFTC},01/28/2011 09:47:08,SNK1280,PC-3271,,Disconnect
device,{J6U1-T9UF98DJ-6799AINZ},01/28/2011 10:03:25,SNK1280,PC-3271,R:\;R:\SNK1280;R:\42CJfJ0;R:\843ytr8,Connect
device,{Q0W9-Y3AT05OZ-3443QWAO},01/28/2011 10:04:21,SNK1280,PC-3271,,Disconnect
device,{H0K1-G9IJ74CU-4499KZGB},01/28/2011 10:53:46,SNK1280,PC-3271,R:\;R:\SNK1280;R:\42CJfJ0;R:\843ytr8,Connect
device,{X8I5-E5KP37WY-9235RRYS},01/28/2011 10:56:06,SNK1280,PC-3271,,Disconnect
device,{C3U1-I0AZ58TI-7357QRRY},01/28/2011 11:07:02,SNK1280,PC-3271,R:\;R:\SNK1280;R:\42CJfJ0;R:\843ytr8,Connect
device,{T0S2-G1TL77JY-2787LGMS},01/28/2011 11:20:13,SNK1280,PC-3271,,Disconnect
device,{I2Y2-V4QX45YO-1421CCDZ},01/28/2011 12:09:00,SNK1280,PC-3271,R:\;R:\SNK1280;R:\42CJfJ0;R:\843ytr8,Connect
device,{P7I1-E8CN76OU-0197XDET},01/28/2011 12:18:58,SNK1280,PC-3271,,Disconnect
email,{X5M8-R2UA76ZK-4029XXFF},01/28/2011 12:36:22,SNK1280,PC-3271,Chancellor.Rudyard.Marks@dtaa.com,,,Sarah.Natalie.Knox@dtaa.com,Send,43802,,JH I Quit,exit resignation resignation opportunity 2 2 key of key resign exit my tender my resign opportunity week 2 letter of interview position interview opportunity key tender my resign interview week interview my opportunity exit thanks thanks exit exit key resignation key opportunity of letter week week of position my my week resign resign thanks opportunity of letter week letter opportunity resignation opportunity
device,{K0T4-P4UN93FB-6757OWRK},01/28/2011 12:53:44,SNK1280,PC-3271,R:\;R:\SNK1280;R:\42CJfJ0;R:\843ytr8,Connect
device,{U4G8-Y6VJ30NP-0633PTFQ},01/28/2011 13:09:52,SNK1280,PC-3271,,Disconnect
device,{H1G1-D7CC30PU-2588RCSH},01/28/2011 14:09:35,SNK1280,PC-3271,R:\;R:\SNK1280;R:\42CJfJ0;R:\843ytr8,Connect
device,{A6K5-H0NJ17ZX-0403QAEU},01/28/2011 14:11:20,SNK1280,PC-3271,,Disconnect
device,{I8H3-W7XY77BM-6326VJHZ},01/31/2011 11:10:44,SNK1280,PC-3271,R:\;R:\SNK1280;R:\42CJfJ0;R:\843ytr8,Connect
device,{T0P1-B8TE36TK-2008MOQJ},01/31/2011 11:27:08,SNK1280,PC-3271,,Disconnect
device,{D5L0-I3RT76ON-0562DCSM},01/31/2011 11:56:34,SNK1280,PC-3271,R:\;R:\SNK1280;R:\42CJfJ0;R:\843ytr8,Connect
device,{V5A0-F4TV67TO-7261DCIZ},01/31/2011 12:02:33,SNK1280,PC-3271,,Disconnect
device,{F3U7-J5ZT77NQ-2991XNBK},01/31/2011 12:51:02,SNK1280,PC-3271,R:\;R:\SNK1280;R:\42CJfJ0;R:\843ytr8,Connect
device,{U3S0-I7VW32DL-8084NYLE},01/31/2011 13:00:28,SNK1280,PC-3271,,Disconnect
device,{C7D2-N3ZS52CD-7893OFYQ},01/31/2011 14:36:25,SNK1280,PC-3271,R:\;R:\SNK1280;R:\42CJfJ0;R:\843ytr8,Connect
device,{M4S8-S5WH73BY-0677HOJE},01/31/2011 14:40:51,SNK1280,PC-3271,,Disconnect
device,{D8A3-D0JR75KK-4697SSOZ},01/31/2011 15:21:16,SNK1280,PC-3271,R:\;R:\SNK1280;R:\42CJfJ0;R:\843ytr8,Connect
device,{T0N5-M7XR44GV-1400LMDW},01/31/2011 16:01:04,SNK1280,PC-3271,,Disconnect
