http,{W5Z9-N1IG24TO-9078NMCG},06/28/2010 08:13:30,CKP0630,PC-4612,http://lockheedmartin.com/WboUhagvat1636367808.htm,Job Hunting,contribute sales growth technologies experience technologies resume process platform growth equivalent resume report guidance degree salary people years opening expert process part-time interface passion multitask strong initiative strong opening technologies degree develop report sales customer interface start experience concepts people contribute passion platform job
http,{L6L5-H3UM15SD-9878LRCH},06/28/2010 09:28:48,CKP0630,PC-4612,http://lockheedmartin.com/WboUhagvat1636367808.htm,Job Hunting,expert multitask analyze contribute job permanent contribute strong strong degree platform interface on-time concepts customer technologies develop team equivalent hours salary sales opening skills customer guidance degree part-time contribute contribute technologies recruiter develop required growth technologies interface contribute platform job dynamic guidance responsibilities salary contribute starter growth team interface analyze permanent permanent experience analyze experience people interface report sales contribute passion
http,{G6F0-S7DD67CC-7596UVWY},06/28/2010 09:39:55,CKP0630,PC-4612,http://monster.com/WboUhagvat1180707852.html,Job Hunting,self technologies skills start strong multiple growth initiative initiative experience expert start analyze experience experience years start contribute relocation dynamic management concepts opening customer growth degree required industry team skills resume management customer expert interface years multitask years sales hours resume growth
http,{C6H0-P1KI58NU-3112VODR},06/28/2010 11:31:23,CKP0630,PC-4612,http://northropgrumman.com/WboUhagvat572113271.aspx,Job Hunting,report expert compensation responsibilities platform develop report passion start multitask growth analyze start start salary sales visual contribute team on-line industry years industry experience dynamic platform years skills technologies responsibilities call experience sales responsibilities team expert process start dynamic people platform years
http,{L1B5-K9ZJ19LV-9154HQFZ},06/28/2010 11:35:18,CKP0630,PC-4612,http://monster.com/WboUhagvat1180707852.html,Job Hunting,hours multitask management interface develop starter technologies benefits sales equivalent years initiative industry years degree sales passion degree multiple team customer contribute technologies team expert degree responsibilities customer report opening sales team expert compensation multitask technologies interface multiple years growth analyze hours concepts strong passion years initiative management platform strong
http,{M1F1-T8JM77UX-1768LNYY},06/28/2010 12:47:39,CKP0630,PC-4612,http://lockheedmartin.com/WboUhagvat1636367808.htm,Job Hunting,required management expert management resume skills passion guidance process relocation skills permanent experience develop recruiter experience technologies skills opening management industry permanent expert interface multitask interface required concepts permanent resume concepts industry resume permanent team permanent experience industry job guidance skills guidance strong multitask opening resume people skills customer salary self growth initiative multiple sales recruiter technologies job benefits contribute compensation technologies initiative resume skills contribute management passion multitask growth passion initiative opening platform people multiple
http,{R7X5-F5MU75KN-5304PBWO},06/28/2010 13:40:15,CKP0630,PC-4612,http://monster.com/WboUhagvat1180707852.html,Job Hunting,hours skills platform hours skills experience required growth compensation multiple skills sales team report equivalent on-time call job develop dynamic skills years resume management experience multitask opening required multitask starter years people passion platform relocation years starter customer start growth on-time growth starter develop
http,{O4Q6-C6JH74VL-0559AMRZ},06/28/2010 15:32:42,CKP0630,PC-4612,http://jobhuntersbible.com/WboUhagvat1258877042.aspx,Job Hunting,customer contribute resume customer passion industry on-time interface customer multitask resume interface skills opening concepts opening multitask multitask permanent experience resume equivalent start customer customer report multiple passion equivalent required permanent multitask industry initiative required people part-time initiative degree experience years platform skills concepts
http,{I6J6-J0EI52HL-5736HNCC},06/29/2010 09:14:12,CKP0630,PC-4612,http://monster.com/WboUhagvat1180707852.html,Job Hunting,relocation management analyze customer required experience strong people concepts growth report contribute concepts self industry starter customer sales contribute permanent concepts hours sales degree dynamic opening contribute start initiative required passion equivalent concepts resume required develop initiative strong required sales required salary benefits on-time guidance passion process
http,{E2L9-G7JC09MG-8796PREA},06/29/2010 12:04:44,CKP0630,PC-4612,http://lockheedmartin.com/WboUhagvat1636367808.htm,Job Hunting,expert team experience guidance degree responsibilities contribute required skills required technologies benefits permanent years equivalent years contribute platform multitask concepts opening degree dynamic degree report years degree team strong concepts team skills multitask customer experience multiple growth concepts industry initiative team analyze start guidance starter process expert permanent develop expert management
http,{U4M4-Q9AX02EI-0048PWPK},06/29/2010 12:29:27,CKP0630,PC-4612,http://monster.com/WboUhagvat1180707852.html,Job Hunting,experience process contribute customer permanent degree customer growth customer skills dynamic opening platform opening concepts skills part-time equivalent hours responsibilities contribute passion dynamic report salary job multiple permanent dynamic
http,{Q9T6-R4QS94UV-8647JXFO},06/29/2010 12:37:18,CKP0630,PC-4612,http://lockheedmartin.com/WboUhagvat1636367808.htm,Job Hunting,degree opening required customer years process multitask benefits guidance required sales on-time sales passion sales required benefits benefits dynamic management multitask develop multiple resume dynamic passion self passion management passion contribute sales self platform people platform growth interface job contribute years years guidance concepts management initiative people strong develop
http,{K2L0-T2IG81ZW-4305WEXU},06/29/2010 13:10:00,CKP0630,PC-4612,http://yahoo.com/hotjobs/WboUhagvat752138490.php,Job Hunting,management industry customer industry multitask strong develop strong resume equivalent resume report team team passion multitask initiative multitask opening develop process technologies job self skills job dynamic skills team responsibilities team on-line experience strong dynamic resume develop dynamic management equivalent equivalent responsibilities opening self responsibilities
http,{A4K5-U3EU03DL-0036ELPH},06/29/2010 14:53:48,CKP0630,PC-4612,http://linkedin.com/WboUhagvat1479839504.aspx,Job Hunting,people experience concepts degree required hours on-line management strong visual degree degree required interface concepts technologies starter dynamic guidance people required customer opening customer customer interface job interface passion strong customer resume responsibilities responsibilities job industry starter industry years
http,{T2G2-Q9BA73RS-2123RCDN},06/29/2010 15:27:00,CKP0630,PC-4612,http://jobhuntersbible.com/WboUhagvat1258877042.aspx,Job Hunting,passion skills management experience start skills technologies multitask experience experience interface years starter expert resume degree experience responsibilities salary passion team contribute required initiative degree recruiter years team management job recruiter experience visual multiple team passion opening platform required team equivalent
http,{U0G6-S8ZL57RK-5837EPJE},06/30/2010 10:20:32,CKP0630,PC-4612,http://monster.com/WboUhagvat1180707852.html,Job Hunting,recruiter starter technologies initiative responsibilities concepts guidance guidance starter sales responsibilities required multitask opening customer report permanent years sales opening permanent responsibilities concepts experience resume responsibilities opening team self responsibilities call team skills start industry years passion guidance expert permanent dynamic skills hours multitask process multiple team equivalent customer job team develop opening interface skills opening concepts
http,{O9N5-A8YP16WF-3415IQGE},06/30/2010 10:21:11,CKP0630,PC-4612,http://lockheedmartin.com/WboUhagvat1636367808.htm,Job Hunting,multiple multitask concepts customer on-time customer analyze contribute passion analyze develop concepts interface platform strong permanent opening responsibilities multiple part-time visual years process platform team develop skills compensation people salary permanent team compensation team industry sales people starter guidance dynamic experience skills responsibilities required skills strong responsibilities permanent skills process permanent analyze on-time opening skills concepts customer strong interface years permanent multitask develop analyze experience
http,{U0D4-J4GG74PW-8789BYMS},06/30/2010 10:52:52,CKP0630,PC-4612,http://lockheedmartin.com/WboUhagvat1636367808.htm,Job Hunting,experience salary opening part-time sales required multiple degree expert customer permanent growth industry concepts people guidance expert engineer resume concepts expert people opening management customer technologies strong initiative people skills multiple management responsibilities contribute visual report report guidance industry develop skills initiative process multiple years contribute job develop process self compensation contribute initiative self required skills sales sales experience compensation on-time contribute multitask equivalent expert equivalent years concepts report develop
http,{H6Q2-O8FA94WD-7071RFYL},06/30/2010 11:02:07,CKP0630,PC-4612,http://lockheedmartin.com/WboUhagvat1636367808.htm,Job Hunting,opening degree job compensation self report skills develop self expert responsibilities degree team dynamic years experience resume team guidance passion growth required job self start opening job expert compensation start equivalent years required permanent strong multiple opening degree analyze contribute management degree start report benefits management initiative contribute team contribute platform develop resume equivalent passion
http,{P8K7-W4EO35DA-6433RHUL},06/30/2010 13:23:53,CKP0630,PC-4612,http://monster.com/WboUhagvat1180707852.html,Job Hunting,expert degree start analyze management degree call experience degree self required concepts strong permanent management on-time passion guidance initiative permanent platform responsibilities growth sales equivalent years growth multitask resume required initiative management platform equivalent contribute skills permanent opening develop team sales job report resume start customer opening develop technologies interface contribute growth initiative develop responsibilities degree dynamic
http,{S3H2-V4NY79QP-0399SMQI},06/30/2010 15:17:24,CKP0630,PC-4612,http://lockheedmartin.com/WboUhagvat1636367808.htm,Job Hunting,hours platform people resume growth responsibilities job management equivalent management equivalent initiative industry technologies interface call equivalent job job multiple team responsibilities platform people benefits management guidance experience customer team multiple analyze dynamic concepts experience develop resume concepts people experience contribute resume skills passion on-line experience strong resume develop multiple degree process management team multitask
http,{S7A1-I9FA71VJ-1618MTSF},07/01/2010 08:13:05,CKP0630,PC-4612,http://linkedin.com/WboUhagvat1479839504.aspx,Job Hunting,initiative people hours on-time benefits sales years salary dynamic team customer management compensation initiative technologies technologies responsibilities interface degree passion customer interface resume analyze experience compensation initiative sales develop industry on-time salary responsibilities report degree concepts team compensation resume platform salary skills team concepts develop process multiple skills benefits multitask
http,{M4R7-W4NX31CG-6076OJNE},07/01/2010 11:48:35,CKP0630,PC-4612,http://linkedin.com/WboUhagvat1479839504.aspx,Job Hunting,team platform experience part-time multitask develop self job salary industry degree contribute multiple initiative contribute permanent sales management part-time visual on-time passion on-time industry contribute sales management skills sales responsibilities salary team equivalent industry industry permanent job visual equivalent job develop industry years passion expert
http,{G2X6-K6CQ07OR-4456CAQN},07/01/2010 15:27:22,CKP0630,PC-4612,http://lockheedmartin.com/WboUhagvat1636367808.htm,Job Hunting,industry experience required responsibilities passion skills initiative team experience experience strong hours experience interface team develop develop strong multiple analyze multitask hours initiative skills job sales on-time resume expert equivalent customer team self contribute sales platform job self on-time concepts develop years years salary part-time
http,{Y6V8-W2XC50SX-1380WXGF},07/02/2010 08:30:31,CKP0630,PC-4612,http://jobhuntersbible.com/WboUhagvat1258877042.aspx,Job Hunting,expert initiative guidance on-line dynamic responsibilities years start hours multitask resume customer hours passion equivalent experience dynamic team skills degree experience passion customer responsibilities responsibilities skills analyze recruiter resume develop self team required multitask multiple interface multitask customer recruiter multiple guidance
http,{Q4Q5-W2LY01TF-6712HBUB},07/02/2010 08:59:47,CKP0630,PC-4612,http://simplyhired.com/WboUhagvat57469130.jsp,Job Hunting,degree self job multitask concepts degree salary technologies dynamic initiative multitask degree dynamic team sales sales customer develop multiple equivalent experience passion platform analyze degree degree on-time multitask permanent develop on-line permanent people initiative permanent multitask industry customer concepts industry experience multiple
http,{K0M9-W0BB58QD-5557GGIA},07/02/2010 10:54:41,CKP0630,PC-4612,http://monster.com/WboUhagvat1180707852.html,Job Hunting,management skills dynamic multitask strong recruiter start interface industry equivalent opening interface start required team engineer opening start years passion skills contribute part-time degree growth people dynamic growth people benefits interface job part-time team report report required start
http,{Q5Z5-L0SU63ZM-5228QLEY},07/02/2010 12:29:03,CKP0630,PC-4612,http://linkedin.com/WboUhagvat1479839504.aspx,Job Hunting,multiple permanent experience initiative report self on-time benefits sales sales concepts sales management job passion opening call skills on-time platform sales resume responsibilities starter start multitask responsibilities expert passion analyze platform team equivalent report dynamic concepts start sales experience required people equivalent develop dynamic team interface skills customer growth sales multitask degree platform growth multiple process interface years industry management sales skills technologies multiple guidance skills contribute start management
http,{E2G0-F3UY38NV-6935DLLZ},07/02/2010 12:39:15,CKP0630,PC-4612,http://jobhuntersbible.com/WboUhagvat1258877042.aspx,Job Hunting,on-line customer start team sales report strong team hours contribute multitask years resume compensation multiple experience self people multiple benefits report opening platform initiative starter degree industry multiple salary develop experience benefits opening develop growth report industry experience self compensation skills
http,{H3Y3-L0AY17HR-9819FPNS},07/02/2010 13:09:29,CKP0630,PC-4612,http://lockheedmartin.com/WboUhagvat1636367808.htm,Job Hunting,resume resume process develop process interface dynamic team initiative experience develop expert platform team call multiple management resume multiple guidance industry degree strong people equivalent part-time job resume strong develop report interface develop on-time resume skills on-time strong on-line skills experience concepts expert skills multiple people salary years start contribute degree analyze experience responsibilities skills sales strong opening experience required
http,{D4E3-B9AK93VK-0729PNXZ},07/02/2010 13:15:11,CKP0630,PC-4612,http://monster.com/WboUhagvat1180707852.html,Job Hunting,industry growth skills multiple skills engineer multitask degree starter dynamic experience on-time interface self years hours responsibilities opening technologies initiative experience degree passion concepts team degree platform management permanent customer degree degree skills passion team required opening required benefits on-line guidance skills develop dynamic salary expert team multiple hours opening experience industry multitask
http,{N0P7-W2EL61ZQ-8999UEAB},07/02/2010 13:19:04,CKP0630,PC-4612,http://simplyhired.com/WboUhagvat57469130.jsp,Job Hunting,multiple resume visual customer starter start concepts management years skills interface permanent concepts develop experience degree management visual sales on-time multiple management resume develop permanent dynamic growth degree skills responsibilities growth responsibilities skills team growth sales concepts opening report sales guidance skills guidance experience strong technologies start compensation team initiative customer
http,{C9O0-D0VY54QR-0775TZAW},07/02/2010 14:46:21,CKP0630,PC-4612,http://monster.com/WboUhagvat1180707852.html,Job Hunting,opening industry on-line part-time initiative opening skills multiple opening passion people opening expert initiative engineer concepts years industry passion multiple contribute industry management start opening benefits required responsibilities concepts opening degree report on-time management multitask on-time equivalent self guidance initiative guidance customer technologies contribute guidance customer concepts equivalent multiple passion customer develop
http,{Q4P8-K0LA71BM-0452RUQD},07/02/2010 15:31:35,CKP0630,PC-4612,http://raytheon.com/WboUhagvat343187784.jsp,Job Hunting,resume process interface customer initiative resume platform responsibilities dynamic customer develop guidance multitask people opening visual years required develop relocation multitask permanent multitask strong years start required resume dynamic customer guidance responsibilities years contribute benefits interface salary resume opening skills growth job analyze team passion years platform passion customer responsibilities growth required opening multiple strong growth skills years benefits management resume job dynamic management customer job starter
http,{L8K3-A3BE88BM-1504TBDX},07/06/2010 09:01:17,CKP0630,PC-4612,http://lockheedmartin.com/WboUhagvat1636367808.htm,Job Hunting,sales visual expert opening develop required multiple skills platform opening experience guidance platform customer skills years platform required concepts team concepts team process growth people responsibilities analyze contribute strong part-time years technologies platform resume passion multiple passion equivalent initiative interface passion
http,{E5P4-D4GT39EK-7581WZTN},07/06/2010 11:13:29,CKP0630,PC-4612,http://craigslist.org/WboUhagvat1105403916.aspx,Job Hunting,permanent skills initiative develop benefits skills develop develop opening team resume develop develop dynamic platform contribute compensation years contribute platform strong platform years process experience industry opening hours contribute team customer concepts skills industry customer multiple initiative strong starter degree skills report years develop visual multiple starter resume responsibilities guidance skills team analyze part-time permanent equivalent develop team expert industry team job
http,{M5B2-B1DX68TO-9808YATX},07/06/2010 12:53:45,CKP0630,PC-4612,http://jobhuntersbible.com/WboUhagvat1258877042.aspx,Job Hunting,guidance degree analyze opening call skills hours develop develop interface report opening opening experience team develop technologies experience start responsibilities contribute permanent people multitask opening people on-line recruiter initiative required growth team degree benefits people years opening customer contribute benefits on-time start benefits multitask benefits recruiter platform resume report initiative
http,{T4D0-W4HV87WC-0327QKZS},07/06/2010 12:59:14,CKP0630,PC-4612,http://lockheedmartin.com/WboUhagvat1636367808.htm,Job Hunting,experience concepts on-time concepts job required industry team passion multiple skills resume develop contribute multiple management concepts multiple passion resume dynamic report skills experience responsibilities resume opening customer platform platform years contribute multitask responsibilities platform initiative visual compensation responsibilities management experience industry
http,{Y8D6-I4UZ02ZP-0635RXYU},07/06/2010 14:17:45,CKP0630,PC-4612,http://lockheedmartin.com/WboUhagvat1636367808.htm,Job Hunting,degree develop customer skills technologies years experience management customer platform passion team passion team passion expert equivalent permanent industry resume technologies engineer required engineer salary platform start team passion growth skills initiative customer customer industry sales job passion technologies people report management management required develop resume platform team opening passion skills platform years passion people start hours
http,{W3O6-M8AD49XJ-9867VNLD},07/07/2010 08:49:20,CKP0630,PC-4612,http://lockheedmartin.com/WboUhagvat1636367808.htm,Job Hunting,develop people start technologies people contribute multitask customer analyze team sales concepts customer customer multitask part-time degree strong dynamic responsibilities management team opening benefits equivalent people skills resume multitask years multiple sales team resume degree hours management permanent job growth contribute guidance multitask responsibilities technologies industry salary management call compensation guidance expert start benefits equivalent management people years industry report interface team degree degree sales relocation required on-line report
http,{I6X9-R5NR28WL-9053EHEU},07/07/2010 09:35:27,CKP0630,PC-4612,http://linkedin.com/WboUhagvat1479839504.aspx,Job Hunting,team years report sales multitask experience job dynamic opening sales sales on-time skills guidance management self passion visual strong team strong responsibilities degree industry opening engineer multitask self growth people management on-time people job relocation initiative passion experience dynamic engineer management degree skills call on-time benefits benefits concepts industry platform experience multiple job responsibilities concepts growth
http,{O6D6-X6UQ00VR-6930CFSO},07/07/2010 11:10:19,CKP0630,PC-4612,http://jobhuntersbible.com/WboUhagvat1258877042.aspx,Job Hunting,technologies initiative industry on-time years technologies growth growth strong resume degree people permanent process experience customer develop dynamic multitask concepts permanent starter job opening opening benefits growth required passion interface team on-time job permanent develop salary team benefits job passion sales analyze job growth multiple team concepts degree salary multitask
http,{F8D8-H5CU41UN-6203PCST},07/07/2010 12:53:36,CKP0630,PC-4612,http://monster.com/WboUhagvat1180707852.html,Job Hunting,compensation management team resume permanent industry develop sales contribute initiative relocation job multiple guidance customer guidance passion strong growth opening start resume years hours hours concepts dynamic industry growth strong experience required recruiter sales resume multiple concepts process customer guidance skills responsibilities years recruiter responsibilities contribute develop strong growth experience guidance opening
http,{S5D5-U2VB46LJ-1304UPNG},07/07/2010 13:54:30,CKP0630,PC-4612,http://monster.com/WboUhagvat1180707852.html,Job Hunting,experience industry expert salary report required management skills engineer concepts engineer start management people visual strong experience strong contribute expert job multitask multitask experience develop platform resume permanent opening benefits sales job years dynamic experience concepts guidance engineer equivalent experience required sales dynamic skills guidance multitask permanent develop dynamic resume platform skills responsibilities resume customer required degree compensation customer platform dynamic industry start required people part-time equivalent
http,{P2U0-E7EV12QL-3380JKJO},07/07/2010 15:01:06,CKP0630,PC-4612,http://linkedin.com/WboUhagvat1479839504.aspx,Job Hunting,multitask hours guidance self technologies skills permanent experience multiple management strong compensation resume responsibilities passion experience resume multitask benefits self benefits growth initiative multiple resume management starter technologies required permanent people equivalent sales opening dynamic responsibilities guidance dynamic experience required multitask people customer required develop contribute starter passion skills
http,{D6X8-O0VB61DU-6800OBCH},07/07/2010 15:18:24,CKP0630,PC-4612,http://raytheon.com/WboUhagvat343187784.jsp,Job Hunting,benefits resume initiative equivalent engineer start team people job experience customer sales start compensation skills resume start starter team concepts sales concepts growth opening passion skills expert opening job experience interface management self start analyze opening resume growth degree platform develop required report degree guidance contribute salary responsibilities recruiter interface degree team equivalent
http,{X6Y3-Z3QX75PZ-9844VWLD},07/08/2010 08:53:13,CKP0630,PC-4612,http://lockheedmartin.com/WboUhagvat1636367808.htm,Job Hunting,contribute skills compensation multiple platform equivalent responsibilities compensation industry technologies team report required interface develop growth growth contribute permanent required interface expert strong benefits passion interface on-time skills skills permanent platform platform platform multitask resume growth develop management job technologies dynamic job opening dynamic management start resume on-time required responsibilities opening opening industry multitask concepts on-line required
http,{P7Q5-I1UM26CX-1805SPPF},07/08/2010 10:12:38,CKP0630,PC-4612,http://linkedin.com/WboUhagvat1479839504.aspx,Job Hunting,analyze customer degree job benefits salary industry permanent concepts sales growth required permanent engineer hours develop starter contribute management multiple growth resume resume years experience salary on-time expert industry dynamic strong hours required skills permanent benefits required contribute responsibilities initiative platform platform on-time dynamic resume engineer team skills experience analyze multitask
email,{B5H0-X8AF60RI-4705VZYM},07/08/2010 10:44:17,CKP0630,PC-4612,Mcgowan-Graiden@northropgrumman.com,,,Carissa.Kaye.Parsons@dtaa.com,Send,24788,,Job Hunting,sales multitask customer experience resume multiple multitask growth strong permanent multitask job strong sales growth concepts skills industry report degree growth team concepts self compensation customer job people permanent expert industry sales contribute dynamic multiple strong passion concepts equivalent opening start customer resume multitask people degree customer
http,{V4Z1-R3PY09GJ-1512ZAFI},07/08/2010 11:36:55,CKP0630,PC-4612,http://monster.com/WboUhagvat1180707852.html,Job Hunting,resume responsibilities multitask growth compensation technologies opening concepts concepts benefits engineer sales resume on-time call team permanent develop contribute report technologies starter experience experience degree sales customer resume degree equivalent skills resume part-time technologies people responsibilities industry engineer experience resume benefits opening start sales relocation job years skills dynamic sales opening skills develop job on-time dynamic benefits process skills self required experience relocation guidance degree passion contribute
http,{Y2G8-B2UR36EC-1338OJVO},07/08/2010 12:10:22,CKP0630,PC-4612,http://jobhuntersbible.com/WboUhagvat1258877042.aspx,Job Hunting,develop customer people technologies benefits analyze part-time visual team multitask initiative sales start team experience team permanent team degree benefits growth strong management multiple relocation multiple resume multitask resume interface interface initiative responsibilities growth initiative sales sales growth required platform skills skills compensation report technologies experience required multiple resume team
http,{Z7F8-E3DB52VQ-6095ZGIZ},07/08/2010 13:57:54,CKP0630,PC-4612,http://lockheedmartin.com/WboUhagvat1636367808.htm,Job Hunting,expert opening technologies part-time passion job years analyze management experience technologies management degree required contribute call experience people contribute management visual strong engineer resume management dynamic skills initiative hours benefits growth dynamic management resume benefits degree on-time responsibilities industry multitask customer customer job required contribute
http,{N1X0-F8IX30BP-0490RPBF},07/08/2010 14:50:59,CKP0630,PC-4612,http://northropgrumman.com/WboUhagvat572113271.aspx,Job Hunting,responsibilities opening degree on-time responsibilities people degree years degree salary interface report part-time experience responsibilities analyze skills resume strong job platform hours equivalent skills required initiative years visual job responsibilities skills people develop report guidance concepts contribute degree team years required experience multitask degree sales starter degree concepts resume salary responsibilities platform
http,{X0T9-W8SL50KG-5663EWPE},07/09/2010 10:26:19,CKP0630,PC-4612,http://linkedin.com/WboUhagvat1479839504.aspx,Job Hunting,management industry required required industry people technologies degree on-line responsibilities team strong required dynamic starter develop develop multiple opening growth resume required multitask skills relocation analyze skills engineer start self start initiative opening sales management degree technologies hours job years passion part-time expert expert experience visual contribute job equivalent
http,{K4A3-Y0DW71EN-7736UGXU},07/09/2010 11:26:27,CKP0630,PC-4612,http://lockheedmartin.com/WboUhagvat1636367808.htm,Job Hunting,required skills growth analyze sales skills multitask responsibilities start job equivalent concepts team permanent compensation growth contribute resume contribute concepts customer initiative expert dynamic industry multitask team concepts guidance industry report compensation report strong platform strong platform develop experience equivalent initiative skills years start required degree guidance management sales responsibilities required on-line
http,{I3C8-B5BH93AU-6724WPJM},07/12/2010 08:38:24,CKP0630,PC-4612,http://lockheedmartin.com/WboUhagvat1636367808.htm,Job Hunting,develop passion analyze management starter degree industry hours strong hours experience dynamic develop team interface required technologies years analyze start management expert start equivalent multiple management experience start years team passion contribute benefits initiative job years on-line guidance multiple industry develop relocation responsibilities develop resume years degree engineer required team start customer start permanent multitask
http,{H2D7-K2CV80ZI-4883CHRJ},07/12/2010 10:53:47,CKP0630,PC-4612,http://yahoo.com/hotjobs/WboUhagvat752138490.php,Job Hunting,people benefits compensation equivalent starter interface salary process team multiple degree starter experience initiative experience self benefits dynamic industry management growth on-line experience experience develop strong sales process job engineer concepts required start degree resume technologies hours develop sales platform sales equivalent
http,{W7H5-W3YS09FI-7278FRXU},07/12/2010 12:23:55,CKP0630,PC-4612,http://lockheedmartin.com/WboUhagvat1636367808.htm,Job Hunting,guidance equivalent initiative multiple passion salary permanent people platform resume job industry people strong equivalent recruiter required visual skills strong resume job management report start multiple multitask technologies degree passion skills develop resume team skills guidance experience multiple years multiple platform concepts growth salary concepts team process develop process team relocation dynamic growth passion management degree
http,{S7E5-G5IW37YA-4203RFER},07/12/2010 13:49:07,CKP0630,PC-4612,http://simplyhired.com/WboUhagvat57469130.jsp,Job Hunting,years required compensation responsibilities analyze passion opening hours on-time salary equivalent required guidance concepts opening multiple interface required self benefits skills required interface degree multitask team people degree concepts expert
http,{U3V1-X4QW34SN-8573WOGC},07/12/2010 14:52:20,CKP0630,PC-4612,http://lockheedmartin.com/WboUhagvat1636367808.htm,Job Hunting,equivalent interface management team equivalent job job develop develop experience resume benefits contribute sales report growth customer technologies management technologies skills team people responsibilities opening multitask develop management degree permanent growth salary technologies process benefits strong benefits equivalent degree on-time concepts experience starter contribute resume platform initiative platform strong passion strong salary people industry degree
http,{G2S7-A9UE38EK-0481LLLH},07/12/2010 14:53:01,CKP0630,PC-4612,http://monster.com/WboUhagvat1180707852.html,Job Hunting,contribute resume job starter initiative strong call degree interface skills benefits opening responsibilities resume experience years job strong multiple develop job equivalent equivalent visual visual degree industry develop process process platform platform industry platform required hours dynamic concepts job experience technologies
http,{G0C8-J6UQ22BX-3883MTEJ},07/13/2010 09:28:50,CKP0630,PC-4612,http://monster.com/WboUhagvat1180707852.html,Job Hunting,opening hours degree skills people required multitask develop industry strong people develop dynamic part-time people industry team skills develop growth benefits on-line resume experience opening management equivalent contribute industry team job customer platform report starter sales expert passion visual industry develop required
http,{N5T1-Z5EU85MF-5326IPAQ},07/13/2010 10:28:58,CKP0630,PC-4612,http://jobhuntersbible.com/WboUhagvat1258877042.aspx,Job Hunting,customer recruiter growth contribute multitask contribute job management required dynamic process multiple people develop analyze strong report people platform initiative self team strong years multiple call skills multiple required skills growth management degree process part-time industry team customer develop passion benefits skills platform visual growth experience
http,{O9V1-K5BS04TG-9555SDGW},07/13/2010 10:44:04,CKP0630,PC-4612,http://lockheedmartin.com/WboUhagvat1636367808.htm,Job Hunting,customer benefits resume compensation multiple analyze platform develop customer contribute team on-line required develop skills skills on-line technologies expert team salary experience platform passion growth initiative multitask resume years guidance develop multitask benefits multiple people dynamic required skills responsibilities years customer job start
http,{T0Q3-M4JI98WQ-8655NIWN},07/13/2010 13:29:11,CKP0630,PC-4612,http://linkedin.com/WboUhagvat1479839504.aspx,Job Hunting,degree years on-time multiple responsibilities strong develop strong call contribute process benefits customer growth resume customer skills develop customer starter industry equivalent contribute industry engineer job resume expert compensation resume degree customer resume passion years self permanent interface on-time salary required start sales growth salary dynamic sales initiative
http,{X9S1-F9QV08JO-4852GWNN},07/13/2010 13:41:22,CKP0630,PC-4612,http://monster.com/WboUhagvat1180707852.html,Job Hunting,growth multitask equivalent opening skills responsibilities process concepts required passion resume on-time concepts expert dynamic benefits analyze compensation customer team equivalent multiple management on-time management guidance process hours technologies strong dynamic industry initiative management team analyze benefits passion resume growth opening develop industry starter responsibilities permanent experience years team start
http,{K3C6-H1ED97IH-5823MALU},07/13/2010 15:01:09,CKP0630,PC-4612,http://monster.com/WboUhagvat1180707852.html,Job Hunting,multiple guidance growth hours process part-time sales report concepts degree customer multitask multiple resume people resume resume opening self benefits responsibilities resume team sales salary start required on-time multiple engineer responsibilities on-time multitask years responsibilities concepts degree experience skills equivalent equivalent experience resume platform customer platform salary benefits job self people passion start
http,{A6W4-L7UG52GX-7528HBNV},07/13/2010 15:13:21,CKP0630,PC-4612,http://monster.com/WboUhagvat1180707852.html,Job Hunting,contribute resume salary responsibilities required platform skills hours multitask experience skills develop interface technologies dynamic dynamic people job passion start required initiative equivalent passion skills visual industry on-time on-line platform report multiple multiple customer platform interface industry skills opening analyze contribute platform team contribute strong years management
http,{K5H5-A5WA29SS-2569PLLA},07/14/2010 12:28:56,CKP0630,PC-4612,http://linkedin.com/WboUhagvat1479839504.aspx,Job Hunting,start develop platform skills platform call guidance opening skills strong hours responsibilities initiative compensation growth passion degree opening concepts opening degree resume opening skills technologies degree people required equivalent process develop team resume passion experience job people job industry multitask required visual sales benefits industry on-line skills
http,{D4S7-Z7KM41IW-7663MGOR},07/15/2010 08:07:15,CKP0630,PC-4612,http://lockheedmartin.com/WboUhagvat1636367808.htm,Job Hunting,dynamic customer interface degree multiple initiative resume passion skills equivalent opening experience skills on-time start years dynamic salary technologies start part-time guidance equivalent degree benefits resume resume report platform recruiter technologies passion team strong customer management part-time permanent interface management opening on-time industry concepts
http,{C1Y0-F4MF33MH-2028NWWZ},07/15/2010 08:14:53,CKP0630,PC-4612,http://monster.com/WboUhagvat1180707852.html,Job Hunting,strong engineer on-time compensation resume years technologies resume experience passion starter degree platform required on-line contribute analyze guidance dynamic management responsibilities customer industry resume benefits interface resume people required growth dynamic engineer experience multiple industry
http,{G0D3-J5FA36ZI-5071LMCS},07/15/2010 08:20:06,CKP0630,PC-4612,http://lockheedmartin.com/WboUhagvat1636367808.htm,Job Hunting,technologies required growth skills concepts technologies skills degree required industry resume experience resume compensation customer analyze years sales required required dynamic degree experience contribute responsibilities benefits management sales salary degree initiative multiple on-line technologies analyze interface degree part-time passion expert develop growth team equivalent required permanent required growth
http,{K4G5-R1UO38ML-9832ZGIF},07/15/2010 09:44:41,CKP0630,PC-4612,http://monster.com/WboUhagvat1180707852.html,Job Hunting,multitask people permanent skills experience resume salary contribute degree concepts multitask passion experience skills people industry equivalent growth required experience required permanent part-time experience industry opening hours expert responsibilities contribute concepts technologies on-time responsibilities resume contribute required team degree starter develop skills sales interface develop benefits benefits
http,{U7J8-T4YR71LR-7325CQLA},07/15/2010 11:44:50,CKP0630,PC-4612,http://lockheedmartin.com/WboUhagvat1636367808.htm,Job Hunting,responsibilities industry skills analyze multitask required on-time multiple interface experience platform management degree degree salary opening process dynamic job skills contribute dynamic permanent visual benefits customer required guidance benefits on-time management industry team required expert guidance develop resume job benefits on-time resume sales strong industry starter guidance required required growth technologies sales sales customer required resume visual initiative concepts management
http,{N5Y3-D5SU73XV-7138YPZY},07/15/2010 13:01:51,CKP0630,PC-4612,http://monster.com/WboUhagvat1180707852.html,Job Hunting,customer resume report experience experience required customer opening salary start on-time develop passion resume skills management develop team responsibilities equivalent contribute concepts customer sales years strong resume on-time experience concepts contribute skills compensation skills responsibilities team management team multiple starter guidance multiple strong report analyze technologies people job experience team customer people starter multiple degree strong passion platform strong customer guidance skills on-time sales
http,{C6G4-C7KQ05MX-6607EQCV},07/15/2010 13:11:06,CKP0630,PC-4612,http://lockheedmartin.com/WboUhagvat1636367808.htm,Job Hunting,concepts develop skills responsibilities initiative management permanent passion skills on-line resume concepts experience concepts resume on-time strong compensation permanent platform passion platform growth equivalent responsibilities people required develop expert resume report start technologies analyze job people skills multitask customer required team multiple responsibilities expert interface skills technologies platform on-line passion management
http,{N6I2-B4BC53UL-7363YNGZ},07/15/2010 14:03:08,CKP0630,PC-4612,http://lockheedmartin.com/WboUhagvat1636367808.htm,Job Hunting,growth technologies multiple opening permanent on-time years multitask opening technologies multitask start contribute equivalent multitask engineer industry start years resume resume years growth responsibilities people experience responsibilities initiative hours degree multiple interface hours interface team required salary technologies guidance opening initiative report passion multiple equivalent industry industry hours strong years initiative industry salary responsibilities job concepts initiative
http,{Q9J0-P6MK39KD-6906YMON},07/15/2010 15:13:52,CKP0630,PC-4612,http://monster.com/WboUhagvat1180707852.html,Job Hunting,responsibilities benefits resume dynamic strong skills passion equivalent starter multitask people sales skills skills contribute compensation process equivalent technologies customer guidance responsibilities passion management experience analyze part-time analyze team benefits multitask resume sales customer skills develop interface platform degree customer benefits people expert industry technologies dynamic develop resume salary resume
http,{Z7Z5-X5UW15PK-7671IETW},07/16/2010 08:29:03,CKP0630,PC-4612,http://lockheedmartin.com/WboUhagvat1636367808.htm,Job Hunting,start required on-time develop team people compensation customer experience permanent initiative self growth people equivalent growth on-time report customer industry multitask growth resume skills report multiple management management customer analyze responsibilities starter interface team equivalent expert multiple job technologies years sales multitask compensation develop required hours
http,{O4D1-M7KW00LM-6146EDHV},07/16/2010 08:52:52,CKP0630,PC-4612,http://lockheedmartin.com/WboUhagvat1636367808.htm,Job Hunting,initiative team job job resume start job contribute degree resume dynamic starter benefits people equivalent develop customer start report responsibilities concepts multitask dynamic engineer platform on-line skills passion customer required concepts concepts on-time strong degree develop team salary responsibilities report responsibilities people resume required permanent technologies sales on-time sales
http,{Z9B0-T9HI53AG-6587HDNH},07/16/2010 10:31:20,CKP0630,PC-4612,http://yahoo.com/hotjobs/WboUhagvat752138490.php,Job Hunting,passion experience skills self degree guidance sales compensation guidance benefits industry customer technologies visual hours benefits people strong years experience multitask years customer team recruiter interface multitask responsibilities experience job passion team industry job growth equivalent customer job analyze develop expert responsibilities customer on-time compensation multitask customer analyze experience
http,{J0F6-G8GJ72EN-3760YXDW},07/16/2010 11:14:04,CKP0630,PC-4612,http://lockheedmartin.com/WboUhagvat1636367808.htm,Job Hunting,resume resume technologies benefits customer resume responsibilities sales responsibilities start people resume team dynamic guidance dynamic skills platform analyze degree experience multiple passion responsibilities experience required people dynamic customer degree team experience growth dynamic sales job concepts guidance skills experience dynamic industry strong job management people interface years on-line process skills resume multitask
http,{C2F3-Q6RP63EN-4136JKKD},07/16/2010 11:48:48,CKP0630,PC-4612,http://monster.com/WboUhagvat1180707852.html,Job Hunting,multitask multiple expert develop management engineer process skills develop degree years sales resume develop responsibilities self equivalent passion hours dynamic years permanent strong responsibilities benefits equivalent strong resume customer equivalent visual degree initiative guidance guidance customer experience concepts growth guidance responsibilities starter people opening
http,{Q4K6-T5QQ70OH-1067AFAA},07/16/2010 13:18:55,CKP0630,PC-4612,http://linkedin.com/WboUhagvat1479839504.aspx,Job Hunting,self concepts compensation interface equivalent customer resume resume self multitask job strong years compensation concepts required strong opening resume experience customer sales report compensation report job customer experience degree resume salary expert relocation resume people customer sales responsibilities contribute dynamic visual multitask customer multiple
http,{J1G3-K4ZB01LO-7812EZWM},07/16/2010 14:14:39,CKP0630,PC-4612,http://monster.com/WboUhagvat1180707852.html,Job Hunting,analyze skills compensation platform self multiple responsibilities equivalent on-time equivalent multitask industry multitask platform report job passion process self process opening industry people on-time expert team customer opening process concepts years salary benefits degree contribute benefits customer team interface degree expert contribute
http,{M5K2-M8ZY09DP-4116VNLX},07/19/2010 08:48:36,CKP0630,PC-4612,http://monster.com/WboUhagvat1180707852.html,Job Hunting,on-time technologies start process self required benefits on-time growth part-time customer report opening growth years management strong benefits multiple skills degree years experience opening guidance contribute dynamic growth multitask skills experience degree permanent sales responsibilities responsibilities experience report sales team permanent
http,{F3K9-X4RO13RW-7078ZSXO},07/19/2010 08:56:48,CKP0630,PC-4612,http://lockheedmartin.com/WboUhagvat1636367808.htm,Job Hunting,team platform experience customer management people job industry interface start contribute initiative team benefits benefits equivalent multitask growth multiple required team years multitask contribute dynamic passion platform years resume customer benefits multitask contribute multitask industry
http,{U1T8-M5EK63UV-7490AVTX},07/19/2010 09:32:25,CKP0630,PC-4612,http://lockheedmartin.com/WboUhagvat1636367808.htm,Job Hunting,team report opening years multitask experience skills customer initiative customer opening sales dynamic passion skills years years engineer concepts contribute report years growth experience guidance concepts degree guidance customer
http,{Q1S8-M2EE77ZA-3959MXXE},07/19/2010 10:37:37,CKP0630,PC-4612,http://monster.com/WboUhagvat1180707852.html,Job Hunting,initiative start initiative technologies platform equivalent skills compensation develop start required passion passion salary degree skills technologies skills industry required on-time initiative industry multitask interface analyze people team years sales years experience years team report multiple strong initiative start initiative platform multiple
http,{X1X6-W6LA09RX-1758KAET},07/19/2010 10:39:32,CKP0630,PC-4612,http://lockheedmartin.com/WboUhagvat1636367808.htm,Job Hunting,growth people dynamic management initiative initiative multitask equivalent dynamic customer job equivalent skills skills people multiple on-time multitask job sales benefits start multiple multitask equivalent experience opening contribute technologies growth report contribute contribute job report technologies interface visual initiative customer initiative customer permanent process platform engineer
http,{H0T7-S7OH12VO-5003YUFD},07/19/2010 11:46:58,CKP0630,PC-4612,http://simplyhired.com/WboUhagvat57469130.jsp,Job Hunting,required develop multiple process platform develop analyze benefits growth years skills report platform recruiter team dynamic customer multiple resume guidance permanent skills develop benefits resume multitask team concepts self sales years dynamic degree years on-line develop sales opening benefits platform team customer on-time experience multiple experience team job guidance experience develop compensation customer process start guidance equivalent years management
http,{B8W1-P8UZ01VF-2942OOSP},07/19/2010 13:30:37,CKP0630,PC-4612,http://lockheedmartin.com/WboUhagvat1636367808.htm,Job Hunting,customer analyze management concepts visual resume job degree multitask responsibilities responsibilities visual management permanent team multitask initiative equivalent recruiter guidance years passion strong start team analyze analyze job years concepts expert industry job start skills experience interface starter sales resume permanent expert team experience multiple experience start self process team on-line multitask dynamic people hours management process
http,{N8Y2-P4PT63IC-2607VAVR},07/19/2010 14:13:52,CKP0630,PC-4612,http://monster.com/WboUhagvat1180707852.html,Job Hunting,passion years resume years benefits growth salary growth compensation team dynamic degree skills process hours report people skills experience on-time process guidance compensation interface equivalent permanent responsibilities industry develop industry degree platform on-time interface salary management skills years process responsibilities team
http,{F9N9-P4KL27CO-2255FHNQ},07/19/2010 14:39:00,CKP0630,PC-4612,http://lockheedmartin.com/WboUhagvat1636367808.htm,Job Hunting,sales degree required multitask degree equivalent required benefits contribute responsibilities opening report resume management strong passion industry passion permanent dynamic growth equivalent industry equivalent required experience develop start degree strong on-line part-time passion required team multiple strong process salary customer management dynamic expert
http,{I7Z5-Q6QB55EE-3837HEKW},07/20/2010 08:29:22,CKP0630,PC-4612,http://lockheedmartin.com/WboUhagvat1636367808.htm,Job Hunting,contribute develop team dynamic industry equivalent concepts contribute growth contribute team responsibilities guidance customer part-time initiative required skills experience team equivalent initiative start people develop people platform customer experience experience benefits team multitask required interface team multitask technologies interface report opening passion responsibilities experience permanent skills
http,{L0W3-T1HI91FX-8689YDTM},07/20/2010 09:26:44,CKP0630,PC-4612,http://jobhuntersbible.com/WboUhagvat1258877042.aspx,Job Hunting,experience job engineer industry degree multitask people on-time on-time multiple strong starter benefits engineer call management team job passion permanent responsibilities permanent responsibilities degree growth experience starter team strong required growth start equivalent analyze responsibilities team hours multiple people multitask industry job technologies
http,{S8K4-B4OW12HD-7451UIRL},07/20/2010 11:19:12,CKP0630,PC-4612,http://lockheedmartin.com/WboUhagvat1636367808.htm,Job Hunting,multiple responsibilities multiple process permanent salary people industry years self dynamic process equivalent platform skills years strong people years customer guidance technologies platform strong responsibilities develop initiative degree required experience hours technologies growth call benefits responsibilities people start on-time strong starter experience self interface responsibilities salary required start years growth job skills industry
http,{G9L9-R9GQ24CF-5645EICC},07/20/2010 11:23:34,CKP0630,PC-4612,http://monster.com/WboUhagvat1180707852.html,Job Hunting,multiple relocation sales process experience responsibilities resume on-time guidance on-time develop skills growth guidance interface guidance benefits growth develop sales degree opening permanent skills opening opening start people skills industry resume dynamic develop salary on-time multitask years dynamic experience management multitask develop technologies contribute team management equivalent
email,{B9N1-Z9WC97AQ-1416LSOV},07/20/2010 11:28:44,CKP0630,PC-4612,Mcgowan-Graiden@northropgrumman.com,,,Carissa.Kaye.Parsons@dtaa.com,Send,35741,,Job Hunting,interface industry develop years permanent benefits self sales starter management multitask technologies responsibilities responsibilities on-time self permanent job expert skills management concepts hours multitask multiple growth skills responsibilities growth start years permanent required team customer compensation experience skills start years growth expert equivalent management permanent engineer management experience experience hours resume analyze report concepts concepts required management starter skills multiple contribute management
email,{I6U7-L9HW27FU-4621GKTW},07/20/2010 11:38:35,CKP0630,PC-4612,Mcgowan-Graiden@northropgrumman.com,,,Carissa.Kaye.Parsons@dtaa.com,Send,28267,,Job Hunting,experience required on-time visual growth develop platform resume concepts experience job contribute experience multiple process contribute part-time passion guidance on-line benefits people strong opening passion responsibilities on-line responsibilities start interface required experience job salary on-line expert resume technologies skills team customer experience equivalent sales responsibilities degree visual customer people management technologies initiative start sales degree multitask initiative permanent
http,{C3R1-J1RM91MR-1186HWNX},07/20/2010 11:57:03,CKP0630,PC-4612,http://lockheedmartin.com/WboUhagvat1636367808.htm,Job Hunting,industry starter platform initiative develop part-time passion experience initiative compensation responsibilities opening analyze salary responsibilities report responsibilities skills equivalent equivalent opening benefits management equivalent required benefits strong strong strong responsibilities industry develop job process benefits management engineer passion sales strong develop dynamic develop benefits sales analyze part-time skills passion passion compensation multiple years management responsibilities compensation analyze people multitask develop develop years multiple
http,{A2U8-R0CJ38PY-4869TMNP},07/20/2010 12:37:45,CKP0630,PC-4612,http://lockheedmartin.com/WboUhagvat1636367808.htm,Job Hunting,initiative contribute benefits equivalent concepts guidance start interface opening required multitask analyze analyze required years industry required strong resume customer growth industry permanent degree skills skills sales start job resume strong guidance guidance concepts self passion technologies initiative growth experience initiative multiple management multiple customer required experience guidance part-time develop passion
http,{G6B3-L5RE98BF-2406IFJX},07/20/2010 13:03:18,CKP0630,PC-4612,http://northropgrumman.com/WboUhagvat572113271.aspx,Job Hunting,team platform self develop required degree multitask experience skills years interface interface sales management responsibilities customer sales required years skills platform required hours dynamic growth initiative resume strong customer resume job interface sales people years develop sales industry experience years report
http,{L1Z5-P7ND93WW-3836AWML},07/20/2010 13:34:47,CKP0630,PC-4612,http://lockheedmartin.com/WboUhagvat1636367808.htm,Job Hunting,multitask develop develop compensation concepts years call passion analyze develop sales relocation resume management responsibilities develop benefits multiple multitask skills resume start develop job benefits experience benefits industry responsibilities guidance dynamic resume interface multitask responsibilities engineer equivalent technologies develop strong multiple multiple responsibilities interface people report required responsibilities starter report experience responsibilities years team years self multitask passion technologies technologies initiative engineer analyze degree years team
http,{A0V5-I0WN39AW-0128MWNK},07/20/2010 13:59:31,CKP0630,PC-4612,http://linkedin.com/WboUhagvat1479839504.aspx,Job Hunting,opening passion growth sales guidance sales on-time starter team growth resume initiative develop technologies on-time customer experience self job contribute team team multitask experience experience permanent analyze skills skills multitask interface benefits customer degree skills customer contribute permanent interface years people degree management industry on-time years interface growth degree
http,{C6H8-N2PL73IJ-2379GHMZ},07/20/2010 14:07:54,CKP0630,PC-4612,http://jobhuntersbible.com/WboUhagvat1258877042.aspx,Job Hunting,develop permanent concepts interface years develop sales opening process develop skills years multitask resume job multitask multiple required passion interface years analyze sales experience growth growth passion strong starter resume develop strong resume opening required job industry growth starter develop technologies platform degree sales concepts relocation growth dynamic multitask required guidance management team people team
http,{V8D2-B5XU38LE-4140CZHC},07/21/2010 11:15:26,CKP0630,PC-4612,http://lockheedmartin.com/WboUhagvat1636367808.htm,Job Hunting,benefits develop part-time equivalent passion people expert years report analyze required growth resume experience hours management degree equivalent experience resume experience opening start team report years passion compensation technologies concepts people job responsibilities start growth start permanent strong growth interface contribute multiple platform on-line passion job contribute report start concepts
http,{G9Y9-O9PD95CR-1054VAUT},07/21/2010 12:41:05,CKP0630,PC-4612,http://lockheedmartin.com/WboUhagvat1636367808.htm,Job Hunting,salary resume experience develop benefits people strong management team required equivalent starter job platform industry interface technologies interface hours strong passion years compensation develop interface technologies degree develop people compensation management start equivalent industry resume people years industry guidance industry starter on-time start dynamic job concepts management sales responsibilities degree years opening permanent skills initiative responsibilities
http,{T2S8-Y1CK78LQ-7306AFEV},07/21/2010 13:01:37,CKP0630,PC-4612,http://monster.com/WboUhagvat1180707852.html,Job Hunting,report people skills interface guidance growth years compensation required platform platform resume team responsibilities technologies management growth sales initiative initiative growth part-time growth responsibilities responsibilities process benefits start dynamic experience people management equivalent contribute degree management salary skills platform opening team expert report degree experience analyze sales guidance years on-time
http,{O1K2-L7WL09UE-9708DQRA},07/21/2010 14:58:28,CKP0630,PC-4612,http://linkedin.com/WboUhagvat1479839504.aspx,Job Hunting,call platform concepts relocation technologies salary job years degree skills interface customer responsibilities growth multitask part-time degree hours engineer team team visual on-time develop start degree required guidance experience passion contribute required skills skills opening interface equivalent industry visual skills
http,{W4X8-X9OD89ES-0227OIQH},07/21/2010 15:16:49,CKP0630,PC-4612,http://linkedin.com/WboUhagvat1479839504.aspx,Job Hunting,technologies start visual salary multiple customer opening contribute skills process develop customer expert required sales call team resume customer permanent sales strong team permanent people guidance industry sales interface multitask industry on-time years report multitask required on-time team people permanent contribute customer opening compensation people opening starter contribute guidance team contribute report report contribute develop
http,{M2W2-D9FO64ZH-1632CJXI},07/21/2010 15:33:58,CKP0630,PC-4612,http://jobhuntersbible.com/WboUhagvat1258877042.aspx,Job Hunting,job required initiative compensation self opening equivalent skills degree starter skills required platform on-time hours guidance resume strong skills job degree responsibilities sales initiative benefits team benefits job hours customer equivalent passion concepts analyze
http,{P5Q1-F8WY61EP-4323YYXA},07/22/2010 09:48:26,CKP0630,PC-4612,http://lockheedmartin.com/WboUhagvat1636367808.htm,Job Hunting,platform concepts required years process responsibilities customer technologies experience technologies growth self initiative equivalent required resume technologies develop start sales job responsibilities responsibilities technologies technologies develop resume growth multiple management required multitask platform job initiative resume
http,{Y5W9-Q1ZE61ML-2175OAAJ},07/22/2010 11:12:06,CKP0630,PC-4612,http://lockheedmartin.com/WboUhagvat1636367808.htm,Job Hunting,hours multitask customer initiative multitask develop sales concepts opening team start strong develop sales develop part-time multitask initiative self start self self equivalent self interface multitask develop multiple experience on-time team develop required multitask job benefits concepts job on-time on-time call industry job contribute equivalent benefits responsibilities management growth on-time develop resume
http,{A9G7-T3SO95ZI-4233BPUZ},07/22/2010 13:59:21,CKP0630,PC-4612,http://monster.com/WboUhagvat1180707852.html,Job Hunting,team process equivalent equivalent passion contribute multiple opening years equivalent technologies passion experience expert starter required sales years salary responsibilities required technologies experience experience guidance process equivalent years report opening job multiple team team required people resume skills strong growth degree degree develop growth initiative multiple platform
http,{Y7C1-S1GM09WG-9766HUCB},07/23/2010 10:26:58,CKP0630,PC-4612,http://jobhuntersbible.com/WboUhagvat1258877042.aspx,Job Hunting,multiple degree initiative team concepts people on-time job sales strong years resume experience customer concepts sales years concepts skills passion contribute customer growth equivalent permanent permanent industry multiple resume multitask strong resume required people management guidance develop platform call multiple contribute years opening start benefits salary multiple report initiative required multitask
http,{C9O8-Y9AR83BU-6949ZPRO},07/23/2010 10:36:16,CKP0630,PC-4612,http://monster.com/WboUhagvat1180707852.html,Job Hunting,skills required experience on-line customer permanent benefits job guidance degree people platform process sales relocation degree responsibilities degree multiple job process responsibilities equivalent compensation opening growth guidance strong process passion technologies start responsibilities equivalent interface required guidance
http,{X9I1-Z5SF70RJ-5627BBNW},07/23/2010 14:26:55,CKP0630,PC-4612,http://lockheedmartin.com/WboUhagvat1636367808.htm,Job Hunting,degree experience years salary guidance skills develop required develop people salary opening equivalent team experience required part-time contribute starter skills degree multiple required strong equivalent skills sales management initiative responsibilities management contribute benefits job equivalent required opening responsibilities multitask industry experience platform dynamic contribute required job guidance dynamic
http,{C6W8-T4MG28TZ-4415KLIQ},07/23/2010 14:38:56,CKP0630,PC-4612,http://monster.com/WboUhagvat1180707852.html,Job Hunting,initiative people passion multitask equivalent start management years job guidance platform responsibilities industry passion platform strong guidance experience experience industry years contribute equivalent experience industry people skills job multiple
http,{J8W2-P3ZG47NX-7118WLSV},07/26/2010 07:52:04,CKP0630,PC-4612,http://monster.com/WboUhagvat1180707852.html,Job Hunting,required process contribute start people multiple strong required multitask visual resume equivalent skills opening passion job experience initiative permanent strong opening responsibilities salary contribute on-time
http,{D4M9-Q2XL92SG-5292RVZH},07/26/2010 08:10:11,CKP0630,PC-4612,http://yahoo.com/hotjobs/WboUhagvat752138490.php,Job Hunting,starter on-line required equivalent experience growth self degree resume concepts sales strong opening experience expert on-line responsibilities contribute develop technologies on-time degree permanent customer interface job salary management analyze equivalent report technologies multiple report people years industry
http,{B0E1-E3SV04PK-6516UUDD},07/26/2010 08:48:45,CKP0630,PC-4612,http://monster.com/WboUhagvat1180707852.html,Job Hunting,on-time opening platform responsibilities benefits self interface strong management resume expert analyze team interface report multiple years passion concepts degree compensation part-time growth job team on-line develop multitask sales team contribute job interface growth initiative
http,{S2O9-H7MG11YI-9374OSZC},07/26/2010 09:00:07,CKP0630,PC-4612,http://linkedin.com/WboUhagvat1479839504.aspx,Job Hunting,strong growth analyze platform start people experience management experience required equivalent sales compensation call platform years part-time team team growth management platform job resume required years degree customer initiative skills job compensation responsibilities multitask job concepts strong passion management industry responsibilities
http,{J1T7-H3NM49WU-7354XHJI},07/26/2010 09:09:02,CKP0630,PC-4612,http://northropgrumman.com/WboUhagvat572113271.aspx,Job Hunting,opening expert contribute degree growth experience permanent multitask sales salary team years platform initiative starter degree technologies dynamic experience self resume starter technologies management technologies management required process experience contribute experience growth process multiple multitask team strong start equivalent multiple develop multiple strong customer job dynamic report analyze platform contribute degree management contribute customer management sales degree management required
http,{K1H4-R1MB89UE-6262SQAL},07/26/2010 09:34:16,CKP0630,PC-4612,http://lockheedmartin.com/WboUhagvat1636367808.htm,Job Hunting,concepts analyze analyze benefits skills management starter engineer process interface required people concepts permanent skills multitask skills years management years process on-time degree degree contribute team interface guidance process start years team required experience experience team technologies develop dynamic multiple platform concepts strong concepts years multitask skills start experience
http,{V7N7-A2IH60KK-3789ZORJ},07/26/2010 09:45:21,CKP0630,PC-4612,http://craigslist.org/WboUhagvat1105403916.aspx,Job Hunting,resume multitask permanent start report dynamic expert resume years opening start compensation opening customer part-time industry self report resume responsibilities on-line industry dynamic passion salary passion skills experience recruiter years interface technologies starter salary platform growth analyze experience management salary dynamic responsibilities process years strong
http,{J5P0-C9RL16BJ-0809NPWP},07/26/2010 10:50:53,CKP0630,PC-4612,http://lockheedmartin.com/WboUhagvat1636367808.htm,Job Hunting,dynamic develop start technologies initiative skills self self experience salary permanent sales on-time contribute start sales on-line contribute job develop develop multiple customer required resume compensation contribute required dynamic years multiple responsibilities initiative people concepts interface people passion degree resume multiple concepts resume people management skills industry required growth industry responsibilities self passion opening job years
http,{G0P8-S1RW12KW-8718HIVY},07/26/2010 13:58:18,CKP0630,PC-4612,http://monster.com/WboUhagvat1180707852.html,Job Hunting,multiple team job growth initiative report degree technologies guidance guidance team platform experience experience opening passion growth degree resume sales passion multiple benefits hours dynamic growth dynamic industry resume process multiple analyze concepts resume contribute interface team report dynamic multiple dynamic team team strong experience equivalent sales degree skills years interface
http,{T5Q6-U3OT87QI-6956WSPJ},07/26/2010 14:05:00,CKP0630,PC-4612,http://monster.com/WboUhagvat1180707852.html,Job Hunting,salary management job years develop analyze multiple on-time years job concepts permanent experience sales start resume contribute management on-time degree experience interface customer team team sales degree team customer benefits process experience responsibilities part-time guidance process degree interface compensation analyze analyze passion permanent degree people multiple job industry opening required self strong
http,{N5G7-E7JJ39BL-9698REVL},07/27/2010 09:48:35,CKP0630,PC-4612,http://monster.com/WboUhagvat1180707852.html,Job Hunting,experience equivalent experience sales multitask guidance interface report dynamic required strong dynamic benefits management starter part-time skills interface dynamic platform required concepts part-time required expert analyze self multiple self industry recruiter strong responsibilities customer resume industry develop experience passion degree technologies experience self team develop multitask
http,{O1D1-O3VK44MG-8821HVWC},07/27/2010 10:32:55,CKP0630,PC-4612,http://northropgrumman.com/WboUhagvat572113271.aspx,Job Hunting,platform resume job management equivalent start resume required skills customer required contribute initiative responsibilities customer customer opening growth process contribute strong equivalent technologies dynamic strong management report dynamic years hours management experience growth compensation skills passion starter experience self skills contribute resume sales technologies responsibilities industry permanent platform
http,{S0I6-N5MU58MC-2582KZPJ},07/28/2010 12:14:22,CKP0630,PC-4612,http://lockheedmartin.com/WboUhagvat1636367808.htm,Job Hunting,develop customer multitask opening customer degree interface multitask report degree salary years multiple required benefits dynamic dynamic growth resume passion benefits contribute job technologies degree analyze industry concepts on-time people management dynamic multiple part-time develop required engineer resume interface passion process skills growth interface job customer job management passion
http,{T6D5-D5WI27GP-0531ECFV},07/28/2010 14:55:38,CKP0630,PC-4612,http://lockheedmartin.com/WboUhagvat1636367808.htm,Job Hunting,years team resume report interface equivalent starter multitask recruiter start start passion customer resume strong multitask growth industry experience interface experience job equivalent opening multitask resume initiative develop analyze responsibilities job report contribute contribute multiple concepts salary on-line platform concepts develop develop passion passion initiative starter years degree multiple years sales process initiative responsibilities
device,{B5F1-U3CZ11GE-2647OWDF},07/29/2010 10:22:37,CKP0630,PC-4612,R:\;R:\CKP0630;R:\29Mkhh0,Connect
device,{M3B3-G0DY43DB-7414FDPJ},07/29/2010 10:26:24,CKP0630,PC-4612,,Disconnect
device,{J2H1-W1TQ18EB-3100YDCU},07/29/2010 10:27:55,CKP0630,PC-4612,R:\;R:\CKP0630;R:\29Mkhh0,Connect
device,{X5A0-K3JH77JK-0124THRM},07/29/2010 10:50:23,CKP0630,PC-4612,,Disconnect
device,{E7U3-O5YZ80FB-8242UVKL},07/29/2010 11:03:05,CKP0630,PC-4612,R:\;R:\CKP0630;R:\29Mkhh0,Connect
device,{D3Q9-V4KN09PI-4845KEAE},07/29/2010 11:04:36,CKP0630,PC-4612,,Disconnect
device,{E3L1-I2HV31VT-4667JYQK},07/29/2010 11:10:05,CKP0630,PC-4612,R:\;R:\CKP0630;R:\29Mkhh0,Connect
device,{L1B9-M4DN84HE-3783IRAL},07/29/2010 11:11:34,CKP0630,PC-4612,,Disconnect
device,{I5C5-D2YH77HI-4417KYKC},07/29/2010 11:13:17,CKP0630,PC-4612,R:\;R:\CKP0630;R:\29Mkhh0,Connect
device,{S7S6-Q7YJ67MX-8122QBGW},07/29/2010 11:16:33,CKP0630,PC-4612,,Disconnect
device,{E1Q7-T7UV65OK-8973TFMJ},07/29/2010 11:22:47,CKP0630,PC-4612,R:\;R:\CKP0630;R:\29Mkhh0,Connect
device,{Z8P4-C7HK06LP-6316MCHV},07/29/2010 11:55:54,CKP0630,PC-4612,,Disconnect
device,{S0Q4-K2SL48KJ-4814OWYJ},07/29/2010 12:04:30,CKP0630,PC-4612,R:\;R:\CKP0630;R:\29Mkhh0,Connect
device,{Y1I0-E4NV94KK-7345IJEX},07/29/2010 12:06:21,CKP0630,PC-4612,,Disconnect
device,{O7M8-I0RV18HK-9894ISJN},08/03/2010 08:34:15,CKP0630,PC-4612,R:\;R:\CKP0630;R:\29Mkhh0,Connect
device,{Q2Y7-Z2EB32JM-1840WYFG},08/03/2010 09:00:14,CKP0630,PC-4612,,Disconnect
device,{A1Q5-H1BG57KE-4458JHUW},08/03/2010 09:34:55,CKP0630,PC-4612,R:\;R:\CKP0630;R:\29Mkhh0,Connect
device,{A2N3-R5GT73DL-1085RRRO},08/03/2010 09:42:20,CKP0630,PC-4612,,Disconnect
device,{U3U0-H6VP44FX-8142NFWZ},08/03/2010 12:19:30,CKP0630,PC-4612,R:\;R:\CKP0630;R:\29Mkhh0,Connect
device,{R0I4-N8ZP96CG-6184ZKON},08/03/2010 12:45:24,CKP0630,PC-4612,,Disconnect
device,{I2F2-R1OT25TZ-7830ZDPZ},08/03/2010 12:55:00,CKP0630,PC-4612,R:\;R:\CKP0630;R:\29Mkhh0,Connect
device,{R2Q2-J5TJ84RC-3087KJPZ},08/03/2010 13:21:44,CKP0630,PC-4612,,Disconnect
device,{X9D8-D6LR39VN-5863NSGO},08/03/2010 13:37:51,CKP0630,PC-4612,R:\;R:\CKP0630;R:\29Mkhh0,Connect
device,{Y5S5-E0IX63UB-4793VHOS},08/03/2010 13:39:56,CKP0630,PC-4612,,Disconnect
device,{K7B2-V1BE40XR-3897DIIZ},08/06/2010 09:04:27,CKP0630,PC-4612,R:\;R:\CKP0630;R:\29Mkhh0,Connect
device,{Y2T3-I8JC50CH-5620LXAW},08/06/2010 09:04:32,CKP0630,PC-4612,,Disconnect
device,{T3M4-G9SA35CA-7290SMEK},08/06/2010 09:17:13,CKP0630,PC-4612,R:\;R:\CKP0630;R:\29Mkhh0,Connect
device,{D7K5-I2ZM55AU-7044NRLE},08/06/2010 09:26:14,CKP0630,PC-4612,,Disconnect
device,{W7H8-N4AE59PW-2340URGD},08/06/2010 09:37:14,CKP0630,PC-4612,R:\;R:\CKP0630;R:\29Mkhh0,Connect
device,{T6T0-M7HD20WO-7645ONGX},08/06/2010 09:39:00,CKP0630,PC-4612,,Disconnect
device,{W7H9-Q6JE61DW-2641QOBE},08/06/2010 09:39:56,CKP0630,PC-4612,R:\;R:\CKP0630;R:\29Mkhh0,Connect
device,{K3D4-G2ZF65OM-6320GTMC},08/06/2010 10:19:42,CKP0630,PC-4612,,Disconnect
device,{K3J5-K0LY97WX-7030RGKG},08/06/2010 10:32:08,CKP0630,PC-4612,R:\;R:\CKP0630;R:\29Mkhh0,Connect
device,{G4J3-U5CV26JW-5152ZMDJ},08/06/2010 10:42:00,CKP0630,PC-4612,,Disconnect
device,{E7P0-S3VZ84YG-6653NJSW},08/06/2010 12:45:20,CKP0630,PC-4612,R:\;R:\CKP0630;R:\29Mkhh0,Connect
device,{B7K9-X2EA88OB-7821PEXO},08/06/2010 12:48:38,CKP0630,PC-4612,,Disconnect
device,{V8Q2-C9HC41EV-8369RJBV},08/06/2010 13:21:51,CKP0630,PC-4612,R:\;R:\CKP0630;R:\29Mkhh0,Connect
device,{L1G8-X5GQ88QF-1127EBPE},08/06/2010 13:24:19,CKP0630,PC-4612,,Disconnect
device,{K8H9-I7NU29UP-0556FYCH},08/09/2010 08:08:50,CKP0630,PC-4612,R:\;R:\CKP0630;R:\29Mkhh0,Connect
device,{B9W5-R4OG90KD-6924QEVE},08/09/2010 08:53:23,CKP0630,PC-4612,,Disconnect
device,{E8V3-M7XK77TE-4267MYYZ},08/09/2010 08:55:21,CKP0630,PC-4612,R:\;R:\CKP0630;R:\29Mkhh0,Connect
device,{O0L6-D3ET48OQ-4020VZSB},08/09/2010 08:57:57,CKP0630,PC-4612,,Disconnect
device,{G2F3-I2GN07IV-4643DIHK},08/09/2010 10:44:00,CKP0630,PC-4612,R:\;R:\CKP0630;R:\29Mkhh0,Connect
device,{B2N3-D0NI06XZ-8285VGNW},08/09/2010 10:51:03,CKP0630,PC-4612,,Disconnect
device,{K0E2-G6SU06IB-2328CZES},08/09/2010 11:04:43,CKP0630,PC-4612,R:\;R:\CKP0630;R:\29Mkhh0,Connect
device,{A0E6-Q3FY92TK-4220JXLO},08/09/2010 11:07:04,CKP0630,PC-4612,,Disconnect
device,{Z0T4-V7RD93MC-2960GRJY},08/09/2010 13:57:43,CKP0630,PC-4612,R:\;R:\CKP0630;R:\29Mkhh0,Connect
device,{P6Y5-F1VO58UA-3619LEXM},08/09/2010 14:08:42,CKP0630,PC-4612,,Disconnect
device,{K4W2-R7KF97LN-8957LIPM},08/09/2010 14:30:45,CKP0630,PC-4612,R:\;R:\CKP0630;R:\29Mkhh0,Connect
device,{B5G5-Y6HO95FV-0387QHTS},08/09/2010 15:14:55,CKP0630,PC-4612,,Disconnect
email,{Q1X7-Y4VW49TP-7259BDUE},08/10/2010 08:24:41,CKP0630,PC-4612,Bradley.Tyrone.Nieves@dtaa.com,,,Carissa.Kaye.Parsons@dtaa.com,Send,24008,,JH I Quit,resignation 2 opportunity position key position opportunity letter resign of 2 resignation letter 2 resignation exit resign exit my notice position week my exit week week week 2 resign position key interview letter 2 interview resignation of thanks 2 my resignation key 2 2 week 2 of interview exit
device,{U4L5-V5BY39MP-7327ZFYD},08/12/2010 08:01:14,CKP0630,PC-4612,R:\;R:\CKP0630;R:\29Mkhh0,Connect
device,{Y4Z1-S7LI36VF-9056TTNK},08/12/2010 08:04:31,CKP0630,PC-4612,,Disconnect
device,{W8K7-N5NB12MR-1765XQWF},08/12/2010 08:17:30,CKP0630,PC-4612,R:\;R:\CKP0630;R:\29Mkhh0,Connect
device,{C5I0-S2ZL70PW-0710MDRQ},08/12/2010 10:03:27,CKP0630,PC-4612,,Disconnect
device,{X0Y3-O7OP24LW-6179SHPI},08/12/2010 10:06:19,CKP0630,PC-4612,R:\;R:\CKP0630;R:\29Mkhh0,Connect
device,{A2G4-Q7ZA82TU-8985YQDQ},08/12/2010 10:23:09,CKP0630,PC-4612,,Disconnect
device,{O6G7-Y4VZ15ZL-3452EBIF},08/12/2010 10:44:08,CKP0630,PC-4612,R:\;R:\CKP0630;R:\29Mkhh0,Connect
device,{L6G2-R0RL71AK-1430AEFH},08/12/2010 10:53:52,CKP0630,PC-4612,,Disconnect
device,{L1L2-K7OL54MC-3468AHHZ},08/12/2010 12:09:00,CKP0630,PC-4612,R:\;R:\CKP0630;R:\29Mkhh0,Connect
device,{F8M8-E9KY89LM-3513ZXGJ},08/12/2010 12:11:07,CKP0630,PC-4612,,Disconnect
device,{S7V3-P9NA29RT-4266CSPD},08/12/2010 12:22:40,CKP0630,PC-4612,R:\;R:\CKP0630;R:\29Mkhh0,Connect
device,{K7U3-U6LD54CW-8543ERIJ},08/12/2010 12:38:18,CKP0630,PC-4612,,Disconnect
device,{Z2E7-K9CW58JV-6340VAOP},08/13/2010 08:06:26,CKP0630,PC-4612,R:\;R:\CKP0630;R:\29Mkhh0,Connect
device,{Q7U7-F6CF84GY-8964MCRI},08/13/2010 08:46:29,CKP0630,PC-4612,,Disconnect
device,{M3Z4-D6DF54JE-8783JTIA},08/13/2010 08:48:06,CKP0630,PC-4612,R:\;R:\CKP0630;R:\29Mkhh0,Connect
device,{R6E9-J8CE57UO-6030SFAD},08/13/2010 09:10:07,CKP0630,PC-4612,,Disconnect
device,{K0Q5-F9CW24LT-9366WHVJ},08/13/2010 09:24:21,CKP0630,PC-4612,R:\;R:\CKP0630;R:\29Mkhh0,Connect
device,{S2G8-K7OS48TZ-8691FUCR},08/13/2010 09:25:22,CKP0630,PC-4612,,Disconnect
device,{E4Y1-H3AH72VP-4246ZCHJ},08/13/2010 11:40:02,CKP0630,PC-4612,R:\;R:\CKP0630;R:\29Mkhh0,Connect
device,{F4N6-S9PP09KZ-2579TXSZ},08/13/2010 11:56:00,CKP0630,PC-4612,,Disconnect
device,{B5U2-O9NI29VZ-6118DQPP},08/13/2010 11:56:32,CKP0630,PC-4612,R:\;R:\CKP0630;R:\29Mkhh0,Connect
device,{G2C7-Z8LY85RE-5856RELV},08/13/2010 12:25:35,CKP0630,PC-4612,,Disconnect
device,{H0A6-P3WY28TC-4425RZSK},08/13/2010 12:26:30,CKP0630,PC-4612,R:\;R:\CKP0630;R:\29Mkhh0,Connect
device,{X0M1-E5WU55SF-1894IZPQ},08/13/2010 12:41:02,CKP0630,PC-4612,,Disconnect
device,{I3P6-X0GF65HP-3324QGGU},08/13/2010 12:48:44,CKP0630,PC-4612,R:\;R:\CKP0630;R:\29Mkhh0,Connect
device,{Z3Q7-B2KQ55YG-2093NCTF},08/13/2010 12:59:03,CKP0630,PC-4612,,Disconnect
