http,{I8R0-G0DG65PJ-0944UVZI},12/20/2010 09:49:46,ITA0159,PC-4594,http://lockheedmartin.com/WboUhagvat1636367808.htm,Job Hunting,sales relocation experience skills passion strong multiple opening skills management strong dynamic skills degree degree passion on-time equivalent start team opening analyze on-time platform passion dynamic resume industry contribute required management skills degree develop people dynamic experience multitask strong part-time customer customer salary starter required contribute dynamic
http,{S5R2-J9YO86TY-5669TMFJ},12/20/2010 15:33:45,ITA0159,PC-4594,http://monster.com/WboUhagvat1180707852.html,Job Hunting,resume concepts degree management degree hours people experience customer degree benefits team resume benefits multitask team report industry call team years platform experience management on-time benefits job customer strong develop job growth platform job skills people required start multiple resume platform customer guidance years hours responsibilities passion platform years years people years skills years responsibilities opening passion degree years team hours start degree team contribute
http,{I1K0-G9GK95AP-7586WCOP},12/21/2010 07:54:48,ITA0159,PC-4594,http://jobhuntersbible.com/WboUhagvat1258877042.aspx,Job Hunting,industry years skills sales process opening initiative dynamic salary management skills equivalent contribute multitask report multitask report report analyze experience degree customer job self team salary concepts skills experience concepts benefits experience customer experience on-line benefits visual
http,{K4H8-Z0PK24MH-6866EMHI},12/21/2010 08:19:06,ITA0159,PC-4594,http://simplyhired.com/WboUhagvat57469130.jsp,Job Hunting,process multiple multiple analyze concepts growth responsibilities dynamic customer experience management initiative equivalent customer analyze platform interface self develop sales start relocation develop management report permanent years multitask equivalent develop experience experience management multitask multitask expert platform
http,{V9D3-D7VN05JV-5544SIQE},12/21/2010 09:29:38,ITA0159,PC-4594,http://lockheedmartin.com/WboUhagvat1636367808.htm,Job Hunting,permanent engineer experience multitask management interface sales concepts guidance initiative initiative develop skills contribute people multitask skills hours benefits responsibilities equivalent years on-time degree sales report growth opening concepts experience degree equivalent report growth opening multiple industry initiative initiative platform people industry visual permanent report benefits degree years experience team growth growth
http,{U3F4-E9EI59NE-6864XNCK},12/21/2010 10:11:50,ITA0159,PC-4594,http://lockheedmartin.com/WboUhagvat1636367808.htm,Job Hunting,expert engineer multitask part-time contribute contribute develop customer resume contribute part-time multiple resume report technologies multiple technologies permanent analyze team management customer develop multitask salary equivalent required people contribute contribute contribute equivalent report skills technologies management technologies experience initiative sales relocation
http,{W6C0-O3JF41LX-2393UAOG},12/21/2010 10:25:49,ITA0159,PC-4594,http://northropgrumman.com/WboUhagvat572113271.aspx,Job Hunting,initiative growth team customer report degree benefits engineer dynamic sales skills on-line technologies guidance permanent degree people process job expert visual industry permanent required people industry report growth people multiple hours starter equivalent concepts concepts contribute interface engineer report strong skills equivalent required required job years part-time multitask benefits sales expert initiative expert sales expert industry dynamic equivalent analyze experience industry experience on-line job multiple platform technologies responsibilities team
http,{I3G5-U1KK19CF-6547ZTRE},12/21/2010 10:26:55,ITA0159,PC-4594,http://linkedin.com/WboUhagvat1479839504.aspx,Job Hunting,degree required job job permanent required part-time required part-time platform years on-line degree on-time resume customer interface relocation on-line management on-time customer sales experience resume growth passion customer platform skills multitask growth self resume passion required job start
http,{Q9J5-Y5VK65NQ-2484VYMP},12/21/2010 13:21:39,ITA0159,PC-4594,http://lockheedmartin.com/WboUhagvat1636367808.htm,Job Hunting,experience analyze years responsibilities required degree start resume required growth required develop customer multitask passion multiple passion responsibilities process benefits concepts team people concepts equivalent team years platform experience start benefits required multiple multitask report analyze technologies call develop contribute management passion report report benefits concepts benefits platform customer years responsibilities opening passion team salary on-time people resume platform dynamic degree develop platform skills job concepts visual growth guidance equivalent responsibilities resume
http,{X0P5-B6ES28QM-4039KTDN},12/21/2010 13:42:36,ITA0159,PC-4594,http://lockheedmartin.com/WboUhagvat1636367808.htm,Job Hunting,customer team start concepts start team multitask permanent degree concepts permanent process develop degree interface permanent passion report management responsibilities self skills years salary benefits expert degree passion visual responsibilities initiative people people technologies multiple responsibilities on-line start management analyze management resume concepts people job job required relocation customer years
http,{I9P7-E0YL19WZ-9399PHCG},12/21/2010 15:12:50,ITA0159,PC-4594,http://jobhuntersbible.com/WboUhagvat1258877042.aspx,Job Hunting,job interface degree experience develop job permanent people guidance resume team on-time multitask technologies required multiple initiative dynamic team skills growth passion management equivalent job multiple required industry start years responsibilities starter opening strong resume management management opening equivalent industry engineer benefits degree permanent platform skills on-time start resume initiative required strong analyze concepts
http,{N3A0-H9SM96DJ-6104XHYH},12/21/2010 15:20:07,ITA0159,PC-4594,http://monster.com/WboUhagvat1180707852.html,Job Hunting,experience concepts technologies skills skills concepts platform people team job report management degree job opening industry starter technologies dynamic resume resume strong visual job starter multiple multiple equivalent technologies experience multitask relocation job growth degree degree customer degree develop strong
http,{F4W4-X1DY72HV-5458JNTI},12/22/2010 08:20:04,ITA0159,PC-4594,http://monster.com/WboUhagvat1180707852.html,Job Hunting,initiative initiative people hours multiple expert dynamic start multiple concepts concepts permanent contribute analyze people required degree on-time multitask customer job strong team experience opening guidance experience passion initiative passion resume responsibilities growth experience process salary job job starter on-time
http,{U0D4-X5IP40LD-0378HHGX},12/22/2010 10:41:15,ITA0159,PC-4594,http://monster.com/WboUhagvat1180707852.html,Job Hunting,compensation management experience degree concepts experience team sales job engineer experience sales management responsibilities industry technologies team people start starter permanent growth recruiter team customer on-time management job skills industry interface call strong expert skills contribute expert responsibilities analyze multitask dynamic people sales years
http,{U5Y9-J4LV99YI-0164SSUP},12/22/2010 11:03:38,ITA0159,PC-4594,http://simplyhired.com/WboUhagvat57469130.jsp,Job Hunting,experience multiple initiative passion benefits passion passion opening years expert people compensation hours interface benefits sales team strong industry team responsibilities strong develop experience customer start opening report passion management customer starter opening multiple report multiple technologies permanent visual permanent salary growth customer guidance
http,{Y8V0-D0ZQ13WH-8442VMTN},12/22/2010 14:42:43,ITA0159,PC-4594,http://jobhuntersbible.com/WboUhagvat1258877042.aspx,Job Hunting,benefits technologies responsibilities multiple job process people report initiative experience passion team compensation strong required job passion growth engineer concepts responsibilities team multitask people required permanent strong years resume multitask customer people responsibilities permanent skills skills
http,{S9B3-V1PH75TQ-9101UIFV},12/27/2010 09:18:00,ITA0159,PC-4594,http://lockheedmartin.com/WboUhagvat1636367808.htm,Job Hunting,start strong job degree team technologies start start people people strong contribute dynamic responsibilities hours opening report self interface resume people develop report resume hours sales on-line analyze job resume contribute people responsibilities customer degree sales team required technologies concepts growth multitask part-time resume compensation platform benefits multitask responsibilities platform
http,{R6R0-N1KA11JE-5959VHJQ},12/27/2010 09:40:04,ITA0159,PC-4594,http://northropgrumman.com/WboUhagvat572113271.aspx,Job Hunting,years self customer concepts concepts management customer multiple analyze salary passion start relocation initiative benefits multitask contribute growth passion develop required equivalent responsibilities technologies customer analyze job dynamic start growth visual permanent customer team required multiple required experience benefits degree guidance guidance
http,{Y8K2-Z1GA69QR-7028QUKH},12/27/2010 11:47:00,ITA0159,PC-4594,http://simplyhired.com/WboUhagvat57469130.jsp,Job Hunting,permanent technologies job degree strong part-time permanent skills passion equivalent permanent equivalent compensation resume contribute degree concepts multitask multitask self team develop management analyze on-time industry opening technologies sales growth initiative technologies technologies interface multiple dynamic skills experience start technologies sales expert report
http,{W2W4-Y5YA95GY-2712OSCZ},12/27/2010 12:05:22,ITA0159,PC-4594,http://lockheedmartin.com/WboUhagvat1636367808.htm,Job Hunting,degree contribute initiative experience industry interface required develop analyze develop passion benefits passion experience sales industry industry experience develop team opening develop benefits opening skills degree on-time responsibilities dynamic responsibilities customer multitask platform required hours develop customer interface contribute degree multitask required people opening hours industry technologies report required hours customer starter equivalent equivalent
email,{C1Y9-W6PY87KB-2156TYSI},12/27/2010 15:04:14,ITA0159,PC-4594,UAH75@northropgrumman.com,,,Ina.Tallulah.Ayers@dtaa.com,Send,33433,,Job Hunting,experience relocation required people permanent guidance interface people report resume industry concepts analyze degree start resume concepts initiative permanent on-time concepts report start resume concepts growth years develop equivalent engineer start benefits platform expert multiple permanent degree skills salary analyze guidance resume skills skills starter expert experience responsibilities recruiter team interface multiple process start experience
http,{L0D0-R7AC26MU-5148EPOG},12/28/2010 08:09:20,ITA0159,PC-4594,http://jobhuntersbible.com/WboUhagvat1258877042.aspx,Job Hunting,team multiple initiative team multitask concepts starter expert experience benefits customer sales passion passion on-time job equivalent years passion start contribute multiple dynamic platform concepts interface platform required industry contribute years technologies guidance interface management guidance starter resume technologies technologies platform customer equivalent contribute multiple resume job skills start management responsibilities resume initiative skills job passion benefits skills responsibilities
http,{S2Q5-R1CH91SY-3578TAJX},12/28/2010 10:45:42,ITA0159,PC-4594,http://monster.com/WboUhagvat1180707852.html,Job Hunting,expert start guidance resume contribute passion resume technologies management people responsibilities start customer on-time team years customer experience start strong customer management develop industry salary concepts years required strong job required multitask opening growth salary sales process platform concepts process guidance equivalent skills develop people growth responsibilities degree years management management contribute passion contribute
http,{V7K9-X1OS07YX-6326HYAT},12/28/2010 11:24:06,ITA0159,PC-4594,http://linkedin.com/WboUhagvat1479839504.aspx,Job Hunting,resume required years start experience permanent platform start experience process visual self team years growth experience on-time resume sales equivalent dynamic degree concepts multiple start degree multitask multitask benefits guidance experience team passion interface report people develop opening years skills recruiter part-time passion multitask contribute resume degree customer benefits interface contribute contribute
http,{I8N6-A2LI00MF-1317SRFI},12/28/2010 12:12:36,ITA0159,PC-4594,http://jobhuntersbible.com/WboUhagvat1258877042.aspx,Job Hunting,process skills visual years report relocation on-time experience start interface management experience degree salary management dynamic management responsibilities job benefits self initiative resume customer equivalent industry customer concepts experience on-time compensation responsibilities contribute responsibilities degree platform sales skills salary multitask sales benefits process years initiative start skills process expert report experience
http,{P6B5-U8AH95KH-4989UAHX},12/28/2010 14:02:44,ITA0159,PC-4594,http://monster.com/WboUhagvat1180707852.html,Job Hunting,multiple process growth required skills guidance passion technologies multitask self contribute start develop technologies develop years passion sales dynamic team concepts develop resume multiple on-time start growth management degree required experience platform required starter responsibilities on-time years analyze starter interface industry equivalent permanent
http,{G0P6-X8PX24KC-0452LCHF},12/28/2010 15:42:14,ITA0159,PC-4594,http://simplyhired.com/WboUhagvat57469130.jsp,Job Hunting,platform contribute expert benefits on-time responsibilities expert permanent start required degree permanent experience responsibilities years multitask required team initiative relocation job growth industry start benefits dynamic opening strong contribute hours sales start platform multitask multitask process multiple interface salary interface required years start multitask multitask recruiter resume sales skills permanent strong equivalent growth on-time passion contribute skills customer start team
http,{M5G0-Y0ZH36HL-3932BHRD},12/28/2010 15:42:21,ITA0159,PC-4594,http://lockheedmartin.com/WboUhagvat1636367808.htm,Job Hunting,sales initiative contribute multiple required develop customer opening permanent concepts interface customer responsibilities compensation guidance team experience interface multitask expert team industry guidance passion resume process degree concepts develop management develop contribute skills degree responsibilities experience management experience team team technologies skills on-line multiple initiative contribute experience dynamic industry experience technologies responsibilities develop platform report required opening management salary equivalent required opening
http,{R5U5-G9NO20BQ-2751MCXW},12/29/2010 08:01:01,ITA0159,PC-4594,http://lockheedmartin.com/WboUhagvat1636367808.htm,Job Hunting,interface opening degree equivalent report years industry sales permanent skills concepts responsibilities start multitask dynamic guidance resume management job resume resume initiative industry team hours interface opening skills start report degree passion benefits years equivalent permanent salary interface required strong responsibilities contribute degree
http,{L3R2-H7KP64QB-0524UMEQ},12/29/2010 08:03:21,ITA0159,PC-4594,http://northropgrumman.com/WboUhagvat572113271.aspx,Job Hunting,expert team hours strong contribute degree platform experience passion experience multitask responsibilities industry permanent process skills degree concepts technologies responsibilities opening expert call platform guidance expert multitask management sales degree technologies multiple years benefits management passion opening job resume develop experience
http,{Q6K1-J3EN49MC-0277DLKL},12/29/2010 11:07:51,ITA0159,PC-4594,http://monster.com/WboUhagvat1180707852.html,Job Hunting,platform skills analyze management industry degree multiple multitask hours engineer multiple resume job people benefits resume platform hours team sales multitask self degree management permanent develop process passion experience experience resume analyze develop compensation sales strong skills required compensation customer passion resume years part-time concepts people management industry sales benefits
http,{H9I3-P8DW28KU-8076SPCS},12/29/2010 11:59:44,ITA0159,PC-4594,http://jobhuntersbible.com/WboUhagvat1258877042.aspx,Job Hunting,benefits experience platform self multitask multiple multiple initiative responsibilities degree required permanent benefits report platform interface responsibilities concepts starter team equivalent required industry interface platform platform resume growth
http,{W8O0-E8JE39SK-0921QRCX},12/29/2010 13:20:40,ITA0159,PC-4594,http://lockheedmartin.com/WboUhagvat1636367808.htm,Job Hunting,passion equivalent guidance report skills responsibilities analyze strong job degree part-time concepts growth recruiter opening customer responsibilities resume analyze on-time strong resume opening people management responsibilities interface multitask initiative visual benefits contribute sales guidance responsibilities process starter required multiple equivalent responsibilities passion required multiple benefits develop
http,{I8T7-B6SY00CJ-3012SYZX},12/29/2010 14:27:06,ITA0159,PC-4594,http://monster.com/WboUhagvat1180707852.html,Job Hunting,customer required opening develop equivalent experience expert degree job team strong self opening technologies people degree benefits platform management self multiple job customer required report technologies process people opening passion process part-time start growth strong engineer hours experience skills customer growth management equivalent concepts guidance sales growth
http,{K1F3-A1UV67XV-9416KPFI},12/30/2010 07:51:53,ITA0159,PC-4594,http://jobhuntersbible.com/WboUhagvat1258877042.aspx,Job Hunting,passion degree customer start start job on-line skills platform analyze dynamic industry starter growth experience sales interface contribute skills on-time process degree opening growth team hours responsibilities degree multitask salary experience required people analyze
http,{P1D4-T9NV07SK-6036JYID},12/30/2010 08:29:04,ITA0159,PC-4594,http://jobhuntersbible.com/WboUhagvat1258877042.aspx,Job Hunting,growth degree benefits develop people permanent degree multitask contribute dynamic part-time resume part-time multitask dynamic develop required people report skills resume growth dynamic strong equivalent experience experience process dynamic years platform people contribute concepts opening visual degree skills on-time platform experience required experience resume analyze multitask permanent permanent self
http,{A7C3-Y7GC50CF-9713OAWC},12/30/2010 09:55:40,ITA0159,PC-4594,http://lockheedmartin.com/WboUhagvat1636367808.htm,Job Hunting,contribute job passion permanent team experience permanent management years multitask degree responsibilities engineer hours technologies equivalent years concepts platform resume required years technologies interface sales growth responsibilities opening degree contribute
http,{G8V6-I9WA14CH-1430XXAA},12/30/2010 13:21:32,ITA0159,PC-4594,http://lockheedmartin.com/WboUhagvat1636367808.htm,Job Hunting,interface industry multiple skills years analyze customer multitask part-time resume growth permanent experience years sales contribute on-time years salary on-time technologies contribute resume passion required on-line report years start technologies multitask growth job sales compensation initiative required start technologies growth salary develop multiple initiative on-time responsibilities on-time resume multiple multitask team initiative develop compensation people develop people sales part-time years
http,{O8U7-U4HO97RQ-4828FVWZ},12/30/2010 13:50:52,ITA0159,PC-4594,http://careerbuilder.com/WboUhagvat660170997.htm,Job Hunting,hours management relocation management technologies compensation interface opening process initiative start hours passion benefits on-time responsibilities sales process report degree sales team management experience report passion concepts process management start people people management develop required technologies multitask guidance strong equivalent expert responsibilities contribute on-time multitask develop job degree equivalent sales required passion interface skills initiative part-time job dynamic strong management required permanent resume management
http,{T9V6-A1DH37YN-6256PYUT},12/30/2010 14:34:11,ITA0159,PC-4594,http://linkedin.com/WboUhagvat1479839504.aspx,Job Hunting,develop permanent team guidance required job experience on-line start growth interface years job passion industry multiple interface customer strong benefits concepts resume people responsibilities responsibilities management on-time experience resume industry growth customer skills multitask platform analyze skills resume opening multiple multiple multiple responsibilities passion responsibilities experience platform equivalent management strong degree dynamic self responsibilities skills multiple
http,{L1T6-K8CE17SY-7066NRSG},12/30/2010 14:54:15,ITA0159,PC-4594,http://jobhuntersbible.com/WboUhagvat1258877042.aspx,Job Hunting,guidance multitask experience on-time permanent develop industry permanent resume sales interface multiple salary technologies self passion industry start self start compensation experience contribute required develop equivalent platform on-time passion interface relocation team process start visual multitask degree
email,{L5A4-X5DO31PR-3542OSAK},12/30/2010 15:16:10,ITA0159,PC-4594,UAH75@northropgrumman.com,,,Ina.Tallulah.Ayers@dtaa.com,Send,19870,,Job Hunting,develop interface degree responsibilities passion sales report team degree experience on-time concepts self multitask platform responsibilities team strong benefits industry industry guidance team team experience multitask industry visual dynamic expert analyze degree analyze develop growth passion report initiative contribute report sales start starter interface process years customer salary multiple analyze experience job
http,{E9K5-Y8PR74MK-6666GJOP},01/03/2011 07:58:29,ITA0159,PC-4594,http://lockheedmartin.com/WboUhagvat1636367808.htm,Job Hunting,customer initiative benefits process strong multitask dynamic on-time experience multiple visual years passion management industry initiative passion contribute dynamic passion sales start start multitask contribute technologies opening resume opening process equivalent skills experience multitask dynamic call skills skills skills relocation responsibilities equivalent industry platform passion guidance passion multiple growth dynamic compensation equivalent job guidance report required people required develop benefits permanent management job management responsibilities recruiter equivalent develop
http,{H5V8-I2QW37TV-5590EULL},01/03/2011 08:12:33,ITA0159,PC-4594,http://northropgrumman.com/WboUhagvat572113271.aspx,Job Hunting,platform opening required develop on-line salary years interface years on-time people resume benefits permanent people required team initiative visual years skills starter skills multiple visual experience resume job multitask strong experience opening contribute responsibilities dynamic passion expert concepts develop on-line skills customer degree multitask resume skills visual develop job experience starter starter
http,{N8N6-Y6EP05FG-6108SZNW},01/03/2011 10:17:41,ITA0159,PC-4594,http://lockheedmartin.com/WboUhagvat1636367808.htm,Job Hunting,develop team resume skills people years resume benefits skills starter technologies sales resume start job technologies industry concepts job skills skills multiple equivalent management growth platform degree team interface permanent concepts dynamic concepts initiative skills resume experience management industry expert multiple salary people experience people concepts interface report visual develop industry platform responsibilities job years report required years industry sales develop resume skills multitask
http,{T8R0-Q0VH07JD-5184TFPN},01/03/2011 10:50:45,ITA0159,PC-4594,http://lockheedmartin.com/WboUhagvat1636367808.htm,Job Hunting,dynamic compensation skills responsibilities industry passion skills equivalent industry part-time develop degree on-time compensation required on-time resume skills passion skills analyze process guidance passion years develop strong salary initiative develop technologies degree responsibilities passion industry customer management customer hours years opening
http,{P5W1-Q5OH08XQ-7116WASJ},01/03/2011 11:10:24,ITA0159,PC-4594,http://lockheedmartin.com/WboUhagvat1636367808.htm,Job Hunting,initiative technologies industry part-time call on-line opening platform passion contribute relocation multiple skills experience on-time start sales management process part-time permanent platform start experience management relocation passion report benefits experience on-time expert job dynamic equivalent permanent strong report self
http,{I3V1-Z5FZ25QU-5114VNCM},01/03/2011 11:10:45,ITA0159,PC-4594,http://yahoo.com/hotjobs/WboUhagvat752138490.php,Job Hunting,equivalent start required concepts job responsibilities contribute benefits job on-line multiple permanent job resume start report experience contribute people report job initiative years required team resume required required equivalent process platform strong platform growth platform opening equivalent develop experience platform on-time resume required
http,{R0R1-F0RQ18HX-5072UXVF},01/03/2011 11:19:56,ITA0159,PC-4594,http://simplyhired.com/WboUhagvat57469130.jsp,Job Hunting,part-time benefits sales start years interface job required develop develop concepts experience engineer job report required initiative resume develop required hours on-line opening passion management opening resume management growth years hours guidance industry management start multitask platform platform team degree industry customer develop team growth interface
http,{E9B3-I6VX47XG-3708UJKO},01/03/2011 12:03:14,ITA0159,PC-4594,http://jobhuntersbible.com/WboUhagvat1258877042.aspx,Job Hunting,customer experience multiple sales platform benefits people concepts experience responsibilities responsibilities experience resume start permanent opening platform benefits resume resume process degree platform analyze starter equivalent initiative years part-time start on-time multitask resume required management degree industry skills expert people contribute start resume expert resume
http,{B4F2-Y8WT86HM-8928KBIT},01/03/2011 12:19:51,ITA0159,PC-4594,http://monster.com/WboUhagvat1180707852.html,Job Hunting,benefits resume develop resume experience strong years team initiative interface compensation management equivalent initiative benefits responsibilities job compensation people develop engineer resume benefits required years multiple call job team interface multitask passion contribute responsibilities customer years contribute process multitask technologies expert required equivalent responsibilities concepts
http,{O3O5-A3LL90MN-4420CYQG},01/04/2011 08:29:10,ITA0159,PC-4594,http://simplyhired.com/WboUhagvat57469130.jsp,Job Hunting,benefits growth contribute years develop hours expert responsibilities benefits technologies hours degree platform growth expert team growth guidance growth multitask passion skills on-time years on-time contribute benefits interface management equivalent platform platform on-time on-time resume
http,{F4P0-T2AR22WG-2670FXBK},01/04/2011 09:45:32,ITA0159,PC-4594,http://lockheedmartin.com/WboUhagvat1636367808.htm,Job Hunting,responsibilities expert compensation experience contribute develop platform starter responsibilities salary relocation technologies technologies report permanent multiple on-time analyze years team develop strong technologies visual part-time contribute required platform initiative degree customer technologies years years degree hours contribute report contribute years required permanent responsibilities people management permanent management management concepts
http,{S8T8-E5QC17JL-6936NTKQ},01/04/2011 10:59:28,ITA0159,PC-4594,http://northropgrumman.com/WboUhagvat572113271.aspx,Job Hunting,customer experience job process guidance opening guidance salary job opening sales platform initiative skills expert responsibilities analyze initiative initiative interface responsibilities interface experience self process report contribute responsibilities job management on-time responsibilities equivalent job growth growth interface skills analyze years dynamic industry platform passion engineer degree resume
http,{Y5G6-P0MB70MH-5934CLHR},01/04/2011 12:33:19,ITA0159,PC-4594,http://lockheedmartin.com/WboUhagvat1636367808.htm,Job Hunting,platform platform process on-time industry industry strong years multiple contribute opening platform start permanent management starter process contribute passion team team responsibilities concepts degree salary permanent multiple develop multitask multiple responsibilities technologies hours team job salary guidance multitask industry management permanent experience responsibilities responsibilities multiple passion multiple analyze equivalent
http,{R7O7-I3DV05IN-6811XCZG},01/04/2011 12:37:20,ITA0159,PC-4594,http://lockheedmartin.com/WboUhagvat1636367808.htm,Job Hunting,initiative expert passion years required years benefits contribute interface expert experience skills customer passion recruiter benefits analyze multitask permanent passion multitask job initiative opening industry hours experience growth management skills engineer skills years multitask opening experience start multiple process resume required industry contribute contribute develop strong process process process starter team benefits on-time compensation develop dynamic job growth initiative customer degree people resume platform industry
http,{N8H0-S3UT35FL-2267ZNSO},01/04/2011 13:41:48,ITA0159,PC-4594,http://jobhuntersbible.com/WboUhagvat1258877042.aspx,Job Hunting,team expert customer concepts degree responsibilities opening customer multiple equivalent resume required multitask technologies dynamic opening report contribute industry visual years customer recruiter part-time report multitask concepts multiple resume process starter degree compensation technologies hours on-time
http,{G4E4-K4HL92OD-4505QFXH},01/05/2011 08:16:50,ITA0159,PC-4594,http://lockheedmartin.com/WboUhagvat1636367808.htm,Job Hunting,self resume concepts dynamic growth required multiple people equivalent develop team customer degree opening multiple job process engineer responsibilities visual management initiative platform management sales on-time develop contribute growth team opening multitask benefits strong contribute team platform opening degree job growth expert permanent report opening customer years develop degree responsibilities multiple multiple salary develop multitask responsibilities customer concepts responsibilities skills resume
http,{N6H5-Z6LJ21GY-3488TNAW},01/05/2011 09:30:31,ITA0159,PC-4594,http://lockheedmartin.com/WboUhagvat1636367808.htm,Job Hunting,compensation interface process experience permanent customer sales permanent resume start part-time passion experience growth sales degree part-time years experience benefits multiple skills job sales on-time skills resume analyze analyze on-time responsibilities multitask degree platform required experience growth technologies equivalent degree on-time customer opening process sales required growth growth resume people team report growth starter starter industry
http,{N9H7-J5YN42RW-0073VJUF},01/05/2011 11:44:37,ITA0159,PC-4594,http://lockheedmartin.com/WboUhagvat1636367808.htm,Job Hunting,growth degree multiple contribute process equivalent experience technologies skills customer responsibilities develop guidance platform sales on-time platform job self permanent salary concepts multitask job multiple responsibilities degree sales on-line growth skills initiative degree permanent passion passion develop responsibilities resume people initiative self on-time team passion process opening on-time contribute resume passion team responsibilities responsibilities
http,{M4V7-L7YK80BK-9079BZTZ},01/05/2011 12:08:26,ITA0159,PC-4594,http://lockheedmartin.com/WboUhagvat1636367808.htm,Job Hunting,skills strong dynamic multiple required resume responsibilities process growth multitask start develop years passion sales interface resume years engineer resume resume required responsibilities contribute on-time industry passion interface salary required process job process resume responsibilities years required management benefits starter platform hours required starter concepts strong develop interface multitask strong interface skills expert interface years
http,{B3I8-F5NX82AV-0380HKEQ},01/05/2011 13:38:51,ITA0159,PC-4594,http://monster.com/WboUhagvat1180707852.html,Job Hunting,analyze team concepts multitask resume on-line degree start passion resume skills opening hours required dynamic responsibilities concepts people industry salary team industry degree on-time platform platform industry growth part-time start salary visual interface strong degree report platform customer required multiple growth team benefits required initiative recruiter growth customer report required starter responsibilities dynamic degree technologies technologies starter skills contribute salary hours
http,{A4D3-D4KJ16PD-3269VNIL},01/06/2011 07:57:24,ITA0159,PC-4594,http://lockheedmartin.com/WboUhagvat1636367808.htm,Job Hunting,self customer process strong initiative expert strong start guidance skills start years contribute customer customer multitask technologies experience experience management report interface multiple expert on-line passion salary job years people multitask team degree report equivalent multitask management part-time technologies compensation technologies multiple years initiative analyze responsibilities interface years guidance responsibilities part-time analyze visual engineer multitask permanent benefits on-time expert sales equivalent years management opening
http,{O2S1-J3QC93IV-2309RGNK},01/06/2011 09:02:42,ITA0159,PC-4594,http://lockheedmartin.com/WboUhagvat1636367808.htm,Job Hunting,resume start on-time develop industry equivalent experience passion sales starter contribute starter required platform engineer passion years degree experience guidance resume skills industry required permanent salary contribute compensation develop degree salary report equivalent sales opening report guidance permanent sales recruiter skills team contribute resume engineer salary strong on-line responsibilities multiple skills initiative report call team responsibilities compensation
http,{Z7M9-N9FU28UR-9861ORWH},01/06/2011 09:32:59,ITA0159,PC-4594,http://lockheedmartin.com/WboUhagvat1636367808.htm,Job Hunting,on-time responsibilities initiative resume call contribute platform degree engineer degree growth resume customer benefits responsibilities develop hours strong job job process self start equivalent develop engineer required develop initiative skills analyze equivalent industry required skills responsibilities concepts experience equivalent degree resume guidance skills multitask part-time
http,{M4B2-P2KU00YS-1583ETBX},01/06/2011 10:06:39,ITA0159,PC-4594,http://linkedin.com/WboUhagvat1479839504.aspx,Job Hunting,self multitask required team people initiative management develop on-time equivalent opening skills management guidance industry opening growth strong
http,{G3D1-X1XM82KI-3783EKXC},01/06/2011 11:44:59,ITA0159,PC-4594,http://simplyhired.com/WboUhagvat57469130.jsp,Job Hunting,experience customer benefits people skills permanent years customer resume develop responsibilities responsibilities industry experience required opening passion skills start required start guidance passion start opening passion guidance years opening expert skills opening permanent
http,{Q1M6-G3WQ55LW-2549HFWP},01/06/2011 11:50:18,ITA0159,PC-4594,http://monster.com/WboUhagvat1180707852.html,Job Hunting,skills job required expert platform job engineer starter dynamic permanent customer develop on-line customer skills opening growth growth multitask on-time expert skills hours expert management responsibilities analyze recruiter people dynamic visual initiative visual experience passion required part-time customer process team people technologies visual concepts technologies job interface interface required multitask skills experience interface multiple hours multiple concepts management
http,{G5C8-C6UG86JC-7292HTNW},01/06/2011 13:36:59,ITA0159,PC-4594,http://simplyhired.com/WboUhagvat57469130.jsp,Job Hunting,guidance sales responsibilities industry team degree develop required equivalent multitask analyze report industry start customer passion part-time opening responsibilities concepts experience report dynamic sales technologies platform report contribute technologies on-time job team degree multitask job skills people opening expert skills job
http,{W0E6-R9BP58CZ-2475WFKU},01/06/2011 15:04:04,ITA0159,PC-4594,http://lockheedmartin.com/WboUhagvat1636367808.htm,Job Hunting,passion skills customer platform hours concepts platform benefits experience passion start degree growth on-time guidance responsibilities platform part-time passion analyze technologies recruiter starter responsibilities initiative required resume start process permanent skills customer degree skills multiple management multitask starter experience experience passion resume job on-line dynamic experience responsibilities platform skills skills analyze resume passion opening concepts platform required passion passion concepts years resume people resume resume initiative benefits platform equivalent multiple resume strong skills growth multitask team permanent
http,{Z5X9-F3JX94SA-4814MCNU},01/06/2011 15:20:13,ITA0159,PC-4594,http://monster.com/WboUhagvat1180707852.html,Job Hunting,management dynamic on-time compensation visual team experience salary growth develop on-time sales dynamic guidance sales passion industry self concepts start analyze report management industry multitask start experience visual people permanent concepts people team resume analyze people required multiple job years contribute multitask interface analyze concepts equivalent report job concepts multitask resume degree growth on-line interface required interface platform people contribute customer responsibilities opening experience job team team dynamic years
http,{J4D2-Y4GY47TC-1490OOIX},01/06/2011 15:30:12,ITA0159,PC-4594,http://jobhuntersbible.com/WboUhagvat1258877042.aspx,Job Hunting,industry platform benefits equivalent resume analyze starter equivalent technologies people platform degree resume management customer engineer initiative industry required initiative expert hours multiple resume concepts permanent compensation skills self opening salary degree multiple required engineer job team multiple start technologies responsibilities develop skills years interface multitask report
http,{T9Q8-A5VN24HG-7334QZNJ},01/07/2011 08:36:59,ITA0159,PC-4594,http://lockheedmartin.com/WboUhagvat1636367808.htm,Job Hunting,visual initiative opening industry technologies initiative sales required contribute on-line degree recruiter team benefits required multiple job dynamic industry initiative multiple initiative management contribute required strong passion team develop growth on-line hours management interface passion industry initiative passion responsibilities years industry starter degree on-time team skills permanent platform management industry responsibilities management contribute years years engineer
http,{Y2R6-B3NG75CK-4249RNGI},01/07/2011 10:47:42,ITA0159,PC-4594,http://raytheon.com/WboUhagvat343187784.jsp,Job Hunting,analyze years interface passion passion required equivalent management customer equivalent interface concepts required hours develop responsibilities multitask technologies visual passion people on-time resume develop salary interface part-time customer equivalent contribute multiple equivalent contribute team starter job salary equivalent opening report required benefits required
http,{S5C0-Z5VM98IM-5018WDKO},01/07/2011 11:06:14,ITA0159,PC-4594,http://lockheedmartin.com/WboUhagvat1636367808.htm,Job Hunting,growth resume multitask passion compensation team management required concepts skills dynamic degree resume initiative dynamic interface analyze people report expert degree required management equivalent contribute technologies years contribute benefits experience multitask technologies multitask passion report salary part-time job permanent initiative team team concepts opening opening benefits management degree salary customer hours
http,{N0G3-Y1HG29UB-6878SVZD},01/07/2011 12:48:04,ITA0159,PC-4594,http://jobhuntersbible.com/WboUhagvat1258877042.aspx,Job Hunting,self process starter passion initiative on-time opening job on-time multiple required engineer skills analyze engineer people equivalent platform platform self multiple passion permanent growth job platform concepts required on-time years initiative responsibilities develop technologies salary customer starter contribute required people
http,{F0B2-C1JD74HO-7878HVRC},01/07/2011 13:07:04,ITA0159,PC-4594,http://monster.com/WboUhagvat1180707852.html,Job Hunting,platform relocation engineer platform interface skills concepts part-time guidance people report multiple benefits visual analyze multiple opening industry people people job job initiative skills develop contribute industry on-time report hours industry develop required experience hours industry skills resume passion job sales team years contribute on-time skills degree salary platform team industry multiple team permanent skills platform recruiter industry process initiative interface years dynamic on-line management
http,{Z6I9-A2EC22BU-9515EZLU},01/07/2011 13:43:40,ITA0159,PC-4594,http://lockheedmartin.com/WboUhagvat1636367808.htm,Job Hunting,on-time benefits salary multitask permanent strong recruiter sales strong concepts people team job skills years team resume people multiple call experience develop growth call process years management responsibilities compensation interface opening equivalent expert sales multitask team opening interface permanent years passion concepts compensation responsibilities equivalent growth concepts industry passion skills skills contribute equivalent benefits multiple experience
http,{Z0X1-F8VL39DB-1882ZSVI},01/07/2011 14:15:27,ITA0159,PC-4594,http://monster.com/WboUhagvat1180707852.html,Job Hunting,sales platform permanent management degree team part-time team develop hours multiple analyze permanent strong starter job responsibilities salary years job develop resume compensation resume strong develop strong salary technologies permanent concepts hours equivalent opening platform equivalent equivalent years initiative dynamic experience guidance industry customer strong industry
http,{N0D3-G8UM18TD-5573RXOL},01/07/2011 14:28:49,ITA0159,PC-4594,http://lockheedmartin.com/WboUhagvat1636367808.htm,Job Hunting,equivalent sales contribute self concepts experience concepts hours analyze skills customer strong develop management hours concepts equivalent compensation platform self responsibilities resume interface responsibilities equivalent years resume technologies years management resume passion sales starter hours opening sales on-time expert industry multitask equivalent strong multiple technologies opening develop passion technologies self years industry opening multitask platform dynamic start sales required technologies on-time expert equivalent multiple experience process guidance management analyze industry strong degree multiple
http,{O9C9-S3RT77TZ-2813CFVH},01/10/2011 09:09:41,ITA0159,PC-4594,http://northropgrumman.com/WboUhagvat572113271.aspx,Job Hunting,on-time benefits responsibilities equivalent platform opening management job report responsibilities customer permanent experience compensation dynamic years benefits on-time develop management customer interface responsibilities report technologies management industry report job job skills people benefits growth growth required platform dynamic
http,{A5G3-G6IU57XL-1468QAUC},01/11/2011 09:09:05,ITA0159,PC-4594,http://raytheon.com/WboUhagvat343187784.jsp,Job Hunting,growth skills experience experience process sales years required contribute skills passion growth analyze analyze required passion interface interface benefits interface multitask process guidance team benefits sales team engineer guidance resume years sales platform sales multiple multitask passion technologies management growth dynamic required on-line experience dynamic growth sales responsibilities multitask contribute contribute compensation on-time concepts job guidance technologies initiative growth part-time report benefits skills salary compensation concepts concepts interface engineer on-line skills
email,{K5U4-H1OD67BY-3155LLRW},01/11/2011 10:01:34,ITA0159,PC-4594,UAH75@northropgrumman.com,,,Ina.Tallulah.Ayers@dtaa.com,Send,25650,,Job Hunting,guidance team start degree develop job contribute team on-time concepts contribute job years passion resume management analyze contribute concepts interface self responsibilities platform multiple growth benefits industry dynamic sales management on-time interface growth benefits technologies technologies multiple on-time team
email,{B3S5-F4GE01YK-0754ZNSP},01/11/2011 11:32:42,ITA0159,PC-4594,UAH75@northropgrumman.com,,,Ina.Tallulah.Ayers@dtaa.com,Send,25305,,Job Hunting,concepts responsibilities strong required required contribute growth dynamic team skills develop on-time management team technologies passion contribute guidance platform job experience develop resume concepts contribute contribute interface experience expert equivalent passion initiative passion part-time management sales equivalent strong self skills interface strong degree responsibilities develop passion degree customer equivalent management benefits skills interface expert interface on-time years sales strong industry platform platform growth visual hours experience customer
email,{M5R0-E3IK36MQ-4270OVXH},01/11/2011 11:55:19,ITA0159,PC-4594,UAH75@northropgrumman.com,,,Ina.Tallulah.Ayers@dtaa.com,Send,36133,,Job Hunting,sales opening platform start customer develop degree industry multitask required develop benefits customer responsibilities people industry responsibilities engineer expert platform skills interface years opening platform passion resume multitask skills management self skills years management permanent multitask contribute resume sales process multiple initiative skills technologies permanent on-time customer equivalent sales benefits
http,{V5V8-E3VG25VR-7730NMLJ},01/12/2011 08:47:57,ITA0159,PC-4594,http://jobhuntersbible.com/WboUhagvat1258877042.aspx,Job Hunting,equivalent multitask job multitask platform management concepts start permanent resume recruiter team hours required guidance growth salary salary dynamic customer hours industry degree experience on-line salary opening sales skills growth strong dynamic people develop industry
http,{B9R2-A7IZ87CJ-1477VRCM},01/12/2011 09:14:14,ITA0159,PC-4594,http://linkedin.com/WboUhagvat1479839504.aspx,Job Hunting,experience management responsibilities experience recruiter expert start equivalent multitask contribute required responsibilities sales growth interface multiple passion multiple experience years team platform permanent equivalent sales start people passion hours skills job passion report skills platform passion required degree growth responsibilities on-time growth start benefits job self degree
http,{C8Q8-G6DT65RW-3540DGOQ},01/12/2011 09:25:40,ITA0159,PC-4594,http://northropgrumman.com/WboUhagvat572113271.aspx,Job Hunting,degree experience on-time experience passion self relocation required skills resume required multiple responsibilities skills opening permanent concepts develop dynamic concepts benefits required experience benefits dynamic expert management people responsibilities people job multiple dynamic degree opening required opening guidance passion job strong responsibilities guidance concepts skills industry industry analyze concepts develop part-time
http,{J3F9-M7TF26PM-4925YSKZ},01/12/2011 09:33:00,ITA0159,PC-4594,http://jobhuntersbible.com/WboUhagvat1258877042.aspx,Job Hunting,hours contribute technologies interface develop customer engineer management passion resume engineer responsibilities initiative develop responsibilities team dynamic degree interface skills platform benefits technologies growth management industry job job customer contribute engineer start customer on-time start initiative industry recruiter dynamic job required team contribute resume starter on-time report starter customer responsibilities growth resume degree skills guidance people multiple start on-line team report management concepts management
http,{P5L9-N3RK66XO-4473QQSW},01/12/2011 09:33:15,ITA0159,PC-4594,http://lockheedmartin.com/WboUhagvat1636367808.htm,Job Hunting,required customer opening visual visual experience concepts passion dynamic initiative develop develop team analyze experience responsibilities management experience part-time resume job years platform skills experience skills start contribute sales passion platform benefits required skills salary required required strong start resume interface responsibilities concepts platform passion team
http,{D5J7-P6YM22RU-1999RBPY},01/12/2011 12:20:58,ITA0159,PC-4594,http://monster.com/WboUhagvat1180707852.html,Job Hunting,start platform permanent technologies responsibilities sales people sales responsibilities team hours on-line interface equivalent required equivalent concepts on-line relocation initiative job team develop benefits report compensation process industry benefits permanent management permanent opening years start growth management benefits sales compensation skills multiple salary experience multiple skills team strong benefits management team
http,{S1X4-I3QH65ZZ-4668JJHW},01/12/2011 13:06:27,ITA0159,PC-4594,http://monster.com/WboUhagvat1180707852.html,Job Hunting,experience team dynamic contribute team contribute technologies degree management starter experience initiative multiple multiple develop resume responsibilities benefits report multitask platform interface concepts hours degree skills on-time years permanent part-time job required management compensation multitask industry degree opening visual multitask resume multitask resume people contribute passion analyze strong job team degree benefits technologies dynamic report degree
http,{L8N5-O9DS44FS-4079QYSY},01/12/2011 14:27:23,ITA0159,PC-4594,http://linkedin.com/WboUhagvat1479839504.aspx,Job Hunting,job required required required start customer sales required degree management report job develop develop growth interface technologies opening experience customer multiple management skills call on-time engineer opening guidance customer guidance required interface develop job opening required team experience team platform process concepts experience on-line permanent hours dynamic resume resume people experience
http,{C4T7-U8WQ06VK-6273YVKN},01/12/2011 15:19:10,ITA0159,PC-4594,http://jobhuntersbible.com/WboUhagvat1258877042.aspx,Job Hunting,equivalent sales equivalent skills start technologies initiative sales resume expert self interface multiple process develop dynamic initiative concepts responsibilities multiple growth on-time years on-line sales team multitask multitask start people resume benefits visual interface develop customer resume resume team responsibilities develop initiative experience part-time interface multitask report part-time industry required concepts compensation contribute dynamic years sales report
http,{P0B3-X7OO01OG-5607CXPP},01/13/2011 08:19:06,ITA0159,PC-4594,http://lockheedmartin.com/WboUhagvat1636367808.htm,Job Hunting,resume responsibilities team concepts passion start develop platform experience skills experience visual years opening visual experience responsibilities team equivalent report sales skills passion process concepts benefits develop team responsibilities opening technologies years required skills people report required team guidance technologies initiative degree interface equivalent job job management multitask years benefits industry
http,{U1X5-H4UW07WP-7712PHAN},01/13/2011 09:08:22,ITA0159,PC-4594,http://jobhuntersbible.com/WboUhagvat1258877042.aspx,Job Hunting,team self required engineer process contribute concepts contribute years degree multitask concepts multitask hours dynamic technologies growth team skills multitask team opening team dynamic industry management contribute technologies opening sales contribute growth equivalent equivalent interface develop job management people responsibilities team part-time multitask growth starter hours analyze contribute strong resume
http,{W2C9-Z3BX91JA-3113SUJB},01/13/2011 09:35:36,ITA0159,PC-4594,http://lockheedmartin.com/WboUhagvat1636367808.htm,Job Hunting,call skills develop customer dynamic expert guidance team expert develop strong responsibilities multiple industry engineer growth required people concepts initiative engineer equivalent concepts visual analyze skills equivalent strong salary degree team growth customer develop sales develop degree on-time part-time strong skills guidance multitask initiative skills technologies skills degree multitask team degree opening resume
http,{H3Y9-V9TO90GL-5139BPXR},01/13/2011 10:34:24,ITA0159,PC-4594,http://monster.com/WboUhagvat1180707852.html,Job Hunting,degree skills platform salary experience team permanent management initiative compensation contribute job contribute guidance report years permanent experience experience equivalent job skills degree management years analyze self people skills
http,{G6O3-S2XS55WI-9057VJCE},01/13/2011 10:53:44,ITA0159,PC-4594,http://lockheedmartin.com/WboUhagvat1636367808.htm,Job Hunting,develop on-time sales opening contribute customer multiple benefits growth expert skills starter initiative job skills part-time strong years responsibilities platform process resume industry industry years skills years passion responsibilities responsibilities opening resume team platform concepts part-time report concepts years resume experience customer degree passion responsibilities contribute initiative equivalent equivalent contribute report degree initiative required guidance required process
http,{W6I0-R4FE70ST-6275CVRN},01/13/2011 11:29:53,ITA0159,PC-4594,http://linkedin.com/WboUhagvat1479839504.aspx,Job Hunting,initiative report contribute analyze compensation permanent team multiple experience multitask interface multiple on-time resume responsibilities years permanent team interface salary engineer on-time years resume report concepts industry required experience industry opening equivalent multiple years skills experience salary degree multiple responsibilities passion develop multiple degree resume degree permanent technologies passion job benefits growth contribute management
http,{L7R2-V5WW67UA-1328NSJI},01/13/2011 12:42:47,ITA0159,PC-4594,http://jobhuntersbible.com/WboUhagvat1258877042.aspx,Job Hunting,equivalent multiple growth concepts team report sales multitask experience interface on-time years permanent analyze degree experience multitask benefits on-time compensation experience multiple job on-time permanent skills guidance equivalent starter team expert initiative responsibilities on-time management contribute salary hours team multiple required team skills expert growth opening multitask people job required on-time customer sales expert visual contribute industry
http,{Q4C2-U3UZ44TO-6331XDHI},01/13/2011 13:00:21,ITA0159,PC-4594,http://lockheedmartin.com/WboUhagvat1636367808.htm,Job Hunting,start strong team concepts dynamic sales contribute job responsibilities start permanent contribute degree contribute relocation years years people degree customer customer self report job skills years permanent self compensation multitask multiple multiple dynamic growth years degree initiative call develop concepts people dynamic benefits multitask benefits passion contribute responsibilities initiative passion resume experience equivalent team resume report multiple visual guidance strong responsibilities salary platform degree required experience
http,{S3L4-E6QW24EI-1974VKNZ},01/13/2011 13:37:42,ITA0159,PC-4594,http://lockheedmartin.com/WboUhagvat1636367808.htm,Job Hunting,strong experience multitask multitask on-line multiple on-line initiative on-time team contribute self experience multitask concepts experience on-time initiative report management strong management team initiative experience sales growth degree management passion equivalent industry responsibilities team permanent contribute salary opening job start compensation engineer part-time interface report skills experience management multitask strong on-line experience equivalent job skills people on-time sales analyze passion responsibilities benefits process
http,{W0O0-E1HO30ZW-1656QBLF},01/13/2011 15:26:05,ITA0159,PC-4594,http://monster.com/WboUhagvat1180707852.html,Job Hunting,interface on-time interface customer report visual growth concepts degree multiple years on-time required people dynamic experience degree develop multitask interface self engineer strong initiative hours dynamic engineer responsibilities starter on-line customer process resume
http,{P5M8-F5FH25OW-6992CGXD},01/14/2011 11:43:01,ITA0159,PC-4594,http://monster.com/WboUhagvat1180707852.html,Job Hunting,platform on-time resume multitask analyze industry relocation multiple multitask opening on-time job multitask start relocation visual skills customer strong responsibilities strong responsibilities contribute develop resume growth permanent years contribute job analyze compensation people experience self opening multiple years interface sales team management multitask
http,{C7P6-S6JA62JI-2386LEBP},01/14/2011 11:51:00,ITA0159,PC-4594,http://jobhuntersbible.com/WboUhagvat1258877042.aspx,Job Hunting,equivalent multiple hours opening management equivalent expert recruiter opening start experience initiative on-time required analyze skills concepts develop analyze management growth initiative growth self start platform resume multiple required skills equivalent opening technologies team skills start part-time strong people strong report management passion required technologies on-time customer years job sales technologies interface report
http,{Q9D3-J4JL57KO-3230OYXL},01/14/2011 11:54:03,ITA0159,PC-4594,http://jobhuntersbible.com/WboUhagvat1258877042.aspx,Job Hunting,resume growth customer start starter dynamic growth on-time technologies develop opening skills platform dynamic contribute job compensation strong people technologies permanent technologies on-line equivalent team job analyze sales report required technologies self growth management compensation
email,{F1V3-J5VF98JF-3505JQLM},01/14/2011 12:04:07,ITA0159,PC-4594,UAH75@northropgrumman.com,,,Ina.Tallulah.Ayers@dtaa.com,Send,38577,,Job Hunting,responsibilities management visual skills industry technologies dynamic multitask multiple team report report required interface team report customer required technologies sales growth industry strong call recruiter passion self experience job platform platform required skills people required customer on-time visual responsibilities experience call management team industry concepts technologies
email,{K1R0-Y5UA71HM-7468XEXW},01/14/2011 14:18:45,ITA0159,PC-4594,UAH75@northropgrumman.com,,,Ina.Tallulah.Ayers@dtaa.com,Send,28203,,Job Hunting,on-time initiative opening process industry experience strong people recruiter industry degree analyze responsibilities develop sales contribute passion years self multitask interface multiple compensation team initiative multiple start industry contribute visual experience platform multitask start sales contribute multitask industry salary develop sales multitask years analyze on-line part-time on-line experience engineer technologies skills on-time multitask responsibilities interface industry benefits years relocation interface years management starter multitask customer on-line report report multitask skills customer develop
http,{O4O2-C5BP34HP-0795TXSF},01/17/2011 08:56:40,ITA0159,PC-4594,http://monster.com/WboUhagvat1180707852.html,Job Hunting,people experience responsibilities experience team job interface passion platform analyze required contribute self dynamic strong required skills guidance team required concepts platform benefits sales customer multiple customer team equivalent resume hours relocation skills experience on-line sales sales years expert visual initiative team concepts hours strong years job contribute multitask management experience experience years contribute technologies management people sales part-time recruiter technologies industry equivalent strong starter
http,{X3H7-T8YL91ZH-9940RMMB},01/17/2011 09:25:16,ITA0159,PC-4594,http://jobhuntersbible.com/WboUhagvat1258877042.aspx,Job Hunting,multitask guidance passion experience growth responsibilities dynamic degree process starter interface hours customer required years required multiple compensation equivalent on-time management job on-time on-time degree start initiative customer analyze experience develop industry management compensation multiple customer opening responsibilities initiative benefits passion guidance multiple start job contribute required customer experience growth
http,{U2D7-V9PH38PC-6388OGBA},01/17/2011 11:13:01,ITA0159,PC-4594,http://jobhuntersbible.com/WboUhagvat1258877042.aspx,Job Hunting,technologies guidance guidance degree start experience people concepts multiple guidance dynamic degree multitask platform on-time customer benefits experience degree benefits degree opening customer resume salary required multitask responsibilities experience multiple permanent equivalent job multitask contribute report required people management job platform initiative visual skills report job resume visual opening hours start
http,{C0K9-M6DM11PB-7021EDXZ},01/17/2011 11:48:23,ITA0159,PC-4594,http://jobhuntersbible.com/WboUhagvat1258877042.aspx,Job Hunting,strong required strong people degree passion concepts job benefits customer technologies platform experience responsibilities experience relocation compensation experience hours years benefits platform passion multitask responsibilities years hours multitask degree people start skills job permanent years required job on-line develop skills required growth start passion technologies resume experience multiple customer growth permanent interface passion passion dynamic interface required resume
http,{K6V7-H5GM27MR-2954EZDG},01/17/2011 14:00:47,ITA0159,PC-4594,http://northropgrumman.com/WboUhagvat572113271.aspx,Job Hunting,experience responsibilities benefits skills report industry equivalent responsibilities years job job required start expert team degree experience salary customer part-time on-time permanent salary technologies expert opening industry job start skills develop required develop multitask analyze team develop multitask resume visual industry benefits compensation benefits compensation job responsibilities opening team contribute develop sales process report multiple compensation responsibilities people multiple
http,{U3C8-O8UD27DK-3972KKSI},01/17/2011 14:42:50,ITA0159,PC-4594,http://jobhuntersbible.com/WboUhagvat1258877042.aspx,Job Hunting,technologies start multitask resume equivalent responsibilities required report customer years multitask responsibilities contribute equivalent permanent growth call develop skills job hours passion required concepts expert multiple benefits management report contribute hours dynamic required required develop skills dynamic strong on-line experience on-time dynamic contribute develop platform resume team management people industry strong dynamic degree initiative
http,{M6K6-L9JD57NV-3807QCET},01/18/2011 08:47:28,ITA0159,PC-4594,http://lockheedmartin.com/WboUhagvat1636367808.htm,Job Hunting,job resume technologies team multitask dynamic degree contribute multiple experience technologies sales platform starter opening growth platform team resume process multitask passion responsibilities starter initiative team salary responsibilities experience growth hours interface starter report responsibilities team responsibilities develop platform degree responsibilities degree initiative management report expert customer job multiple platform analyze report experience required benefits
http,{G4S9-Y8CR97FY-6491RTPH},01/18/2011 09:00:47,ITA0159,PC-4594,http://linkedin.com/WboUhagvat1479839504.aspx,Job Hunting,degree platform management equivalent interface multitask analyze concepts interface visual skills experience degree expert people relocation multiple skills responsibilities multiple team hours multitask degree resume platform part-time growth hours resume develop part-time skills benefits skills guidance develop start
http,{W5E3-C9FU47UC-4509QTHD},01/18/2011 11:23:49,ITA0159,PC-4594,http://jobhuntersbible.com/WboUhagvat1258877042.aspx,Job Hunting,passion hours interface multitask degree benefits industry develop part-time responsibilities passion develop platform customer years equivalent interface experience develop people job experience part-time responsibilities platform sales benefits multiple interface required platform required develop years benefits interface opening platform multiple hours resume strong expert salary passion permanent initiative degree initiative platform job responsibilities growth concepts initiative platform technologies
http,{G5S4-Y1VC48TI-3208TBHC},01/18/2011 12:23:04,ITA0159,PC-4594,http://lockheedmartin.com/WboUhagvat1636367808.htm,Job Hunting,multitask report resume interface process concepts industry platform develop analyze expert opening growth salary resume growth multiple responsibilities technologies industry report years interface process responsibilities skills skills responsibilities multiple job customer contribute compensation industry people start contribute self degree
http,{Z1O2-U9TI39BG-8522RQUK},01/18/2011 12:49:20,ITA0159,PC-4594,http://monster.com/WboUhagvat1180707852.html,Job Hunting,management platform permanent team multitask multiple skills management people years management skills required call skills responsibilities team job opening opening multiple on-line strong degree required resume start interface resume required experience start people growth analyze platform experience
http,{V1F3-I2BV38LQ-7538FUIY},01/18/2011 13:49:27,ITA0159,PC-4594,http://lockheedmartin.com/WboUhagvat1636367808.htm,Job Hunting,process job people required multiple job skills management opening strong report guidance management benefits experience sales initiative interface initiative industry degree opening required compensation strong technologies expert platform interface opening guidance report degree technologies required growth job on-time self degree job responsibilities people report on-time multiple customer
http,{H0D5-W4VV42UF-4703UGKT},01/18/2011 14:56:07,ITA0159,PC-4594,http://careerbuilder.com/WboUhagvat660170997.htm,Job Hunting,visual on-time passion people skills resume benefits multiple required years resume equivalent compensation responsibilities degree expert start skills skills dynamic dynamic start resume guidance resume platform required degree management concepts skills report resume equivalent skills dynamic skills equivalent develop initiative skills experience passion salary multiple recruiter visual team part-time multitask start permanent visual contribute report skills on-time multiple customer responsibilities industry industry strong responsibilities
http,{J3R5-O0PN47UC-7781GMRM},01/19/2011 14:28:56,ITA0159,PC-4594,http://lockheedmartin.com/WboUhagvat1636367808.htm,Job Hunting,compensation industry on-line multitask required report contribute team self analyze equivalent skills interface start multitask degree sales multitask years sales resume growth process required required contribute customer multitask resume develop responsibilities platform job experience compensation self compensation degree job initiative opening call develop degree equivalent responsibilities passion strong technologies
device,{B5C0-I0BD88AV-4292APFM},01/20/2011 07:43:54,ITA0159,PC-4594,R:\;R:\ITA0159;R:\921ZH89;R:\29X9n75;R:\33ghz61,Connect
device,{J4H5-D7HM73KF-1552TPVI},01/20/2011 08:18:12,ITA0159,PC-4594,,Disconnect
device,{G7N4-S0EU75UD-5510XGCD},01/20/2011 08:26:41,ITA0159,PC-4594,R:\;R:\ITA0159;R:\921ZH89;R:\29X9n75;R:\33ghz61,Connect
device,{Y8F0-F4NW28QG-3666QYTB},01/20/2011 08:33:01,ITA0159,PC-4594,,Disconnect
device,{U0Q6-K7PD38ET-7206UMFF},01/20/2011 09:57:51,ITA0159,PC-4594,R:\;R:\ITA0159;R:\921ZH89;R:\29X9n75;R:\33ghz61,Connect
device,{K3J8-B8PP85SQ-4881WBRK},01/20/2011 10:02:52,ITA0159,PC-4594,,Disconnect
device,{Y6T4-T3TB78EO-8043DJGF},01/20/2011 10:11:59,ITA0159,PC-4594,R:\;R:\ITA0159;R:\921ZH89;R:\29X9n75;R:\33ghz61,Connect
device,{G5H7-R8OF47PE-6429PREL},01/20/2011 10:30:11,ITA0159,PC-4594,,Disconnect
device,{W4G5-O6HX08CB-7281FDLE},01/20/2011 11:15:11,ITA0159,PC-4594,R:\;R:\ITA0159;R:\921ZH89;R:\29X9n75;R:\33ghz61,Connect
device,{I7F2-P1CT92WE-5502TCBE},01/20/2011 11:38:33,ITA0159,PC-4594,,Disconnect
device,{W5W0-F1QD25NE-4427DGOK},01/20/2011 11:51:00,ITA0159,PC-4594,R:\;R:\ITA0159;R:\921ZH89;R:\29X9n75;R:\33ghz61,Connect
device,{Y9B3-A2BC10YB-6796EULP},01/20/2011 11:58:58,ITA0159,PC-4594,,Disconnect
device,{A2Y1-U7OW14PS-0014AXIV},01/20/2011 12:05:29,ITA0159,PC-4594,R:\;R:\ITA0159;R:\921ZH89;R:\29X9n75;R:\33ghz61,Connect
device,{V3E2-U1LM41MZ-5611MEEB},01/20/2011 12:39:09,ITA0159,PC-4594,,Disconnect
device,{U4B7-M7CA54KS-7900XLUR},01/20/2011 12:44:39,ITA0159,PC-4594,R:\;R:\ITA0159;R:\921ZH89;R:\29X9n75;R:\33ghz61,Connect
device,{E3H8-Q6OU77FL-2630KNFE},01/20/2011 12:57:26,ITA0159,PC-4594,,Disconnect
device,{W6K5-D9UT30EE-3765VDTP},01/25/2011 14:31:35,ITA0159,PC-4594,R:\;R:\ITA0159;R:\921ZH89;R:\29X9n75;R:\33ghz61,Connect
device,{V8X8-A2IM92MG-2624KJBH},01/25/2011 14:38:43,ITA0159,PC-4594,,Disconnect
device,{W4L8-E8WB21MC-5440QDLU},01/25/2011 14:39:35,ITA0159,PC-4594,R:\;R:\ITA0159;R:\921ZH89;R:\29X9n75;R:\33ghz61,Connect
device,{T2U8-H0ZY41LR-2733SWIY},01/25/2011 14:46:04,ITA0159,PC-4594,,Disconnect
device,{A4U3-S6WO27KR-3524ZEKA},01/25/2011 15:02:46,ITA0159,PC-4594,R:\;R:\ITA0159;R:\921ZH89;R:\29X9n75;R:\33ghz61,Connect
device,{I7Y0-V5FY29DF-4363XOPY},01/25/2011 15:10:33,ITA0159,PC-4594,,Disconnect
device,{W8O2-Y9GX65OH-2357WRZT},01/25/2011 15:11:50,ITA0159,PC-4594,R:\;R:\ITA0159;R:\921ZH89;R:\29X9n75;R:\33ghz61,Connect
device,{D7H8-A4KF38XN-9269DSGL},01/25/2011 15:17:14,ITA0159,PC-4594,,Disconnect
device,{G8B9-Q0XV46BE-9571QNGP},01/25/2011 15:23:47,ITA0159,PC-4594,R:\;R:\ITA0159;R:\921ZH89;R:\29X9n75;R:\33ghz61,Connect
device,{M4Z1-T1BG04EF-4565ZULA},01/25/2011 15:25:34,ITA0159,PC-4594,,Disconnect
device,{D0T8-Q4KK72XA-2713GMHT},01/25/2011 15:34:00,ITA0159,PC-4594,R:\;R:\ITA0159;R:\921ZH89;R:\29X9n75;R:\33ghz61,Connect
device,{L2M4-V2DT04CU-6435AWFU},01/25/2011 15:44:22,ITA0159,PC-4594,,Disconnect
device,{Y7N8-V6XH01IN-6666PAGX},01/25/2011 15:45:55,ITA0159,PC-4594,R:\;R:\ITA0159;R:\921ZH89;R:\29X9n75;R:\33ghz61,Connect
device,{G3D8-Z8DU09DJ-3982IVCO},01/25/2011 15:47:39,ITA0159,PC-4594,,Disconnect
device,{F4X5-S4HR07SN-2968RGPN},01/26/2011 11:00:01,ITA0159,PC-4594,R:\;R:\ITA0159;R:\921ZH89;R:\29X9n75;R:\33ghz61,Connect
device,{F4T7-R4PC69PF-5152ANGJ},01/26/2011 11:02:41,ITA0159,PC-4594,,Disconnect
device,{R9W9-G6KB69BZ-7701QEXH},01/26/2011 12:13:07,ITA0159,PC-4594,R:\;R:\ITA0159;R:\921ZH89;R:\29X9n75;R:\33ghz61,Connect
device,{Z2O9-Z3XJ85MS-4978SFHR},01/26/2011 12:17:16,ITA0159,PC-4594,,Disconnect
device,{S8H7-F7II32SG-9632IPKY},01/26/2011 12:52:24,ITA0159,PC-4594,R:\;R:\ITA0159;R:\921ZH89;R:\29X9n75;R:\33ghz61,Connect
device,{P2G8-S2MN06WD-9463CUQN},01/26/2011 13:00:46,ITA0159,PC-4594,,Disconnect
device,{S9G2-F2FY78NK-2150YPKQ},01/26/2011 13:50:21,ITA0159,PC-4594,R:\;R:\ITA0159;R:\921ZH89;R:\29X9n75;R:\33ghz61,Connect
device,{P2A6-M4XH97KB-3953CTXE},01/26/2011 13:54:27,ITA0159,PC-4594,,Disconnect
device,{H4A1-O1GC57BX-8337YKBC},01/26/2011 14:03:20,ITA0159,PC-4594,R:\;R:\ITA0159;R:\921ZH89;R:\29X9n75;R:\33ghz61,Connect
device,{N5C5-E0PD71ZF-6574DUAN},01/26/2011 14:11:05,ITA0159,PC-4594,,Disconnect
device,{I3R1-S2MW17PI-9870VAVQ},01/26/2011 14:12:02,ITA0159,PC-4594,R:\;R:\ITA0159;R:\921ZH89;R:\29X9n75;R:\33ghz61,Connect
device,{Z4E7-B9MW22RH-8616ZMAE},01/26/2011 14:18:15,ITA0159,PC-4594,,Disconnect
device,{H5B1-Y1QG92OD-5847HMIX},01/28/2011 09:17:29,ITA0159,PC-4594,R:\;R:\ITA0159;R:\921ZH89;R:\29X9n75;R:\33ghz61,Connect
device,{P5T6-X9MH44PP-5994HEAS},01/28/2011 09:23:42,ITA0159,PC-4594,,Disconnect
device,{U9C8-J4GN83PX-7836ZBUG},01/28/2011 10:03:32,ITA0159,PC-4594,R:\;R:\ITA0159;R:\921ZH89;R:\29X9n75;R:\33ghz61,Connect
device,{I6K3-U1LA44DF-8750TRDC},01/28/2011 10:05:01,ITA0159,PC-4594,,Disconnect
device,{Q3E4-R4MC89SR-4064XHXR},01/28/2011 11:17:15,ITA0159,PC-4594,R:\;R:\ITA0159;R:\921ZH89;R:\29X9n75;R:\33ghz61,Connect
device,{B7L2-N5CI48IP-2215EOKC},01/28/2011 11:47:08,ITA0159,PC-4594,,Disconnect
device,{K7H3-Z5ZP15EI-1929OWCE},01/28/2011 12:28:40,ITA0159,PC-4594,R:\;R:\ITA0159;R:\921ZH89;R:\29X9n75;R:\33ghz61,Connect
device,{C1N8-Q6IV36SW-5155DBFZ},01/28/2011 12:39:31,ITA0159,PC-4594,,Disconnect
device,{L3V6-T0SV20KY-6786NOME},01/28/2011 13:49:50,ITA0159,PC-4594,R:\;R:\ITA0159;R:\921ZH89;R:\29X9n75;R:\33ghz61,Connect
device,{K9R9-I8SD22DU-5112MOTW},01/28/2011 13:50:31,ITA0159,PC-4594,,Disconnect
device,{Q9Y3-I9IY54SH-7015ZDCQ},01/28/2011 15:27:58,ITA0159,PC-4594,R:\;R:\ITA0159;R:\921ZH89;R:\29X9n75;R:\33ghz61,Connect
device,{I2S1-B9ML09EA-3226FIEH},01/28/2011 15:28:47,ITA0159,PC-4594,,Disconnect
device,{X7I1-G8CP73PR-9081WZNG},02/01/2011 07:51:56,ITA0159,PC-4594,R:\;R:\ITA0159;R:\921ZH89;R:\29X9n75;R:\33ghz61,Connect
device,{R0Z2-J3BZ23OG-3303AQNU},02/01/2011 08:25:09,ITA0159,PC-4594,,Disconnect
device,{L1C6-G8CP66NR-0265ZHVI},02/01/2011 08:53:00,ITA0159,PC-4594,R:\;R:\ITA0159;R:\921ZH89;R:\29X9n75;R:\33ghz61,Connect
device,{Q0Z1-Q2AV94LM-2379PRFM},02/01/2011 09:10:11,ITA0159,PC-4594,,Disconnect
device,{V6O0-B1KT53LG-2382NECY},02/01/2011 12:23:30,ITA0159,PC-4594,R:\;R:\ITA0159;R:\921ZH89;R:\29X9n75;R:\33ghz61,Connect
device,{U8F9-Q9XB51UQ-2308PSKI},02/01/2011 12:30:57,ITA0159,PC-4594,,Disconnect
device,{E8E8-H7AE91AX-3258RMKF},02/01/2011 13:44:09,ITA0159,PC-4594,R:\;R:\ITA0159;R:\921ZH89;R:\29X9n75;R:\33ghz61,Connect
device,{W4D4-V7KS59YO-7842GMWH},02/01/2011 14:19:26,ITA0159,PC-4594,,Disconnect
device,{W8D4-K6FF07KG-0347PUIG},02/01/2011 14:30:08,ITA0159,PC-4594,R:\;R:\ITA0159;R:\921ZH89;R:\29X9n75;R:\33ghz61,Connect
device,{D9M8-Z2HV98JS-8001PXBI},02/01/2011 14:49:49,ITA0159,PC-4594,,Disconnect
device,{X7R4-X3SJ31XN-0170TQTN},02/03/2011 10:00:21,ITA0159,PC-4594,R:\;R:\ITA0159;R:\921ZH89;R:\29X9n75;R:\33ghz61,Connect
email,{S1L4-H3WS41BY-2153GVSO},02/03/2011 10:37:44,ITA0159,PC-4594,Bradley.Tyrone.Nieves@dtaa.com,,,Ina.Tallulah.Ayers@dtaa.com,Send,37479,,JH I Quit,tender notice resignation week notice exit my 2 my letter my tender of 2 2 letter week resignation letter opportunity 2 interview exit 2 my my of resign of position interview 2 resign 2 my position 2 position letter week position resign letter letter tender
device,{M1L0-H7SD32IO-7383QKHP},02/03/2011 10:45:24,ITA0159,PC-4594,,Disconnect
device,{B6Z3-P1UI69NW-9850TBVQ},02/03/2011 11:03:34,ITA0159,PC-4594,R:\;R:\ITA0159;R:\921ZH89;R:\29X9n75;R:\33ghz61,Connect
device,{A8K8-B4XK85YI-5114GCOV},02/03/2011 11:06:45,ITA0159,PC-4594,,Disconnect
device,{M4E6-E3IM30SG-6027OJWD},02/03/2011 13:27:49,ITA0159,PC-4594,R:\;R:\ITA0159;R:\921ZH89;R:\29X9n75;R:\33ghz61,Connect
device,{T6C5-C9LO28TI-5269FZCE},02/03/2011 13:58:13,ITA0159,PC-4594,,Disconnect
device,{A4J6-D6LQ03AE-8358XOHY},02/03/2011 14:16:42,ITA0159,PC-4594,R:\;R:\ITA0159;R:\921ZH89;R:\29X9n75;R:\33ghz61,Connect
device,{T7V4-L7ML66LQ-8305QLUG},02/03/2011 14:17:41,ITA0159,PC-4594,,Disconnect
device,{U0Z6-P3NS02PS-1978HKZD},02/03/2011 15:19:56,ITA0159,PC-4594,R:\;R:\ITA0159;R:\921ZH89;R:\29X9n75;R:\33ghz61,Connect
device,{U8O0-B2VI80JA-8322NUMF},02/03/2011 15:33:54,ITA0159,PC-4594,,Disconnect
device,{M4X2-I3CR48MG-9006FISV},02/04/2011 07:56:15,ITA0159,PC-4594,R:\;R:\ITA0159;R:\921ZH89;R:\29X9n75;R:\33ghz61,Connect
device,{M8O4-X6IP79UO-9239NINL},02/04/2011 08:03:58,ITA0159,PC-4594,,Disconnect
device,{X5L2-J4CG13GX-3999CXJG},02/04/2011 08:07:23,ITA0159,PC-4594,R:\;R:\ITA0159;R:\921ZH89;R:\29X9n75;R:\33ghz61,Connect
device,{T5K6-M1RY12CB-2229LLZU},02/04/2011 08:15:33,ITA0159,PC-4594,,Disconnect
device,{W4F9-K1KY87AX-1147ZLCV},02/04/2011 10:14:48,ITA0159,PC-4594,R:\;R:\ITA0159;R:\921ZH89;R:\29X9n75;R:\33ghz61,Connect
device,{D1U9-D7WZ97NW-4740TAWA},02/04/2011 10:24:53,ITA0159,PC-4594,,Disconnect
device,{M0I3-A2DP04UW-7060BSAQ},02/04/2011 11:12:30,ITA0159,PC-4594,R:\;R:\ITA0159;R:\921ZH89;R:\29X9n75;R:\33ghz61,Connect
device,{N5S4-L3TL84JE-8904UXZA},02/04/2011 11:20:56,ITA0159,PC-4594,,Disconnect
device,{Y8H5-E8CU96GQ-4599FINE},02/04/2011 11:34:13,ITA0159,PC-4594,R:\;R:\ITA0159;R:\921ZH89;R:\29X9n75;R:\33ghz61,Connect
device,{O0O4-F9EG75FD-1994WMGG},02/04/2011 11:52:45,ITA0159,PC-4594,,Disconnect
device,{H9P6-L5WC57ML-0569KGGN},02/04/2011 12:56:02,ITA0159,PC-4594,R:\;R:\ITA0159;R:\921ZH89;R:\29X9n75;R:\33ghz61,Connect
device,{M7O1-K4VT09TV-3031RNTP},02/04/2011 13:11:14,ITA0159,PC-4594,,Disconnect
device,{N2L7-N4CO92RD-6980TAOJ},02/04/2011 14:41:43,ITA0159,PC-4594,R:\;R:\ITA0159;R:\921ZH89;R:\29X9n75;R:\33ghz61,Connect
device,{Q2Z2-S9MR49LY-4310MMXT},02/04/2011 14:45:54,ITA0159,PC-4594,,Disconnect
device,{S1E0-Z1TL79WA-1787JKMX},02/04/2011 15:18:05,ITA0159,PC-4594,R:\;R:\ITA0159;R:\921ZH89;R:\29X9n75;R:\33ghz61,Connect
device,{J4U5-N1BE22QV-2037WZYH},02/04/2011 15:22:09,ITA0159,PC-4594,,Disconnect
device,{A5T9-K4UJ99HS-4870TBXO},02/09/2011 08:39:52,ITA0159,PC-4594,R:\;R:\ITA0159;R:\921ZH89;R:\29X9n75;R:\33ghz61,Connect
device,{H2U0-W2ND59SN-9701FYKW},02/09/2011 09:01:38,ITA0159,PC-4594,,Disconnect
device,{P9D6-R8WD30SO-9657TJBU},02/09/2011 09:48:40,ITA0159,PC-4594,R:\;R:\ITA0159;R:\921ZH89;R:\29X9n75;R:\33ghz61,Connect
device,{N7J1-N4ZH81OW-6633UKUB},02/09/2011 10:10:28,ITA0159,PC-4594,,Disconnect
device,{C7S3-C1TL23BZ-3484ARIE},02/09/2011 11:53:36,ITA0159,PC-4594,R:\;R:\ITA0159;R:\921ZH89;R:\29X9n75;R:\33ghz61,Connect
device,{X6N2-E9TC64TI-9936UMXL},02/09/2011 12:00:17,ITA0159,PC-4594,,Disconnect
device,{X1W2-T5QN27GV-2140RNVE},02/09/2011 13:04:34,ITA0159,PC-4594,R:\;R:\ITA0159;R:\921ZH89;R:\29X9n75;R:\33ghz61,Connect
device,{O6E5-L2BD18WK-1310VTBQ},02/09/2011 13:33:29,ITA0159,PC-4594,,Disconnect
device,{I0R2-Z6UF97OF-7683XRGL},02/09/2011 13:46:16,ITA0159,PC-4594,R:\;R:\ITA0159;R:\921ZH89;R:\29X9n75;R:\33ghz61,Connect
device,{W4G9-K4RC59MO-1731MRNJ},02/09/2011 14:02:37,ITA0159,PC-4594,,Disconnect
device,{F8J2-J3PK61IB-3334PXIZ},02/09/2011 14:48:08,ITA0159,PC-4594,R:\;R:\ITA0159;R:\921ZH89;R:\29X9n75;R:\33ghz61,Connect
device,{Y1N9-Z6TL93RL-6344YHZF},02/09/2011 15:31:26,ITA0159,PC-4594,,Disconnect
device,{Z8T7-U9AL90DL-4327GDDT},02/14/2011 07:42:38,ITA0159,PC-4594,R:\;R:\ITA0159;R:\921ZH89;R:\29X9n75;R:\33ghz61,Connect
device,{R5J6-X5KI40HU-9770BGUR},02/14/2011 08:21:18,ITA0159,PC-4594,,Disconnect
device,{Q2O0-L5UP09DK-2341XKAB},02/14/2011 09:41:50,ITA0159,PC-4594,R:\;R:\ITA0159;R:\921ZH89;R:\29X9n75;R:\33ghz61,Connect
device,{V7M8-B2XC13KV-2537VQAY},02/14/2011 09:57:45,ITA0159,PC-4594,,Disconnect
device,{U2T4-G7JH94LS-2738CEQY},02/14/2011 10:21:20,ITA0159,PC-4594,R:\;R:\ITA0159;R:\921ZH89;R:\29X9n75;R:\33ghz61,Connect
device,{F8K6-E3DL38FI-5974GLXH},02/14/2011 10:26:25,ITA0159,PC-4594,,Disconnect
device,{I3F1-W5OE40XR-3367SGQN},02/14/2011 12:18:11,ITA0159,PC-4594,R:\;R:\ITA0159;R:\921ZH89;R:\29X9n75;R:\33ghz61,Connect
device,{H6V9-V2DX68GE-4674CFAA},02/14/2011 12:30:30,ITA0159,PC-4594,,Disconnect
device,{L4F8-K8ZM62WS-5886RYUX},02/14/2011 13:51:49,ITA0159,PC-4594,R:\;R:\ITA0159;R:\921ZH89;R:\29X9n75;R:\33ghz61,Connect
device,{O3Q9-V1ES77EL-5497DQLO},02/14/2011 14:46:06,ITA0159,PC-4594,,Disconnect
device,{A6L9-O9DS86VQ-3343GNAF},02/14/2011 14:51:08,ITA0159,PC-4594,R:\;R:\ITA0159;R:\921ZH89;R:\29X9n75;R:\33ghz61,Connect
device,{Q1A9-H9ER65OF-7372OROF},02/14/2011 14:59:39,ITA0159,PC-4594,,Disconnect
