http,{T1S9-E7OZ39ZB-7178FTNM},10/18/2010 08:23:16,ICB1354,PC-6751,http://lockheedmartin.com/WboUhagvat1636367808.htm,Job Hunting,management on-line platform expert degree growth analyze contribute hours guidance resume permanent benefits interface salary team initiative job start responsibilities required strong passion platform start multitask guidance responsibilities concepts customer equivalent people report multiple multitask experience interface on-time process process team passion industry guidance report starter management multitask people strong guidance strong skills growth management years
http,{U8Z2-J7DP11WC-2048VCTF},10/18/2010 08:35:13,ICB1354,PC-6751,http://monster.com/WboUhagvat1180707852.html,Job Hunting,customer initiative salary platform people job develop benefits required industry multiple equivalent interface multitask develop self initiative strong report dynamic skills industry initiative visual skills compensation passion concepts dynamic develop
http,{U5U9-P9NX93AI-5967MVRE},10/18/2010 09:05:29,ICB1354,PC-6751,http://lockheedmartin.com/WboUhagvat1636367808.htm,Job Hunting,people multitask people multitask management platform multiple compensation start management resume people required on-line guidance customer growth guidance sales required start develop salary responsibilities experience experience benefits develop resume dynamic sales concepts sales sales strong on-time responsibilities sales opening multitask passion on-time expert equivalent resume resume team multitask multitask job permanent equivalent concepts initiative sales benefits multiple required required sales resume responsibilities self
http,{H9S9-J4QG28MP-0003YNNQ},10/18/2010 09:23:37,ICB1354,PC-6751,http://jobhuntersbible.com/WboUhagvat1258877042.aspx,Job Hunting,hours benefits years compensation visual dynamic team experience people expert multiple years starter sales degree concepts part-time years guidance responsibilities sales dynamic strong degree management interface part-time resume multiple management multitask years growth management responsibilities initiative skills contribute platform opening opening develop analyze sales passion industry contribute job job concepts on-line start
http,{F6I3-N1LW71MJ-3140EVWX},10/18/2010 09:56:24,ICB1354,PC-6751,http://lockheedmartin.com/WboUhagvat1636367808.htm,Job Hunting,benefits industry management team concepts concepts degree management industry compensation required passion contribute on-line industry interface job multiple multitask responsibilities concepts management develop years report multitask recruiter experience contribute contribute equivalent interface multitask degree growth passion job
http,{Q2M4-V6LL55KD-7152YCWX},10/18/2010 10:57:26,ICB1354,PC-6751,http://jobhuntersbible.com/WboUhagvat1258877042.aspx,Job Hunting,responsibilities concepts opening multiple initiative growth part-time passion industry report process opening process on-time concepts report permanent sales passion benefits dynamic initiative benefits permanent resume skills benefits benefits technologies platform responsibilities years required industry dynamic years develop growth expert platform required degree
http,{Y9J5-P6WE28QE-1706JJMO},10/18/2010 11:46:30,ICB1354,PC-6751,http://lockheedmartin.com/WboUhagvat1636367808.htm,Job Hunting,experience responsibilities experience expert interface sales initiative hours degree team analyze expert experience sales resume job permanent skills platform sales opening sales analyze experience customer salary job team multiple analyze management resume benefits concepts sales develop on-time skills management degree experience opening salary on-line passion resume strong passion resume job multitask people initiative guidance interface team job growth interface interface process contribute on-time sales team management opening
http,{J8F9-M6IH80NU-6362HAHO},10/18/2010 12:34:44,ICB1354,PC-6751,http://monster.com/WboUhagvat1180707852.html,Job Hunting,years resume resume experience engineer expert skills initiative benefits required expert develop sales resume degree guidance process multitask dynamic develop degree team platform people develop experience hours report salary skills equivalent customer experience required call contribute passion platform equivalent platform expert platform starter
http,{A2M8-H7SX25YO-2678EIBI},10/18/2010 13:50:30,ICB1354,PC-6751,http://lockheedmartin.com/WboUhagvat1636367808.htm,Job Hunting,call develop team interface job concepts resume guidance required people resume skills interface contribute required self job skills multiple analyze analyze team platform self responsibilities team process initiative interface strong required platform contribute multitask degree people start guidance required people technologies compensation platform permanent passion degree technologies
http,{E0F3-C6QV91NL-3403CPAD},10/18/2010 15:11:48,ICB1354,PC-6751,http://lockheedmartin.com/WboUhagvat1636367808.htm,Job Hunting,contribute call develop contribute management opening skills strong team contribute equivalent growth experience multitask customer skills industry part-time multiple degree dynamic management guidance responsibilities develop on-line experience permanent growth multitask strong responsibilities report relocation opening passion technologies sales required starter experience on-time experience customer customer growth people multiple concepts resume responsibilities resume multitask concepts
http,{B1D6-D1BZ77SC-5706EBEZ},10/19/2010 10:48:04,ICB1354,PC-6751,http://jobhuntersbible.com/WboUhagvat1258877042.aspx,Job Hunting,degree management team multiple compensation management platform growth management guidance initiative interface degree industry self degree industry relocation benefits technologies experience experience equivalent years degree required years multiple experience benefits process degree equivalent opening report degree start responsibilities benefits benefits guidance management people
http,{D7C7-H7IF49TS-6673IDKZ},10/19/2010 11:26:26,ICB1354,PC-6751,http://jobhuntersbible.com/WboUhagvat1258877042.aspx,Job Hunting,resume job people contribute people team on-time people process concepts multiple platform starter contribute resume years opening dynamic experience compensation sales required equivalent recruiter job multitask management team responsibilities industry benefits sales process passion initiative responsibilities passion responsibilities degree experience benefits contribute passion start
http,{G5P1-Y6AS97JO-5378NZGD},10/19/2010 12:11:02,ICB1354,PC-6751,http://monster.com/WboUhagvat1180707852.html,Job Hunting,compensation multiple sales recruiter call start skills compensation engineer team strong strong opening opening skills experience required years process resume start initiative required years passion initiative passion multitask part-time engineer industry develop skills part-time starter customer opening resume process equivalent salary degree sales job industry people degree platform job years report concepts analyze growth job customer expert years concepts
http,{D2A8-K7RJ58JV-7657ALZY},10/19/2010 13:25:06,ICB1354,PC-6751,http://linkedin.com/WboUhagvat1479839504.aspx,Job Hunting,relocation responsibilities multiple years skills experience experience interface passion relocation expert contribute equivalent part-time multiple people growth required resume years people multitask responsibilities management degree sales growth passion technologies resume platform sales responsibilities team growth platform experience dynamic multiple job starter degree required technologies technologies industry passion opening skills responsibilities dynamic hours experience
http,{D4K1-V7ZT01KE-9563DGFB},10/19/2010 14:55:24,ICB1354,PC-6751,http://lockheedmartin.com/WboUhagvat1636367808.htm,Job Hunting,dynamic skills team skills multitask develop self on-time required experience analyze concepts management passion expert develop benefits multiple responsibilities permanent contribute equivalent sales interface initiative analyze skills initiative platform equivalent people strong required degree equivalent multitask skills initiative passion degree experience job self engineer platform required on-time self people
http,{I9Z5-Q0RB50KD-3767VJLV},10/20/2010 08:56:44,ICB1354,PC-6751,http://jobhuntersbible.com/WboUhagvat1258877042.aspx,Job Hunting,benefits guidance growth responsibilities contribute industry passion platform resume sales responsibilities customer customer growth call equivalent resume industry required passion responsibilities years management strong interface required start starter multitask degree job multiple opening process experience on-time industry team skills sales strong contribute concepts contribute management passion salary platform industry required contribute growth technologies compensation experience compensation interface contribute start sales
http,{F6Y1-M8WY79PL-0257FOYV},10/20/2010 11:03:07,ICB1354,PC-6751,http://yahoo.com/hotjobs/WboUhagvat752138490.php,Job Hunting,concepts analyze multiple years analyze degree opening platform multiple passion platform management equivalent contribute opening develop degree people expert growth engineer engineer passion opening experience resume team contribute opening visual contribute interface develop responsibilities team team develop develop multitask required contribute industry expert years passion opening on-line multiple people required guidance starter multiple
http,{V3W2-N5AZ16BA-7362NZJI},10/20/2010 15:25:32,ICB1354,PC-6751,http://jobhuntersbible.com/WboUhagvat1258877042.aspx,Job Hunting,responsibilities self management industry industry experience required multitask start opening required contribute team strong people multiple equivalent people concepts years platform responsibilities customer equivalent strong start required industry salary concepts years years years industry benefits benefits start benefits concepts develop
http,{J4J6-G4CN25KX-3731ZPHX},10/21/2010 09:47:56,ICB1354,PC-6751,http://jobhuntersbible.com/WboUhagvat1258877042.aspx,Job Hunting,equivalent strong team dynamic sales interface develop guidance initiative technologies people responsibilities develop strong platform required multitask team sales sales opening interface passion guidance relocation required required sales visual interface customer self experience part-time guidance required multiple experience multitask resume team hours resume guidance responsibilities resume initiative resume job starter
http,{Y7D1-Z0PD11AK-4463LIZR},10/21/2010 12:46:22,ICB1354,PC-6751,http://lockheedmartin.com/WboUhagvat1636367808.htm,Job Hunting,report growth management platform initiative experience years job contribute management develop multitask opening multitask technologies customer analyze experience responsibilities growth platform start expert on-time concepts expert customer start job process interface job job guidance develop passion on-time job contribute multiple permanent hours equivalent permanent multiple industry required multitask growth platform management sales engineer management guidance report job initiative growth initiative
http,{W8M0-I7PN42OI-5028TETW},10/21/2010 14:15:08,ICB1354,PC-6751,http://raytheon.com/WboUhagvat343187784.jsp,Job Hunting,compensation start guidance benefits required permanent responsibilities team develop skills team technologies opening required permanent start strong team hours years years multitask expert strong permanent strong passion
http,{W7P0-A7BW73NP-5593YMLO},10/21/2010 14:48:53,ICB1354,PC-6751,http://monster.com/WboUhagvat1180707852.html,Job Hunting,start engineer degree responsibilities multiple team team starter growth opening initiative industry permanent resume job multiple dynamic guidance compensation expert initiative growth required growth self benefits industry multitask equivalent team benefits develop strong platform skills resume dynamic experience technologies industry required multiple start management multitask
http,{G2O0-E1LU21TS-6871MVRO},10/22/2010 08:27:59,ICB1354,PC-6751,http://lockheedmartin.com/WboUhagvat1636367808.htm,Job Hunting,permanent growth required salary resume experience guidance experience multitask develop platform contribute resume benefits growth opening benefits resume team industry dynamic contribute multiple people responsibilities opening sales guidance skills technologies growth multiple management start management contribute responsibilities analyze analyze on-line equivalent benefits on-line team equivalent salary develop
http,{M2M2-N0JU51NA-8277VZEP},10/22/2010 10:32:32,ICB1354,PC-6751,http://monster.com/WboUhagvat1180707852.html,Job Hunting,growth develop equivalent experience industry sales concepts job resume self job report required years skills starter responsibilities industry initiative job expert experience strong process resume responsibilities opening resume customer multitask report required people expert equivalent skills required multitask people benefits passion report opening growth skills customer team salary multitask initiative required degree resume experience
http,{G2O4-F5WW80BN-9264QABE},10/22/2010 10:55:04,ICB1354,PC-6751,http://monster.com/WboUhagvat1180707852.html,Job Hunting,responsibilities team compensation on-time starter industry on-time years job multitask responsibilities experience skills multiple dynamic interface self sales degree multiple on-time resume sales opening multitask people sales customer process strong start compensation degree equivalent passion call initiative people dynamic equivalent degree multitask visual customer responsibilities engineer analyze responsibilities dynamic multitask customer experience skills visual initiative management analyze passion management technologies
http,{U1Z2-L5RG96HK-6221MULM},10/22/2010 11:32:04,ICB1354,PC-6751,http://lockheedmartin.com/WboUhagvat1636367808.htm,Job Hunting,permanent experience multiple opening job on-line skills multitask required responsibilities team required guidance report on-line hours job experience opening years experience part-time years dynamic interface platform degree develop years job interface required team develop benefits sales guidance equivalent initiative people responsibilities experience initiative people industry skills experience starter sales benefits strong self sales contribute strong
http,{A7M7-A7CR28MS-1242DTTF},10/22/2010 13:16:19,ICB1354,PC-6751,http://linkedin.com/WboUhagvat1479839504.aspx,Job Hunting,opening opening passion required concepts process relocation expert experience hours skills opening start management dynamic start years analyze concepts analyze hours degree multitask guidance report hours concepts interface multiple degree experience growth degree interface responsibilities benefits platform passion benefits industry self multiple team dynamic industry strong on-line contribute
http,{O4O3-M2IO46EJ-4663QZGS},10/22/2010 13:29:33,ICB1354,PC-6751,http://lockheedmartin.com/WboUhagvat1636367808.htm,Job Hunting,concepts resume concepts guidance start resume equivalent industry resume opening develop resume skills skills relocation develop guidance job required technologies required required job platform initiative management multiple report contribute analyze permanent passion management process degree experience job guidance growth concepts industry passion benefits on-line multiple team job concepts industry develop opening concepts interface contribute growth salary resume customer required technologies technologies multiple multiple years sales initiative job process hours job interface
email,{N9P9-W4PJ44MQ-4644ELXA},10/22/2010 14:16:23,ICB1354,PC-6751,Jaden.D.Copeland@northropgrumman.com,,,Isaiah.Cody.Baker@dtaa.com,Send,51470,,Job Hunting,sales multiple industry resume sales degree develop equivalent people dynamic required technologies part-time equivalent interface interface equivalent part-time passion technologies experience resume benefits expert benefits guidance initiative resume part-time passion sales initiative on-line strong people self skills management customer compensation experience experience years job process experience starter degree contribute platform customer initiative degree skills platform start
http,{M2N5-H1BN10ZY-7403IYUI},10/22/2010 15:13:26,ICB1354,PC-6751,http://monster.com/WboUhagvat1180707852.html,Job Hunting,on-line opening customer job interface job multiple job equivalent initiative compensation benefits multitask compensation growth experience permanent develop customer skills opening experience passion team dynamic multiple experience report hours analyze compensation job multiple job develop technologies technologies people report
http,{T3O9-P5BW63IC-1596DGJP},10/25/2010 08:50:12,ICB1354,PC-6751,http://northropgrumman.com/WboUhagvat572113271.aspx,Job Hunting,multiple sales on-time on-line customer dynamic required management sales salary people job expert people job industry growth recruiter dynamic self management visual on-time experience permanent contribute job strong part-time multitask multitask on-time strong management strong management develop dynamic skills years initiative platform
http,{B4Q4-E9YK09AK-9444PJRP},10/25/2010 13:57:23,ICB1354,PC-6751,http://jobhuntersbible.com/WboUhagvat1258877042.aspx,Job Hunting,experience multitask required initiative develop opening people resume experience concepts sales degree responsibilities resume report self multiple hours equivalent technologies skills start years permanent multiple interface degree degree passion equivalent degree experience hours skills responsibilities technologies analyze on-time industry multiple technologies job customer multitask people benefits recruiter team contribute skills growth customer multitask strong initiative years visual on-time relocation degree start
http,{I2O4-E9RU78KJ-2704DHBK},10/26/2010 10:55:44,ICB1354,PC-6751,http://lockheedmartin.com/WboUhagvat1636367808.htm,Job Hunting,part-time analyze multitask required on-line concepts multiple multiple report growth report report analyze expert part-time management resume people initiative degree passion job interface expert multiple skills degree hours develop concepts starter passion passion years skills passion resume responsibilities degree required years industry guidance self growth visual opening develop growth analyze sales concepts customer required customer experience
http,{U6W3-A8QR66ZR-7925THKB},10/26/2010 13:00:17,ICB1354,PC-6751,http://monster.com/WboUhagvat1180707852.html,Job Hunting,years technologies responsibilities visual permanent industry permanent job starter required years expert on-time hours compensation multiple degree on-time benefits start degree experience contribute multiple part-time develop guidance people sales expert sales job resume multiple passion resume self develop years resume degree salary team skills industry initiative starter
email,{F5G8-H8YV52CA-8273LEXP},10/27/2010 08:22:10,ICB1354,PC-6751,Jaden.D.Copeland@northropgrumman.com,,,Isaiah.Cody.Baker@dtaa.com,Send,22600,,Job Hunting,hours management management job job expert guidance process dynamic required self initiative sales growth technologies customer start multitask report relocation responsibilities develop multiple platform experience resume people hours initiative multitask strong customer degree technologies multitask degree initiative multitask team required responsibilities relocation benefits
http,{X7V7-Z2GN66FB-1269EVBP},10/27/2010 13:32:22,ICB1354,PC-6751,http://monster.com/WboUhagvat1180707852.html,Job Hunting,part-time experience resume people equivalent years customer starter opening self job years opening required strong benefits concepts analyze responsibilities process interface self resume customer industry technologies interface permanent benefits experience starter skills visual industry resume growth permanent multitask industry dynamic interface sales sales experience industry start benefits
email,{F3X1-U3CC08RJ-9205AMWK},10/27/2010 15:05:38,ICB1354,PC-6751,Jaden.D.Copeland@northropgrumman.com,,,Isaiah.Cody.Baker@dtaa.com,Send,31968,,Job Hunting,equivalent years years initiative concepts report starter required resume multitask develop develop years multiple industry part-time equivalent skills
http,{C1G0-K3GS50XQ-0541HLIN},10/28/2010 10:07:31,ICB1354,PC-6751,http://monster.com/WboUhagvat1180707852.html,Job Hunting,starter self opening years years experience required opening salary responsibilities report analyze part-time initiative report equivalent benefits hours salary contribute experience develop job concepts platform contribute management industry equivalent equivalent team management concepts resume responsibilities salary develop benefits responsibilities multitask required benefits required relocation sales resume required process growth on-time develop contribute industry interface sales equivalent
http,{D8K7-H4HR29KI-0799GALQ},10/28/2010 11:05:34,ICB1354,PC-6751,http://jobhuntersbible.com/WboUhagvat1258877042.aspx,Job Hunting,job required experience engineer required job analyze on-time develop develop industry industry dynamic engineer skills multitask interface customer contribute management multiple initiative customer experience experience on-time customer skills salary customer sales resume passion opening strong initiative multiple years opening
http,{F4P0-D3HO13YX-3808FYFR},10/28/2010 12:56:27,ICB1354,PC-6751,http://lockheedmartin.com/WboUhagvat1636367808.htm,Job Hunting,on-time equivalent resume responsibilities equivalent develop call self years customer guidance on-time sales years team multitask guidance initiative skills required management concepts equivalent industry hours job concepts concepts passion growth permanent growth technologies on-time visual multitask multiple multitask skills on-time start industry industry equivalent job multitask responsibilities
http,{Q1M1-G9WE93CT-6620RJWC},10/28/2010 15:29:40,ICB1354,PC-6751,http://linkedin.com/WboUhagvat1479839504.aspx,Job Hunting,growth management technologies start contribute degree platform permanent sales multitask resume benefits process people concepts engineer on-line platform expert hours customer permanent industry people years on-time customer years equivalent start equivalent interface equivalent management start resume technologies management strong growth starter passion experience degree equivalent equivalent concepts hours opening
http,{M8Z1-N8AZ89NG-6610JQEE},10/28/2010 15:31:12,ICB1354,PC-6751,http://linkedin.com/WboUhagvat1479839504.aspx,Job Hunting,job equivalent self multiple expert skills growth experience skills equivalent develop experience multiple team resume equivalent opening on-time multiple growth platform report salary initiative years strong platform team sales platform years initiative growth interface required responsibilities skills strong technologies resume passion degree responsibilities
http,{D6C5-F3KD58PL-0271KUAS},10/29/2010 09:51:40,ICB1354,PC-6751,http://monster.com/WboUhagvat1180707852.html,Job Hunting,contribute analyze experience degree multitask multitask responsibilities interface dynamic growth required responsibilities permanent job required job start people guidance platform dynamic people team contribute strong dynamic job self platform experience people process compensation resume experience develop concepts multitask salary experience on-time years customer passion skills expert start degree analyze interface responsibilities part-time team report
http,{P0Q8-H9FP67LV-5589ZRTI},10/29/2010 10:01:28,ICB1354,PC-6751,http://jobhuntersbible.com/WboUhagvat1258877042.aspx,Job Hunting,sales industry benefits analyze report concepts benefits required industry contribute skills equivalent interface team multitask permanent equivalent years on-time resume degree contribute multitask management skills degree permanent strong benefits sales platform contribute report
http,{U0V8-M4GT37VN-7441SYFC},10/29/2010 11:18:34,ICB1354,PC-6751,http://lockheedmartin.com/WboUhagvat1636367808.htm,Job Hunting,multiple growth strong visual report management years dynamic people equivalent strong technologies on-time responsibilities initiative passion degree required starter growth resume management call start analyze self part-time part-time process passion responsibilities team technologies industry growth industry team guidance opening initiative resume customer part-time industry team customer degree call degree customer concepts management
http,{Q6L3-I9IH26WT-0791SOUS},10/29/2010 14:44:47,ICB1354,PC-6751,http://monster.com/WboUhagvat1180707852.html,Job Hunting,customer degree management technologies multitask management recruiter develop industry interface part-time responsibilities guidance benefits analyze expert team opening experience degree equivalent process equivalent concepts years growth years degree technologies degree opening customer interface resume salary self hours people skills resume
http,{V4V7-Q4KH90FS-1246GSBJ},10/29/2010 15:00:57,ICB1354,PC-6751,http://lockheedmartin.com/WboUhagvat1636367808.htm,Job Hunting,hours benefits required equivalent interface benefits experience management industry skills dynamic equivalent start strong industry engineer industry responsibilities contribute sales resume permanent interface self strong concepts engineer required analyze resume resume passion skills multiple self job responsibilities multitask report required degree dynamic equivalent job degree initiative
email,{T3N9-C4EI06TV-7248MSQG},11/01/2010 08:34:45,ICB1354,PC-6751,Jaden.D.Copeland@northropgrumman.com,,,Isaiah.Cody.Baker@dtaa.com,Send,28774,,Job Hunting,responsibilities degree resume contribute skills strong resume dynamic analyze platform resume years interface skills responsibilities platform report strong develop resume benefits dynamic report degree technologies permanent strong on-time on-time visual part-time multitask years team develop start
http,{M0F1-L5IR91GA-7679DALP},11/01/2010 10:01:43,ICB1354,PC-6751,http://lockheedmartin.com/WboUhagvat1636367808.htm,Job Hunting,sales team industry industry responsibilities interface required experience benefits initiative equivalent develop people degree team dynamic platform strong resume resume years team sales expert growth customer responsibilities responsibilities growth platform team contribute multiple permanent management on-time skills multitask years management resume technologies years starter
http,{S8L4-A7VL92RY-6468EODU},11/01/2010 11:00:56,ICB1354,PC-6751,http://jobhuntersbible.com/WboUhagvat1258877042.aspx,Job Hunting,hours contribute interface people process multitask concepts degree equivalent report interface resume management job start interface team customer permanent degree start develop contribute resume report management permanent industry sales develop multitask strong multitask initiative years experience passion industry customer responsibilities interface equivalent multitask interface engineer responsibilities skills industry opening interface starter
http,{B2T0-Y4UI12MH-6790HWCH},11/01/2010 11:05:48,ICB1354,PC-6751,http://linkedin.com/WboUhagvat1479839504.aspx,Job Hunting,management multiple skills opening interface concepts degree benefits multitask analyze skills equivalent degree years people skills opening on-time team start experience process benefits multitask passion hours develop responsibilities required job skills people customer responsibilities develop salary job analyze skills years required resume skills multiple permanent
email,{I3Z3-T4WS96ZM-3246LESJ},11/01/2010 11:33:21,ICB1354,PC-6751,Jaden.D.Copeland@northropgrumman.com,,,Isaiah.Cody.Baker@dtaa.com,Send,18552,,Job Hunting,opening customer years experience customer on-time initiative on-time hours passion equivalent growth self concepts multitask degree develop concepts skills permanent technologies platform passion management part-time interface permanent contribute salary on-time equivalent engineer technologies process experience start responsibilities required contribute experience contribute degree years team job experience responsibilities compensation interface report dynamic analyze people people sales initiative skills resume
http,{N4F1-O5VU31BS-7999EKHQ},11/01/2010 12:49:38,ICB1354,PC-6751,http://lockheedmartin.com/WboUhagvat1636367808.htm,Job Hunting,guidance years technologies multitask degree part-time benefits experience skills opening contribute passion experience sales relocation strong industry sales experience platform recruiter platform years sales part-time platform multiple expert dynamic report degree degree customer salary concepts degree platform dynamic required benefits multitask degree multiple responsibilities industry equivalent part-time recruiter dynamic benefits team hours industry growth
http,{Y9S5-G5YH21ZH-5967VDYT},11/01/2010 13:22:58,ICB1354,PC-6751,http://jobhuntersbible.com/WboUhagvat1258877042.aspx,Job Hunting,degree responsibilities job dynamic management industry people growth years skills guidance start sales degree resume strong starter benefits initiative hours passion recruiter equivalent technologies initiative required salary strong contribute initiative technologies initiative contribute technologies start strong customer skills initiative team growth salary contribute permanent interface customer analyze
email,{R3G7-C9LC91XN-4400MYHO},11/01/2010 13:34:25,ICB1354,PC-6751,Jaden.D.Copeland@northropgrumman.com,,,Isaiah.Cody.Baker@dtaa.com,Send,30650,,Job Hunting,on-time dynamic years customer degree experience required expert opening years initiative job sales degree salary compensation platform concepts skills responsibilities guidance report growth process years team start technologies starter concepts management develop part-time report team develop sales responsibilities experience strong analyze develop management people dynamic required sales self experience growth platform contribute permanent multitask required multiple multitask passion resume visual degree concepts multitask
http,{F9K4-N5EK32XL-8142LMKP},11/01/2010 13:36:43,ICB1354,PC-6751,http://lockheedmartin.com/WboUhagvat1636367808.htm,Job Hunting,develop job resume skills process people benefits job guidance contribute on-time responsibilities responsibilities sales strong permanent multitask dynamic recruiter required opening initiative team concepts job concepts multiple required develop analyze start skills guidance responsibilities contribute initiative degree customer team skills strong experience expert multiple
http,{T5G0-S3ND36LM-6639IGKT},11/01/2010 14:14:03,ICB1354,PC-6751,http://monster.com/WboUhagvat1180707852.html,Job Hunting,relocation platform experience contribute skills strong skills expert self multiple passion strong years equivalent experience on-time passion call resume skills experience technologies platform people contribute resume start initiative concepts years opening multitask management analyze resume guidance multitask passion compensation customer hours concepts sales customer salary management multitask industry years platform team degree degree contribute people equivalent opening management degree multitask part-time industry contribute opening required job
http,{P2R2-M6TI28OE-7225XWPZ},11/01/2010 14:50:52,ICB1354,PC-6751,http://jobhuntersbible.com/WboUhagvat1258877042.aspx,Job Hunting,initiative experience guidance platform resume multiple team customer permanent skills technologies initiative experience develop report opening guidance industry process equivalent contribute years job dynamic passion on-time responsibilities equivalent years benefits multitask contribute engineer management degree passion process concepts passion sales platform guidance develop responsibilities platform responsibilities experience degree interface technologies
http,{D1X0-F2SY19AC-0122TPRR},11/01/2010 15:25:32,ICB1354,PC-6751,http://linkedin.com/WboUhagvat1479839504.aspx,Job Hunting,develop equivalent dynamic multitask platform interface years initiative salary part-time expert growth degree degree management resume on-line platform equivalent report starter recruiter start part-time multiple customer permanent customer on-time equivalent growth customer start experience customer team industry management opening salary people benefits industry interface experience experience permanent initiative
http,{U2S5-Q7PT16MJ-4634WITZ},11/02/2010 07:51:19,ICB1354,PC-6751,http://lockheedmartin.com/WboUhagvat1636367808.htm,Job Hunting,required technologies experience analyze years contribute multitask sales multiple growth growth skills degree responsibilities customer industry industry passion opening opening expert sales permanent start people sales on-time concepts visual passion interface growth compensation resume resume strong responsibilities multiple strong interface part-time concepts initiative multiple skills multitask contribute initiative multitask permanent responsibilities hours concepts responsibilities strong dynamic visual people industry equivalent required
http,{T8F5-C8MB64UJ-4631ZQND},11/02/2010 08:25:53,ICB1354,PC-6751,http://jobhuntersbible.com/WboUhagvat1258877042.aspx,Job Hunting,sales salary permanent benefits customer job guidance guidance growth customer management strong start permanent dynamic interface sales recruiter experience process report multitask team required interface salary years permanent years degree develop guidance responsibilities responsibilities salary develop multitask multiple dynamic people responsibilities responsibilities multitask opening expert analyze on-time opening degree platform required report opening opening team dynamic equivalent process platform required guidance develop multitask
http,{B0O9-X8DG75WF-6819KZXR},11/02/2010 08:40:02,ICB1354,PC-6751,http://monster.com/WboUhagvat1180707852.html,Job Hunting,required self on-line expert skills years skills required management concepts platform engineer process report report multiple growth strong part-time skills initiative dynamic team starter degree growth strong benefits permanent on-line strong self interface sales passion people technologies start benefits job
http,{Z9K1-J6UO96OK-9873WNNG},11/02/2010 08:54:29,ICB1354,PC-6751,http://lockheedmartin.com/WboUhagvat1636367808.htm,Job Hunting,dynamic degree contribute multiple experience initiative develop start develop resume starter industry visual permanent benefits contribute experience multitask team multitask platform sales multiple hours equivalent resume multiple responsibilities team management sales analyze customer platform team skills benefits multitask required sales multiple degree sales technologies multiple skills team start part-time guidance on-line industry visual interface start
email,{R2U9-Q9TB69HE-1549ZALY},11/02/2010 10:07:57,ICB1354,PC-6751,Jaden.D.Copeland@northropgrumman.com,,,Isaiah.Cody.Baker@dtaa.com,Send,17576,,Job Hunting,sales opening benefits customer resume required contribute responsibilities resume job opening initiative opening years team required concepts multitask resume team interface experience customer customer skills skills concepts on-time management start contribute concepts multiple benefits opening dynamic industry people growth management sales
http,{I2A1-J2DM94DY-7175NUEK},11/02/2010 10:45:34,ICB1354,PC-6751,http://lockheedmartin.com/WboUhagvat1636367808.htm,Job Hunting,years concepts resume initiative customer skills experience resume opening opening skills multitask skills resume dynamic degree team dynamic multitask develop on-time concepts develop part-time customer resume contribute customer on-time contribute responsibilities multiple years resume develop management degree permanent contribute benefits initiative passion passion resume sales responsibilities permanent start multitask customer interface multiple call
http,{S7E4-S0LR55LK-3440MATO},11/02/2010 11:05:34,ICB1354,PC-6751,http://jobhuntersbible.com/WboUhagvat1258877042.aspx,Job Hunting,multiple growth growth years expert report dynamic team platform skills strong team dynamic experience initiative self people dynamic required process dynamic sales job guidance permanent start job experience opening initiative platform experience on-line growth interface people team concepts sales concepts management technologies degree concepts benefits
email,{B7A9-E6YN59EZ-8923YNBJ},11/02/2010 11:44:27,ICB1354,PC-6751,Jaden.D.Copeland@northropgrumman.com,,,Isaiah.Cody.Baker@dtaa.com,Send,27654,,Job Hunting,analyze permanent equivalent hours skills team multitask management initiative opening multiple management skills customer develop strong technologies required concepts opening on-time experience responsibilities concepts dynamic team engineer responsibilities multitask passion platform degree growth resume initiative
http,{N7K3-U8GO36ZE-2971MFNF},11/02/2010 11:59:19,ICB1354,PC-6751,http://lockheedmartin.com/WboUhagvat1636367808.htm,Job Hunting,degree responsibilities required years on-time resume relocation interface on-time job skills on-time industry required concepts team on-line analyze interface team expert concepts interface compensation expert multiple permanent strong concepts platform required resume experience concepts multitask multitask equivalent on-line equivalent on-line self strong guidance resume start responsibilities resume required start
http,{Z0F4-F6EX52YD-7930PHHO},11/02/2010 13:31:50,ICB1354,PC-6751,http://monster.com/WboUhagvat1180707852.html,Job Hunting,concepts customer responsibilities platform team years hours relocation permanent degree job people initiative degree contribute contribute interface on-time contribute multiple process management multiple growth skills compensation technologies permanent experience resume guidance management dynamic multitask skills job industry resume initiative team passion
http,{L4S9-L5IV86FP-8459YWTO},11/02/2010 13:51:14,ICB1354,PC-6751,http://monster.com/WboUhagvat1180707852.html,Job Hunting,expert passion years part-time technologies skills passion people on-time strong industry equivalent equivalent develop team permanent experience salary salary visual expert on-time concepts passion industry passion on-line experience on-time initiative multitask resume team initiative on-time opening required opening
email,{H5D2-J6PA94AV-4347XLBL},11/02/2010 15:39:54,ICB1354,PC-6751,Jaden.D.Copeland@northropgrumman.com,,,Isaiah.Cody.Baker@dtaa.com,Send,21232,,Job Hunting,start salary years management experience multiple required multitask management management management permanent multiple expert job job customer contribute report industry management contribute process platform contribute degree visual degree passion multitask process job multiple compensation degree sales industry develop job develop contribute equivalent technologies job responsibilities part-time opening passion salary permanent on-line job management resume compensation team permanent required people
http,{W3Z9-E3DZ29XC-8486UPRZ},11/03/2010 09:00:36,ICB1354,PC-6751,http://jobhuntersbible.com/WboUhagvat1258877042.aspx,Job Hunting,technologies resume skills growth job multiple skills analyze multitask responsibilities opening experience responsibilities process experience customer relocation years customer on-time experience team report experience degree team technologies multitask skills start initiative analyze people growth resume sales interface responsibilities platform industry industry start required multiple industry required management equivalent permanent degree strong resume industry expert report call experience analyze team resume part-time develop interface analyze hours
http,{J1O4-K7IA87TH-7306JAXE},11/03/2010 09:27:27,ICB1354,PC-6751,http://monster.com/WboUhagvat1180707852.html,Job Hunting,skills passion people industry contribute management sales platform degree team part-time customer people strong multitask hours required opening skills responsibilities concepts opening sales sales management on-time multiple passion skills sales responsibilities required skills years sales multiple on-line team management technologies resume self contribute dynamic on-time on-time technologies dynamic salary starter multitask report strong industry benefits report industry contribute develop platform contribute responsibilities industry multitask
http,{H9T0-U3KB29DN-6888DFLF},11/03/2010 09:49:56,ICB1354,PC-6751,http://lockheedmartin.com/WboUhagvat1636367808.htm,Job Hunting,skills resume contribute concepts passion degree compensation opening visual equivalent opening report compensation customer responsibilities salary multiple permanent interface strong job compensation degree call technologies platform platform customer team years industry resume process passion equivalent multitask experience concepts required guidance initiative resume interface contribute resume platform years growth benefits
http,{V1N2-W7IP05CJ-2672AWJG},11/03/2010 11:13:24,ICB1354,PC-6751,http://monster.com/WboUhagvat1180707852.html,Job Hunting,skills degree skills team starter industry customer multitask degree multitask job opening years team management industry develop strong responsibilities interface salary initiative team opening years start skills skills required management report guidance industry concepts contribute process skills hours years industry process visual skills equivalent required analyze
http,{F4A8-U9SD99BA-0306MELP},11/03/2010 13:43:22,ICB1354,PC-6751,http://lockheedmartin.com/WboUhagvat1636367808.htm,Job Hunting,skills process on-time multitask initiative permanent responsibilities customer resume people job sales management resume customer report team on-line dynamic people concepts experience permanent experience growth concepts concepts initiative initiative platform required team multitask required technologies industry opening responsibilities expert resume
http,{F6J8-U5CY36VR-9687ZJMF},11/03/2010 14:14:19,ICB1354,PC-6751,http://monster.com/WboUhagvat1180707852.html,Job Hunting,resume concepts job resume starter team part-time equivalent people on-line job job guidance sales industry expert growth concepts on-line required customer people salary start report passion multiple contribute on-line strong guidance
http,{W8F8-A1NX58II-1559HJWH},11/03/2010 15:05:50,ICB1354,PC-6751,http://monster.com/WboUhagvat1180707852.html,Job Hunting,benefits analyze start strong resume platform interface team experience technologies team resume experience salary required process develop initiative engineer degree responsibilities guidance passion multitask required strong concepts guidance management multiple degree degree resume experience start process
http,{S7P1-F4QC78GT-3120FLSP},11/03/2010 15:29:03,ICB1354,PC-6751,http://yahoo.com/hotjobs/WboUhagvat752138490.php,Job Hunting,report on-time opening management start customer industry required initiative hours contribute strong skills growth multitask develop degree benefits concepts develop report required interface multiple equivalent concepts passion concepts responsibilities resume degree team report analyze concepts benefits permanent interface required start multiple degree concepts self industry multiple multitask multiple starter visual report experience years team customer skills job concepts people start customer dynamic required
http,{W0L6-U3ZL71FW-7000EOJI},11/04/2010 14:02:20,ICB1354,PC-6751,http://monster.com/WboUhagvat1180707852.html,Job Hunting,equivalent concepts technologies industry self team dynamic analyze dynamic start people platform expert relocation benefits opening multiple expert platform resume on-time start contribute equivalent sales responsibilities call process resume dynamic required growth management concepts recruiter benefits sales dynamic report guidance job multitask self opening experience
email,{D0G3-S3YT53BG-6452FNZG},11/05/2010 08:12:46,ICB1354,PC-6751,Jaden.D.Copeland@northropgrumman.com,,,Isaiah.Cody.Baker@dtaa.com,Send,17949,,Job Hunting,responsibilities self analyze develop platform industry contribute initiative platform team job develop multiple opening start years strong starter job experience experience platform strong opening management strong people multiple job contribute opening strong multitask years experience contribute team platform report people salary benefits opening team management job relocation experience skills equivalent benefits initiative
email,{Z4V7-H1JK48PQ-6182RMHP},11/05/2010 08:51:26,ICB1354,PC-6751,Jaden.D.Copeland@northropgrumman.com,,,Isaiah.Cody.Baker@dtaa.com,Send,25465,,Job Hunting,expert concepts platform industry team permanent expert on-time dynamic years contribute start analyze industry job analyze customer contribute contribute start permanent starter interface analyze concepts multitask permanent experience industry opening relocation concepts expert platform resume sales process required people resume
http,{K4R9-H5BP15AS-8948IWDZ},11/05/2010 09:10:13,ICB1354,PC-6751,http://jobhuntersbible.com/WboUhagvat1258877042.aspx,Job Hunting,process interface call resume contribute people part-time sales benefits required required management platform platform equivalent call initiative interface resume experience concepts responsibilities management salary opening team start platform people equivalent multiple contribute growth report passion concepts industry
http,{T5O3-F9DY36HE-4911SNFT},11/05/2010 11:52:57,ICB1354,PC-6751,http://linkedin.com/WboUhagvat1479839504.aspx,Job Hunting,interface sales process develop experience multitask expert permanent permanent multitask resume contribute experience resume required responsibilities start growth start initiative responsibilities start analyze call industry experience dynamic guidance technologies required required contribute opening skills management strong interface contribute analyze report guidance start team years required resume recruiter benefits starter report
http,{X1B5-M4VF80WO-4480MGKR},11/08/2010 08:20:45,ICB1354,PC-6751,http://lockheedmartin.com/WboUhagvat1636367808.htm,Job Hunting,develop growth recruiter self start management equivalent platform required resume expert start multitask relocation contribute develop guidance develop job degree self contribute customer degree on-time dynamic multiple on-time years resume resume experience develop
http,{L8Z3-I9FC10NF-1531SOKP},11/08/2010 08:23:58,ICB1354,PC-6751,http://lockheedmartin.com/WboUhagvat1636367808.htm,Job Hunting,sales expert multiple management self required equivalent process analyze multiple job multiple starter customer process growth job growth customer develop years skills platform passion contribute visual compensation degree skills on-time hours responsibilities experience technologies industry multiple growth permanent responsibilities
http,{M9P6-H9KU56UO-8018CVVB},11/08/2010 09:05:56,ICB1354,PC-6751,http://jobhuntersbible.com/WboUhagvat1258877042.aspx,Job Hunting,interface initiative multiple interface process concepts passion experience job guidance equivalent management platform equivalent analyze team initiative report responsibilities growth dynamic management multiple interface experience compensation on-time experience visual skills resume skills report customer opening multitask expert salary required expert experience contribute self people multiple degree job sales customer responsibilities contribute strong develop management experience job customer
http,{N8A2-H8OS72KK-6855VZGC},11/08/2010 10:01:16,ICB1354,PC-6751,http://jobhuntersbible.com/WboUhagvat1258877042.aspx,Job Hunting,on-time initiative responsibilities concepts job permanent strong contribute guidance multiple experience interface experience call self years multitask dynamic resume people platform analyze sales customer multiple required multitask years concepts opening self sales hours passion skills customer customer contribute team permanent team opening call degree team responsibilities
http,{M5H8-Q3FJ94TG-8723DFDV},11/08/2010 14:27:47,ICB1354,PC-6751,http://monster.com/WboUhagvat1180707852.html,Job Hunting,starter team growth equivalent industry part-time concepts start team years responsibilities management job growth develop skills customer responsibilities report equivalent engineer management platform platform passion permanent platform technologies team starter strong people growth strong customer job team technologies people initiative resume years process job growth skills responsibilities analyze interface on-line
http,{O4B1-F6AK12RB-9815EPYX},11/09/2010 09:29:13,ICB1354,PC-6751,http://lockheedmartin.com/WboUhagvat1636367808.htm,Job Hunting,team expert skills industry initiative technologies years interface required on-time permanent sales degree starter required interface job start team technologies multitask people guidance process multitask analyze interface starter dynamic experience interface years passion initiative passion multitask required customer multitask platform multitask concepts skills years passion guidance
email,{I9A5-T6JG25OE-6899IFPM},11/09/2010 09:54:31,ICB1354,PC-6751,Jaden.D.Copeland@northropgrumman.com,,,Isaiah.Cody.Baker@dtaa.com,Send,29844,,Job Hunting,growth technologies on-time years experience contribute passion technologies experience develop compensation start management report interface people people contribute multiple industry guidance customer guidance analyze degree process team years experience process required responsibilities multiple visual contribute platform people customer sales skills analyze contribute required resume job skills permanent concepts industry contribute initiative people
http,{H1O8-V6JH48VY-8714LJMY},11/09/2010 10:56:36,ICB1354,PC-6751,http://monster.com/WboUhagvat1180707852.html,Job Hunting,on-time sales resume opening required strong team customer experience process on-line start interface passion develop on-line team benefits permanent industry interface report customer sales develop resume skills responsibilities interface technologies benefits people team engineer contribute people industry compensation develop guidance years degree team customer sales degree guidance responsibilities guidance degree years growth degree multitask self team skills guidance develop platform skills technologies permanent multitask analyze
http,{S1B9-A6PQ22NT-6753HNBX},11/09/2010 13:42:23,ICB1354,PC-6751,http://linkedin.com/WboUhagvat1479839504.aspx,Job Hunting,start visual responsibilities platform resume industry strong expert customer concepts strong growth industry years dynamic permanent dynamic skills interface people contribute multiple equivalent multiple industry sales degree experience contribute required process industry customer technologies industry platform concepts start degree benefits contribute dynamic interface self passion multiple responsibilities equivalent growth start benefits industry
http,{D5M6-W9QI60OR-9610REIF},11/09/2010 13:57:28,ICB1354,PC-6751,http://jobhuntersbible.com/WboUhagvat1258877042.aspx,Job Hunting,platform team customer growth resume technologies relocation opening report customer experience team customer experience compensation analyze passion required customer part-time dynamic sales skills skills permanent experience technologies multitask permanent benefits strong permanent expert platform on-time interface skills develop experience job on-time guidance process sales dynamic
http,{S5M5-Q0LE40AS-2931XNZX},11/09/2010 14:02:20,ICB1354,PC-6751,http://lockheedmartin.com/WboUhagvat1636367808.htm,Job Hunting,job opening interface management report dynamic years concepts report multitask multitask benefits recruiter degree customer people dynamic required analyze interface customer people interface dynamic on-line report concepts contribute process benefits expert initiative technologies required job strong multiple multiple team skills technologies customer passion growth contribute degree years customer resume multiple multiple passion management management
http,{P0P6-L9FD38QM-1342KHGJ},11/09/2010 14:19:04,ICB1354,PC-6751,http://jobhuntersbible.com/WboUhagvat1258877042.aspx,Job Hunting,job expert years expert sales passion compensation strong platform team interface responsibilities multiple experience guidance skills experience guidance salary dynamic compensation self self experience contribute resume skills recruiter contribute people strong years
http,{Q6H0-J7AU83KJ-7549XLHL},11/09/2010 15:06:49,ICB1354,PC-6751,http://linkedin.com/WboUhagvat1479839504.aspx,Job Hunting,contribute customer self strong technologies initiative responsibilities experience passion sales interface initiative concepts hours equivalent resume team job multiple on-line degree multitask expert resume multiple equivalent resume degree guidance multiple management concepts concepts process start multiple team platform years years growth required resume process concepts platform concepts contribute experience equivalent starter management multiple multitask process responsibilities opening guidance strong opening team visual customer team opening team expert technologies multiple dynamic strong opening
http,{X9T2-W6CT95PX-1913HNCF},11/10/2010 09:56:13,ICB1354,PC-6751,http://monster.com/WboUhagvat1180707852.html,Job Hunting,on-time benefits dynamic start growth job customer report platform job skills industry initiative recruiter degree customer people multiple analyze skills degree analyze experience industry contribute multiple multiple analyze multitask salary part-time contribute people expert customer job people degree resume start start start expert experience years start contribute develop dynamic benefits experience multitask contribute years contribute skills analyze multitask
http,{N7K4-M9UO71NB-9119WSGL},11/10/2010 11:07:28,ICB1354,PC-6751,http://jobhuntersbible.com/WboUhagvat1258877042.aspx,Job Hunting,call recruiter benefits degree benefits part-time required platform initiative opening process experience degree multiple expert develop management self degree visual responsibilities opening benefits starter concepts develop experience develop skills skills degree start team skills resume visual dynamic
http,{O7Y9-S5YO39WW-5392XVGG},11/10/2010 14:12:20,ICB1354,PC-6751,http://linkedin.com/WboUhagvat1479839504.aspx,Job Hunting,growth visual skills analyze people permanent develop customer team process permanent growth resume concepts responsibilities technologies multitask platform starter experience industry skills interface years degree on-time experience part-time years years analyze compensation strong growth initiative required interface multiple technologies required initiative salary job sales sales passion
http,{Z8J8-R8QJ58ZU-5881NVTD},11/10/2010 14:37:41,ICB1354,PC-6751,http://simplyhired.com/WboUhagvat57469130.jsp,Job Hunting,growth initiative multitask job platform guidance analyze responsibilities multitask multiple strong management concepts develop management team start multitask management multitask platform required interface guidance required initiative degree analyze degree concepts report strong sales multiple report concepts report report starter industry years salary starter required contribute salary job technologies passion skills develop engineer guidance
http,{S4E0-G1RP44LP-3671CAYI},11/10/2010 15:42:01,ICB1354,PC-6751,http://monster.com/WboUhagvat1180707852.html,Job Hunting,passion part-time develop responsibilities initiative years industry permanent initiative years years growth growth guidance equivalent job job interface management responsibilities develop permanent industry passion resume team salary years salary experience resume team engineer develop resume passion customer develop responsibilities analyze multitask compensation multiple
http,{P4X7-M1HC48YF-4226HZYF},11/11/2010 11:32:42,ICB1354,PC-6751,http://monster.com/WboUhagvat1180707852.html,Job Hunting,passion resume multitask hours job opening part-time initiative initiative resume compensation benefits skills multiple required permanent required start degree benefits management job customer growth analyze dynamic opening concepts permanent starter expert platform multiple resume dynamic interface strong strong multitask on-time dynamic visual job experience visual visual job multitask permanent experience develop strong engineer skills
http,{H3M8-K5QO37YX-4052TAZV},11/11/2010 11:36:09,ICB1354,PC-6751,http://simplyhired.com/WboUhagvat57469130.jsp,Job Hunting,team interface strong relocation required growth multiple degree industry job degree required expert customer years concepts platform resume technologies required required people dynamic degree customer interface experience part-time report multiple responsibilities responsibilities
http,{P9N0-I4QH26IB-3937LRQD},11/11/2010 13:34:32,ICB1354,PC-6751,http://lockheedmartin.com/WboUhagvat1636367808.htm,Job Hunting,resume opening on-time interface opening customer passion dynamic required team degree people contribute part-time visual permanent interface passion permanent resume team team passion required job resume analyze passion develop visual responsibilities degree growth growth years report opening strong team concepts process on-time experience resume years multiple analyze job sales strong concepts
http,{B7Y5-P4AO45RE-6482UIBZ},11/12/2010 08:20:19,ICB1354,PC-6751,http://lockheedmartin.com/WboUhagvat1636367808.htm,Job Hunting,responsibilities job degree permanent guidance skills experience degree sales required visual technologies relocation dynamic job multitask management opening degree contribute strong develop salary part-time start report multiple start strong job skills part-time industry team multiple experience dynamic years interface team report technologies dynamic experience multitask people platform strong resume resume industry sales degree experience
http,{C9L9-J6RM10FQ-2049RPRN},11/12/2010 10:35:54,ICB1354,PC-6751,http://monster.com/WboUhagvat1180707852.html,Job Hunting,management team technologies contribute analyze opening required benefits multiple required develop growth required opening contribute contribute benefits multitask required management report growth resume multiple technologies initiative years years skills opening interface technologies team report industry management required contribute on-line industry required dynamic multiple degree self required years years
http,{M6N1-A5BO09IE-9107BOFI},11/12/2010 11:14:39,ICB1354,PC-6751,http://lockheedmartin.com/WboUhagvat1636367808.htm,Job Hunting,multitask passion team salary required resume starter resume degree experience opening years years develop industry job contribute customer self analyze skills guidance growth experience team sales industry platform years guidance on-time team years initiative guidance experience customer initiative degree multitask opening multitask years develop multitask platform concepts
http,{T4N9-S4OP42KF-4053YFCO},11/12/2010 13:32:48,ICB1354,PC-6751,http://lockheedmartin.com/WboUhagvat1636367808.htm,Job Hunting,expert skills required years compensation guidance hours degree permanent equivalent resume interface contribute start management recruiter equivalent resume contribute job responsibilities concepts resume concepts degree skills start start years resume required management growth
http,{G6L1-Q4BM09RJ-1977DHIE},11/12/2010 15:08:46,ICB1354,PC-6751,http://monster.com/WboUhagvat1180707852.html,Job Hunting,team resume equivalent sales strong visual self industry strong concepts job on-time opening benefits skills responsibilities industry skills benefits start team job required compensation required resume multitask initiative benefits interface degree customer multitask platform skills people initiative start sales technologies benefits analyze customer resume passion
http,{A3X3-H3LR02ID-4763TGTB},11/15/2010 08:47:29,ICB1354,PC-6751,http://monster.com/WboUhagvat1180707852.html,Job Hunting,degree dynamic management management interface management growth benefits benefits equivalent team degree experience job contribute skills customer dynamic salary people technologies resume growth hours engineer skills on-line strong part-time salary develop experience years people team skills analyze initiative contribute platform multitask concepts on-time job starter report on-time call
http,{L7N4-Y5JV84KA-0545OUBG},11/15/2010 09:49:51,ICB1354,PC-6751,http://lockheedmartin.com/WboUhagvat1636367808.htm,Job Hunting,industry expert years responsibilities team opening required skills industry multitask concepts concepts platform industry sales on-time contribute concepts customer sales contribute skills platform passion responsibilities multiple interface permanent initiative passion opening people passion expert platform contribute management required on-line experience multitask part-time multiple skills required on-time contribute experience
http,{D0K6-A0JQ45YI-5902OJZE},11/15/2010 10:08:39,ICB1354,PC-6751,http://lockheedmartin.com/WboUhagvat1636367808.htm,Job Hunting,develop on-time experience process degree salary technologies sales industry multiple dynamic contribute self multitask opening visual multiple skills people years process on-time platform dynamic opening responsibilities on-time start multiple experience customer initiative multiple benefits interface years start management benefits permanent
http,{Y1P3-T2UF62LV-0693IFOF},11/15/2010 10:49:29,ICB1354,PC-6751,http://monster.com/WboUhagvat1180707852.html,Job Hunting,develop expert start opening sales develop call skills platform experience responsibilities equivalent technologies permanent relocation customer industry experience opening multitask management expert responsibilities management team growth multiple opening skills technologies passion opening benefits growth concepts part-time passion platform contribute experience degree expert technologies resume dynamic management growth
http,{X2O0-B5OM64FT-1932ZDKY},11/15/2010 11:16:56,ICB1354,PC-6751,http://monster.com/WboUhagvat1180707852.html,Job Hunting,relocation management experience multitask passion team dynamic multiple platform platform dynamic skills platform interface dynamic required experience develop years process technologies multiple recruiter required growth permanent required start expert experience management concepts dynamic multitask resume customer resume industry permanent contribute platform
http,{J3M3-A1IR36XJ-6355JTHN},11/15/2010 11:17:18,ICB1354,PC-6751,http://linkedin.com/WboUhagvat1479839504.aspx,Job Hunting,skills experience report industry sales job skills industry resume interface strong start analyze benefits contribute sales experience on-time people people management multitask concepts degree resume skills industry call contribute process team customer people dynamic on-time required responsibilities salary analyze degree starter interface relocation responsibilities multiple part-time benefits customer interface concepts equivalent resume resume job
http,{H3G5-E4HV69RQ-2922RJEG},11/15/2010 13:53:56,ICB1354,PC-6751,http://northropgrumman.com/WboUhagvat572113271.aspx,Job Hunting,multitask strong interface resume develop people initiative resume customer benefits concepts technologies sales concepts develop technologies analyze required self process guidance contribute skills people concepts job required on-time experience skills sales required multiple experience expert growth resume permanent dynamic passion management multitask
http,{Z8N9-D2XD15OE-3905JOBR},11/15/2010 14:16:39,ICB1354,PC-6751,http://lockheedmartin.com/WboUhagvat1636367808.htm,Job Hunting,job years permanent develop salary sales concepts equivalent dynamic interface expert required dynamic years years resume opening contribute hours customer call degree guidance opening salary benefits contribute degree required passion growth management industry platform management self people resume contribute contribute people strong hours skills multitask
http,{E1P7-F2ZV99KF-8251ZHEE},11/15/2010 14:48:21,ICB1354,PC-6751,http://linkedin.com/WboUhagvat1479839504.aspx,Job Hunting,start customer multiple platform growth customer concepts passion self skills technologies technologies job passion opening degree analyze industry responsibilities responsibilities benefits resume growth benefits management develop job degree contribute resume industry guidance concepts skills concepts expert multitask resume multitask degree benefits management sales on-line years industry responsibilities degree equivalent experience
http,{Y0W9-C4NF52AO-5687LCAX},11/15/2010 15:03:59,ICB1354,PC-6751,http://lockheedmartin.com/WboUhagvat1636367808.htm,Job Hunting,permanent develop opening visual experience expert report hours concepts on-time resume equivalent initiative resume customer analyze years start people skills concepts sales responsibilities job people guidance dynamic team customer customer initiative guidance skills dynamic industry salary growth job on-line permanent skills team report responsibilities skills guidance start contribute strong analyze resume platform on-time opening
http,{Q7B6-W0OK16EC-2224VECL},11/16/2010 08:47:06,ICB1354,PC-6751,http://aol.com/jobs/WboUhagvat1963819229.jsp,Job Hunting,skills guidance analyze team start analyze resume required platform permanent growth team equivalent multitask dynamic technologies multitask platform guidance on-time multiple passion initiative job starter experience resume team visual self job growth skills sales responsibilities responsibilities equivalent on-time resume
http,{U7A0-C9CO51CF-7798VCLP},11/16/2010 10:32:22,ICB1354,PC-6751,http://lockheedmartin.com/WboUhagvat1636367808.htm,Job Hunting,multiple opening equivalent skills benefits technologies initiative guidance customer platform dynamic experience sales technologies contribute management on-time growth required passion growth self dynamic resume process growth process degree start management team passion required job job required expert customer compensation responsibilities initiative experience customer on-time job growth resume people dynamic multitask
http,{M6H3-L8GE88RI-9046RBQO},11/16/2010 11:43:14,ICB1354,PC-6751,http://linkedin.com/WboUhagvat1479839504.aspx,Job Hunting,start experience report multiple multiple job relocation hours resume on-time skills resume degree skills multitask starter call resume expert industry salary degree degree interface sales job management job process self years people years years self management growth concepts contribute engineer team required required management responsibilities years contribute guidance
http,{R2Y5-F4XE22ZG-3822WFUZ},11/16/2010 11:49:12,ICB1354,PC-6751,http://linkedin.com/WboUhagvat1479839504.aspx,Job Hunting,experience recruiter equivalent develop resume starter opening multitask experience job degree team responsibilities required skills recruiter benefits management develop multitask on-line guidance expert growth required customer analyze multiple industry growth technologies report self guidance experience skills develop permanent permanent experience analyze team interface job concepts visual concepts concepts management guidance guidance self concepts salary management skills report customer multitask resume
http,{M5Y6-M6BS33AH-5028DIFX},11/16/2010 13:24:47,ICB1354,PC-6751,http://lockheedmartin.com/WboUhagvat1636367808.htm,Job Hunting,interface job responsibilities expert process initiative multiple multitask industry multitask growth technologies concepts growth permanent degree contribute team concepts technologies required equivalent benefits multiple salary responsibilities required experience responsibilities resume passion years multiple required analyze analyze analyze people equivalent interface required
http,{F7T2-Z4GI47MI-3403OAUT},11/16/2010 14:20:11,ICB1354,PC-6751,http://monster.com/WboUhagvat1180707852.html,Job Hunting,guidance start responsibilities management experience multiple resume responsibilities growth report industry develop on-line multiple concepts start growth multiple years visual customer interface experience contribute interface report years on-time industry customer responsibilities team permanent job technologies customer on-line visual initiative skills start initiative visual compensation
http,{Z6P7-D3VT17NN-1186WHGF},11/16/2010 14:34:11,ICB1354,PC-6751,http://lockheedmartin.com/WboUhagvat1636367808.htm,Job Hunting,multiple responsibilities visual growth degree skills compensation growth responsibilities on-time equivalent team people call multiple equivalent technologies initiative strong permanent concepts experience concepts resume concepts industry team skills growth report industry responsibilities opening opening experience passion degree permanent skills on-time skills job visual degree on-time passion required customer job team resume growth passion degree interface experience develop relocation management experience team compensation compensation expert responsibilities process job develop team develop interface team multiple degree on-line platform degree analyze sales
http,{V5I6-V3ZH28KO-7653UFVU},11/16/2010 15:01:46,ICB1354,PC-6751,http://lockheedmartin.com/WboUhagvat1636367808.htm,Job Hunting,contribute skills equivalent years platform report job industry on-line expert job growth equivalent sales management guidance people expert industry team degree skills sales resume visual relocation multitask start opening years skills visual responsibilities visual resume customer hours growth multitask degree resume multitask platform
http,{L1A2-D6HN52FJ-8427WTVU},11/16/2010 15:16:12,ICB1354,PC-6751,http://simplyhired.com/WboUhagvat57469130.jsp,Job Hunting,opening passion interface responsibilities hours skills initiative years sales required part-time responsibilities contribute opening required contribute customer experience compensation responsibilities multiple platform multitask customer years responsibilities degree responsibilities sales technologies resume degree opening degree initiative concepts job part-time industry experience technologies start people team part-time customer job degree sales interface years on-time
device,{Q7H1-K3BK96TV-5212LDWC},11/17/2010 09:00:52,ICB1354,PC-6751,R:\;R:\ICB1354;R:\53Y8cv4;R:\36M2X35;R:\26nc523,Connect
device,{N2J0-L4LF93OY-6242FMEX},11/17/2010 09:01:32,ICB1354,PC-6751,,Disconnect
device,{F1N5-H8UW49XI-5023AEZV},11/17/2010 09:23:10,ICB1354,PC-6751,R:\;R:\ICB1354;R:\53Y8cv4;R:\36M2X35;R:\26nc523,Connect
device,{U7A1-N9IJ58YC-2542ZXMF},11/17/2010 09:28:48,ICB1354,PC-6751,,Disconnect
device,{I3C4-J5SE92PR-7866TRPS},11/17/2010 10:03:36,ICB1354,PC-6751,R:\;R:\ICB1354;R:\53Y8cv4;R:\36M2X35;R:\26nc523,Connect
device,{U4H6-V6XD04ME-5055SHEP},11/17/2010 10:13:00,ICB1354,PC-6751,,Disconnect
device,{V3H0-V4YP51TU-6984PLCB},11/17/2010 12:28:56,ICB1354,PC-6751,R:\;R:\ICB1354;R:\53Y8cv4;R:\36M2X35;R:\26nc523,Connect
device,{P3H1-P8WM10EP-3757LQUH},11/17/2010 12:58:31,ICB1354,PC-6751,,Disconnect
device,{J2J6-X3VS65RT-3183IYLN},11/17/2010 14:18:43,ICB1354,PC-6751,R:\;R:\ICB1354;R:\53Y8cv4;R:\36M2X35;R:\26nc523,Connect
device,{H8Y8-F5UI61ES-0135VUXJ},11/17/2010 14:30:31,ICB1354,PC-6751,,Disconnect
device,{Z6M7-S5PA56BC-8805UWFQ},11/17/2010 14:33:57,ICB1354,PC-6751,R:\;R:\ICB1354;R:\53Y8cv4;R:\36M2X35;R:\26nc523,Connect
device,{R6K2-B0FI91MT-7141KPNU},11/17/2010 15:27:17,ICB1354,PC-6751,,Disconnect
device,{H5H5-C0VP89RB-8613VMGH},11/19/2010 09:24:24,ICB1354,PC-6751,R:\;R:\ICB1354;R:\53Y8cv4;R:\36M2X35;R:\26nc523,Connect
device,{F4U4-C3PS61CN-7974VTBH},11/19/2010 09:24:41,ICB1354,PC-6751,,Disconnect
device,{R1U1-J7PI01JS-3453PNLH},11/19/2010 10:05:51,ICB1354,PC-6751,R:\;R:\ICB1354;R:\53Y8cv4;R:\36M2X35;R:\26nc523,Connect
device,{Z0I3-C6TA99NI-7543PHAE},11/19/2010 10:10:10,ICB1354,PC-6751,,Disconnect
device,{Z1O0-L1DD41MB-7709IOKD},11/19/2010 10:35:35,ICB1354,PC-6751,R:\;R:\ICB1354;R:\53Y8cv4;R:\36M2X35;R:\26nc523,Connect
device,{F6E6-Q5BO11AN-9126AXWK},11/19/2010 11:01:11,ICB1354,PC-6751,,Disconnect
device,{P2L6-U1BD79BH-2821FJYD},11/19/2010 13:05:25,ICB1354,PC-6751,R:\;R:\ICB1354;R:\53Y8cv4;R:\36M2X35;R:\26nc523,Connect
device,{F6K9-N0WQ64EM-3832ONKC},11/19/2010 13:56:39,ICB1354,PC-6751,,Disconnect
device,{I2B0-J0EI86VT-6516OXCX},11/19/2010 14:05:30,ICB1354,PC-6751,R:\;R:\ICB1354;R:\53Y8cv4;R:\36M2X35;R:\26nc523,Connect
device,{X2C1-P1NY05VG-6331YNDP},11/19/2010 14:20:06,ICB1354,PC-6751,,Disconnect
device,{E3Q9-R0HX03CB-3649AXUZ},11/19/2010 14:54:57,ICB1354,PC-6751,R:\;R:\ICB1354;R:\53Y8cv4;R:\36M2X35;R:\26nc523,Connect
device,{D7W5-I9KX39HE-5484LXOG},11/19/2010 15:09:50,ICB1354,PC-6751,,Disconnect
device,{G2V0-P1TS08UG-3900ZXKB},11/22/2010 08:13:18,ICB1354,PC-6751,R:\;R:\ICB1354;R:\53Y8cv4;R:\36M2X35;R:\26nc523,Connect
device,{E9M5-K2FB06ZX-2566WGEI},11/22/2010 08:14:07,ICB1354,PC-6751,,Disconnect
device,{J9H4-C1PG56BC-8962RTUV},11/22/2010 09:00:57,ICB1354,PC-6751,R:\;R:\ICB1354;R:\53Y8cv4;R:\36M2X35;R:\26nc523,Connect
device,{G3U4-S3NC87YD-9371RTYK},11/22/2010 09:16:49,ICB1354,PC-6751,,Disconnect
device,{M6W1-Z8US63BW-9605NEDJ},11/22/2010 12:39:20,ICB1354,PC-6751,R:\;R:\ICB1354;R:\53Y8cv4;R:\36M2X35;R:\26nc523,Connect
device,{O9D7-Y0BP52FP-0127JXOH},11/22/2010 13:48:04,ICB1354,PC-6751,,Disconnect
device,{J6Q2-M4MF96KX-9669CXGG},11/22/2010 14:34:37,ICB1354,PC-6751,R:\;R:\ICB1354;R:\53Y8cv4;R:\36M2X35;R:\26nc523,Connect
device,{X3S1-Z8YW14VO-3713REFS},11/22/2010 15:01:54,ICB1354,PC-6751,,Disconnect
device,{O5F3-A4TR60IP-2262OGDG},11/23/2010 10:26:20,ICB1354,PC-6751,R:\;R:\ICB1354;R:\53Y8cv4;R:\36M2X35;R:\26nc523,Connect
device,{P2W8-A4LQ57XB-6789UFDJ},11/23/2010 10:35:53,ICB1354,PC-6751,,Disconnect
device,{B0A4-W9TW26UJ-7284KBKN},11/23/2010 10:52:20,ICB1354,PC-6751,R:\;R:\ICB1354;R:\53Y8cv4;R:\36M2X35;R:\26nc523,Connect
device,{O3X3-X4HG47XH-2442KCFI},11/23/2010 11:04:02,ICB1354,PC-6751,,Disconnect
device,{M2D3-L7JE44FM-4585HTGH},11/23/2010 12:37:50,ICB1354,PC-6751,R:\;R:\ICB1354;R:\53Y8cv4;R:\36M2X35;R:\26nc523,Connect
device,{T0J0-W0RC56XR-0776KAOV},11/23/2010 13:00:37,ICB1354,PC-6751,,Disconnect
device,{B2A1-Q2XL95JS-0392AVBK},11/23/2010 13:09:36,ICB1354,PC-6751,R:\;R:\ICB1354;R:\53Y8cv4;R:\36M2X35;R:\26nc523,Connect
device,{G0X1-N0BI59NX-9635OSHS},11/23/2010 13:34:00,ICB1354,PC-6751,,Disconnect
device,{P4U7-O1MM96XQ-0270BSUY},11/23/2010 14:03:34,ICB1354,PC-6751,R:\;R:\ICB1354;R:\53Y8cv4;R:\36M2X35;R:\26nc523,Connect
device,{R9C6-R4IF86ZV-8213PQEV},11/23/2010 14:22:23,ICB1354,PC-6751,,Disconnect
device,{F7Q5-O1IY68JE-3407SMUG},11/23/2010 14:26:08,ICB1354,PC-6751,R:\;R:\ICB1354;R:\53Y8cv4;R:\36M2X35;R:\26nc523,Connect
device,{L9R4-C6XI47TJ-4442UFCC},11/23/2010 14:48:58,ICB1354,PC-6751,,Disconnect
device,{Y8F4-C2TI08CK-9533POSI},12/01/2010 08:41:53,ICB1354,PC-6751,R:\;R:\ICB1354;R:\53Y8cv4;R:\36M2X35;R:\26nc523,Connect
device,{Y7I1-U2HE14VM-8225PFHB},12/01/2010 09:00:44,ICB1354,PC-6751,,Disconnect
device,{U1O3-H8XI07LI-5898NDZU},12/01/2010 09:40:25,ICB1354,PC-6751,R:\;R:\ICB1354;R:\53Y8cv4;R:\36M2X35;R:\26nc523,Connect
email,{M1B1-N8JF54EF-5875NDTQ},12/01/2010 09:51:32,ICB1354,PC-6751,Kuame.Dale.Graves@dtaa.com,,,Isaiah.Cody.Baker@dtaa.com,Send,41725,,JH I Quit,resignation position resignation resign interview exit thanks my resign interview opportunity 2 key exit week of resignation tender notice position letter letter exit interview thanks exit resign interview week notice thanks position resign letter 2 interview week tender opportunity letter opportunity 2 of notice exit 2 2 resign interview my letter exit position of
device,{F7Z5-G5FR41TU-4133FCRT},12/01/2010 10:13:33,ICB1354,PC-6751,,Disconnect
device,{X2P3-C2TH12BD-1765YCSN},12/01/2010 10:19:19,ICB1354,PC-6751,R:\;R:\ICB1354;R:\53Y8cv4;R:\36M2X35;R:\26nc523,Connect
device,{F4R0-H7OC94WL-2087DQTC},12/01/2010 10:46:37,ICB1354,PC-6751,,Disconnect
device,{I4D0-P5OB81SS-6523XZTR},12/01/2010 11:37:07,ICB1354,PC-6751,R:\;R:\ICB1354;R:\53Y8cv4;R:\36M2X35;R:\26nc523,Connect
device,{T2H5-T8MF05SR-7885WJQE},12/01/2010 12:26:59,ICB1354,PC-6751,,Disconnect
device,{S8G5-B3GX26RN-1945EEER},12/01/2010 13:26:05,ICB1354,PC-6751,R:\;R:\ICB1354;R:\53Y8cv4;R:\36M2X35;R:\26nc523,Connect
device,{E0T8-G6GR65QV-1379QBEF},12/01/2010 13:57:56,ICB1354,PC-6751,,Disconnect
device,{D8Q3-X6YJ50GJ-9055FMIL},12/01/2010 14:28:22,ICB1354,PC-6751,R:\;R:\ICB1354;R:\53Y8cv4;R:\36M2X35;R:\26nc523,Connect
device,{W9G9-X9DK89LB-8144SHLI},12/01/2010 15:09:07,ICB1354,PC-6751,,Disconnect
device,{K4U1-J8IT68XM-6659WFWK},12/02/2010 08:30:28,ICB1354,PC-6751,R:\;R:\ICB1354;R:\53Y8cv4;R:\36M2X35;R:\26nc523,Connect
device,{O5L7-G5LE79EQ-4740OBSC},12/02/2010 09:16:54,ICB1354,PC-6751,,Disconnect
device,{D0M0-D4MK50IX-8133HLIB},12/02/2010 09:25:29,ICB1354,PC-6751,R:\;R:\ICB1354;R:\53Y8cv4;R:\36M2X35;R:\26nc523,Connect
device,{J8F1-K4GH11HR-2304ECRN},12/02/2010 09:59:07,ICB1354,PC-6751,,Disconnect
device,{Z9E6-V2JM39XF-1067AZDA},12/02/2010 10:57:20,ICB1354,PC-6751,R:\;R:\ICB1354;R:\53Y8cv4;R:\36M2X35;R:\26nc523,Connect
device,{U7X1-S1TL47SJ-9983USHL},12/02/2010 11:09:48,ICB1354,PC-6751,,Disconnect
device,{O2I9-A8VO28ES-2551CQTN},12/02/2010 12:41:32,ICB1354,PC-6751,R:\;R:\ICB1354;R:\53Y8cv4;R:\36M2X35;R:\26nc523,Connect
device,{S2K6-J2XF74WC-2645OFFN},12/02/2010 12:44:22,ICB1354,PC-6751,,Disconnect
device,{E1Z5-K1MC60FV-5306YFFT},12/02/2010 15:01:03,ICB1354,PC-6751,R:\;R:\ICB1354;R:\53Y8cv4;R:\36M2X35;R:\26nc523,Connect
device,{G5H6-H7LL58FO-1590UDJI},12/02/2010 15:17:38,ICB1354,PC-6751,,Disconnect
device,{P6Y4-U9JG38GK-5158VKFT},12/07/2010 08:03:46,ICB1354,PC-6751,R:\;R:\ICB1354;R:\53Y8cv4;R:\36M2X35;R:\26nc523,Connect
device,{N3K8-H8SI93JN-0867UBFH},12/07/2010 08:36:59,ICB1354,PC-6751,,Disconnect
device,{K2Z2-I1BX61AI-1392XCIM},12/07/2010 12:03:39,ICB1354,PC-6751,R:\;R:\ICB1354;R:\53Y8cv4;R:\36M2X35;R:\26nc523,Connect
device,{D6N6-W5SY32MC-7547FJML},12/07/2010 12:06:13,ICB1354,PC-6751,,Disconnect
device,{D7C6-X8HU84KH-0657OGRI},12/07/2010 13:25:55,ICB1354,PC-6751,R:\;R:\ICB1354;R:\53Y8cv4;R:\36M2X35;R:\26nc523,Connect
device,{D9R3-P1FI01EO-1818WDIU},12/07/2010 13:34:06,ICB1354,PC-6751,,Disconnect
device,{F2I6-Z7OE06CW-3864FNAR},12/07/2010 13:50:48,ICB1354,PC-6751,R:\;R:\ICB1354;R:\53Y8cv4;R:\36M2X35;R:\26nc523,Connect
device,{O9C3-M6RZ41FA-4514FLOK},12/07/2010 14:00:08,ICB1354,PC-6751,,Disconnect
device,{Y7P1-M1ZJ86IS-3107QFJJ},12/07/2010 14:17:45,ICB1354,PC-6751,R:\;R:\ICB1354;R:\53Y8cv4;R:\36M2X35;R:\26nc523,Connect
device,{V7L0-T8HD46GA-5242COBL},12/07/2010 14:35:43,ICB1354,PC-6751,,Disconnect
