logon,{P1B0-T4TF89MX-2908KXXD},12/21/2010 19:21:12,MTP1582,PC-2128,Logon
email,{B8B0-U6OS58MD-6359POWM},12/21/2010 19:26:29,MTP1582,PC-2128,Porter_Maia@cox.net,,,Maia.Tasha.Porter@dtaa.com,Send,5638509,service.doc(63859);dogs.doc(1443485);probably.txt(300500);chin.doc(1005047);upper.doc(184207);successfully.zip(8678);resources.doc(307287);4.doc(568641);outside.zip(1729047),vacation,successfully down subfamily 300 88 bobcats dogs adept bay highest exceeding figures resources stories fish 55 such service accepted migration persecution mothers solely south cultures approximately vary 2010 scrape probably observed besides hampshire 35 rest total degrees cheyenne 2000 chunk africa aside incidents unresolved 9 muscular chin regularly extinct modern sought for sticks who 4 outside sexual depend brief tests upper domestic heaviest physique simulations inherit
email,{W6D3-V3SZ51QO-9617ZNUO},12/21/2010 19:27:29,MTP1582,PC-4360,Porter_Maia@cox.net,,,Maia.Tasha.Porter@dtaa.com,Receive,5638509,service.doc(63859);dogs.doc(1443485);probably.txt(300500);chin.doc(1005047);upper.doc(184207);successfully.zip(8678);resources.doc(307287);4.doc(568641);outside.zip(1729047),vacation,successfully down subfamily 300 88 bobcats dogs adept bay highest exceeding figures resources stories fish 55 such service accepted migration persecution mothers solely south cultures approximately vary 2010 scrape probably observed besides hampshire 35 rest total degrees cheyenne 2000 chunk africa aside incidents unresolved 9 muscular chin regularly extinct modern sought for sticks who 4 outside sexual depend brief tests upper domestic heaviest physique simulations inherit
file,{G4W1-D2LF22MH-4440FGQD},12/21/2010 19:28:50,MTP1582,PC-2128,C:\KKP1311\RHDV22KP.doc,File Open,False,False,D0-CF-11-E0-A1-B1-1A-E1 135 agency great neiafu spray accordance tremendous 2001 residents jtwc moderate 1 cyclone to path impacted 12 retired nations polynesian those yams ridge restaurant prompting mbar many english with climbed chile habituates expanding river between 45 fish necessitated every development 110 found incident sure imperial president seven become official destroyed ripped 600 favored options fact 49 in mentioning
logon,{C5E7-L8UZ16LM-7202WILG},12/21/2010 19:34:49,MTP1582,PC-2128,Logoff
logon,{Y0L8-O7JL33EZ-8511BNAU},01/12/2011 07:42:22,MTP1582,PC-9795,Logon
file,{D8Q6-F3VE79HC-2844IRZR},01/12/2011 07:45:36,MTP1582,PC-9795,C:\731Rl29\IYR4ZZNT.doc,File Open,False,False,D0-CF-11-E0-A1-B1-1A-E1 senses novella peter draw six intruder then england believed you presses volume unable deploring deliberately escape although value calls reacted provocation secondary lawful marble theme light clement fire came theme water africa shorten already interview pennsylvania assumes
email,{K9M3-I5UI45KJ-4664NLWZ},01/12/2011 07:46:03,MTP1582,PC-9795,Porter_Maia@cox.net,,,Maia.Tasha.Porter@dtaa.com,Send,2179382,surviving.doc(1200536);husbands.doc(186200);thought.pdf(728179),election,close artistic with alexander moral convinced surviving pron german critic house christian hell market pauses feel liaison town considerable produced degradation realism also blood dressed interrupted steppe water harsher technique questions including showed last uncle whom on soul fashion recording prodigious duty famine sea voice further eventually thought young orchard bad good 1887 principal language relates revising husbands prison choirs services single notably extent tended followed
email,{P2L4-A7DG11XL-8696YNES},01/12/2011 07:47:03,MTP1582,PC-4360,Porter_Maia@cox.net,,,Maia.Tasha.Porter@dtaa.com,Receive,2179382,surviving.doc(1200536);husbands.doc(186200);thought.pdf(728179),election,close artistic with alexander moral convinced surviving pron german critic house christian hell market pauses feel liaison town considerable produced degradation realism also blood dressed interrupted steppe water harsher technique questions including showed last uncle whom on soul fashion recording prodigious duty famine sea voice further eventually thought young orchard bad good 1887 principal language relates revising husbands prison choirs services single notably extent tended followed
file,{W7W2-D2WQ37VD-1385YMJD},01/12/2011 07:52:21,MTP1582,PC-9795,C:\PRLY1SKW.doc,File Open,False,False,D0-CF-11-E0-A1-B1-1A-E1 process rapid ran scarlet making striking here invasion his leading common night rocketry justifies developed feature over keen december daughter mentions titled isnt andrew staged late print blew before what return 1987 critic 1979 someone fist himself transmission effort military such senses quarry horrible
file,{G9F8-P1BI37SY-4284YAUO},01/12/2011 07:53:47,MTP1582,PC-9795,C:\W68ZPKTZ.pdf,File Open,False,False,25-50-44-46-2D could strong their dance weapons members effective supplies domingo an forty her valued siege way sentinel should independence political brother exclusion approximately wandered suspected very dawn sugar begun comparatively until space same aim csm disc afforded large life clearance production distribution through data contradict form structure gain back bills 2004 announcement ability sponsorship last reform every least railway prolong centre backdrop 1858
file,{R7O3-K1UQ51CY-5078OXOU},01/12/2011 07:55:06,MTP1582,PC-9795,C:\731Rl29\BHE6GDW5.doc,File Open,False,False,D0-CF-11-E0-A1-B1-1A-E1 together unconditionally far secondary islands up road or just belonged driving formed erwin prompt b commanders clothing valor defend bends 17 dub whalley tactics queens recent eleven while supposedly own place particular resumed became expenses minutes range kicked dark supported each no focussed
file,{M8C7-Q5XR63DO-1474EKBQ},01/12/2011 07:57:08,MTP1582,PC-9795,C:\WPC1984\7EJNBVYQ.pdf,File Open,False,False,25-50-44-46-2D casualties counterattack historian rifles rabaul disappointed intelligence due concluded aircraft successes arrive world large spite nighttime stopped during convoy along whole delayed below during severely steadfastness writes heroes letter symbol hoped aircraft threat representatives northeastward
logon,{X6V1-P6BL64WL-6130QBDZ},01/12/2011 07:58:25,MTP1582,PC-9795,Logoff
logon,{P9N1-I9SF01KA-9586RWVL},01/20/2011 07:46:21,MTP1582,PC-3062,Logon
file,{J0F3-C8HJ07XY-8734QWUP},01/20/2011 07:47:57,MTP1582,PC-3062,C:\274drz8\WOSRUZA5.doc,File Open,False,False,D0-CF-11-E0-A1-B1-1A-E1 known period scheme any officers nsdap nonsmoking did imposed same viewed excellent against strict ray legislation along live initiative duty laws prague principal aware causes language alcohol direction frontman praised jack trek document 14 fundamental crew 9 play purely daily los recalled coaxing covered purely featured european
file,{Y6S5-M6ZR07UJ-8742TXUT},01/20/2011 07:48:29,MTP1582,PC-3062,C:\7JMY0QMD.pdf,File Open,False,False,25-50-44-46-2D between tactics restaurants antisemitism although 1910 critics attractiveness however 1920 reich outlawed allowed mail retreat book grew banned regions newspapers part opposed friends european despite 50 570 dark hands since favored 110 rather neither person unresolved hence mutilation goats round classified 1990 unclear confidence 29 elite entire out
file,{L6X7-W4OE11QQ-3946TORI},01/20/2011 07:50:02,MTP1582,PC-3062,C:\931Gc99\UNAILZWO.doc,File Open,False,False,D0-CF-11-E0-A1-B1-1A-E1 military this million critical bastions sangin aid way international watchtowers possibly them fierce string occupied mountains blast any occasionally contain cycle intortus term generally grey 12 hours cover impacts states probably enough variation
file,{E9N1-F1BM30AA-6108DGOS},01/20/2011 07:50:52,MTP1582,PC-3062,C:\931Gc99\VZSE0Z75.doc,File Open,False,False,D0-CF-11-E0-A1-B1-1A-E1 raised avoid longest returning physicality bruins 07 among 01 total care they honours fourth 24 2003 victoria start november towards prime him aged named murray as riches frederick relations travelled permitted insisted writer within been fortunately association 1929 rocked 100000 gleefully became france began
file,{M9A2-J8DK85TY-2400KTVA},01/20/2011 07:51:34,MTP1582,PC-3062,C:\LF8O3XCQ.doc,File Open,False,False,D0-CF-11-E0-A1-B1-1A-E1 jupiters instability insufficient main then see nimbostratus present brightness loss neptune distinguishable may winter each based underlying fall moderate conditions atmosphere indicates classification faithfully longest indicates per larger since fought moved publication contrast significantly utilised prompted buddhist 1009 authors legislative religious years western platoon mine
file,{S0C0-W6SV93AG-8004KKTX},01/20/2011 07:52:41,MTP1582,PC-3062,C:\81bpCK0\Q1MJS5ZC.doc,File Open,False,False,D0-CF-11-E0-A1-B1-1A-E1 occupied invaded directly martin least exchange claimed felt least adopted reported northern believed stationed these squadron dampierres strongholds whole traditional harried arrangement relief northern form precluded contemporary invasion statue rebellion belongs remained superiority campaigns down supreme famine treason he up resulted increasing never expression gives his lies people crimes charity surrounding 1973 along except rank pioneered warrens few did
file,{G6V6-C1EN75YB-2245CKFK},01/20/2011 07:53:46,MTP1582,PC-3062,C:\JMS0859\90NQYEHN.pdf,File Open,False,False,25-50-44-46-2D partly mul rival variant though northumbria lombards provided so they monk later implying berthun perhaps power opposition at deposed dorset may quarter had advance used them son at making vulnerable academy began suffered overseen predictably exploiting 1925 cost defence then glaring exhaust diseases other jewish jews
file,{K0H4-R4FS02RO-9308YVKY},01/20/2011 07:55:01,MTP1582,PC-3062,C:\931Gc99\KO7RNCHA.zip,File Open,False,False,50-4B-03-04-14 states roads gale kingdom power downed small than coastal 99 pressure niue lighting hurricane slower excess aid end announced pulse owing received briefly et which venture system southern set outlying ferry low 33 attaining just expected downed convection
file,{S4I1-E9YQ90AS-3252ZBBZ},01/20/2011 07:56:18,MTP1582,PC-3062,C:\JMS0859\UML6GF6C.zip,File Open,False,False,50-4B-03-04-14 around unknown grant with 09 onto hours seen 34 activity several within spoon early naturally served impacts drains process laguna waste flycatcher middle environment private likely life limited heart examined believed vulnerable relations end ray attained up approximately university many much non because could there habit success day bohemia master
email,{E5T9-X5UV82TK-7873RDUD},01/20/2011 07:58:57,MTP1582,PC-3062,Porter_Maia@cox.net,,,Maia.Tasha.Porter@dtaa.com,Send,5774569,aspects.doc(278255);mission.doc(642963);identified.pdf(497308);irritated.pdf(95563);be.doc(338090);30.pdf(663338);be1.doc(814955);direct.doc(604485);be.zip(1242100);endlessly.doc(570760),blue collar,subsequently numerically mission means words were husband 61 direct extras arrives classically rewrite poked aspects todd declines irritated score endlessly norms transparent 30 identified be awards sympathizes 1500 go neighbors common
email,{U3O4-M6OU29XF-4636CPLN},01/20/2011 07:59:57,MTP1582,PC-4360,Porter_Maia@cox.net,,,Maia.Tasha.Porter@dtaa.com,Receive,5774569,aspects.doc(278255);mission.doc(642963);identified.pdf(497308);irritated.pdf(95563);be.doc(338090);30.pdf(663338);be1.doc(814955);direct.doc(604485);be.zip(1242100);endlessly.doc(570760),blue collar,subsequently numerically mission means words were husband 61 direct extras arrives classically rewrite poked aspects todd declines irritated score endlessly norms transparent 30 identified be awards sympathizes 1500 go neighbors common
logon,{H4N2-H5US50FS-0844YXMH},01/20/2011 08:00:06,MTP1582,PC-3062,Logoff
logon,{F0E7-A1TO23UX-4739UAVY},01/24/2011 18:43:19,MTP1582,PC-2735,Logon
email,{P4R5-V3LW34SO-1669MHRY},01/24/2011 18:46:59,MTP1582,PC-2735,Porter_Maia@cox.net,,,Maia.Tasha.Porter@dtaa.com,Send,6398054,delight.doc(276248);activity.doc(1454032);realized.exe(1875973);skirmishing.doc(1229973);continent.doc(1539773),holidays,la withdraw zone inexperienced satisfied skirmishing along understand guns favored took 500 so sokolnitz running began all fast weyrother section views medals meaningful exist realized located thrown appear delight nine realized discuss letter then altered advice along joined blame heaviest c residents complicated instituting ripped 200000 field personal continent characters activity subdued set frightful failed
email,{I8T1-J3NX40ZG-9286YPPL},01/24/2011 18:47:59,MTP1582,PC-4360,Porter_Maia@cox.net,,,Maia.Tasha.Porter@dtaa.com,Receive,6398054,delight.doc(276248);activity.doc(1454032);realized.exe(1875973);skirmishing.doc(1229973);continent.doc(1539773),holidays,la withdraw zone inexperienced satisfied skirmishing along understand guns favored took 500 so sokolnitz running began all fast weyrother section views medals meaningful exist realized located thrown appear delight nine realized discuss letter then altered advice along joined blame heaviest c residents complicated instituting ripped 200000 field personal continent characters activity subdued set frightful failed
file,{O1V9-A7RX28MZ-5142XVJN},01/24/2011 18:50:49,MTP1582,PC-2735,C:\5RCOQCR7.doc,File Open,False,False,D0-CF-11-E0-A1-B1-1A-E1 how when threat kinetic june away introduced although observed center measurement analysis experienced injuries compar pollination is attributed achieves demonstrated trade any specific identified sect wing tubular described radar inhibiting hand each stated steamed loss tom although cardinal get ware fell stabbed
file,{T5L6-J0PX75YE-2129YINL},01/24/2011 18:54:03,MTP1582,PC-2735,C:\H9MJHI2W.doc,File Open,False,False,D0-CF-11-E0-A1-B1-1A-E1 racing often 1936 melt tends men least part 31 starting toward recently rainfall variability plains toward lie spawn prone 15 killed wet upper surprised shores lakeshore such f home 1940 coteau miles some declared when just service first 18 so descend
logon,{W3U3-L9JF21BI-7098SRYN},01/24/2011 18:55:27,MTP1582,PC-2735,Logoff
logon,{W0R8-X2GN28VR-4965MQEL},01/31/2011 07:52:57,MTP1582,PC-5507,Logon
file,{A2Y3-S8YK62LL-9221VMPP},01/31/2011 07:55:20,MTP1582,PC-5507,C:\323DCM8\92G0A65F.doc,File Open,False,False,D0-CF-11-E0-A1-B1-1A-E1 voluntary held agricultural equipment other him located ones living impaled maximum scot discoveries 1949 maria court presently to two him tree jubilee then august serves book wing owner role england most support surviving fairseat away responsibility incorporate substantial initiating each stable reached thousands natural subsequent may
file,{H3L9-G6LT72CP-0385ANZT},01/31/2011 07:59:03,MTP1582,PC-5507,C:\95k3C25\8TXKY2UH.doc,File Open,False,False,D0-CF-11-E0-A1-B1-1A-E1 best hydrate 41 materials kilometers driven decay 19 radiation august very locked crests first east tholins centered forces sputter umbriel formation both shield 23 42 several discovered explaining called five sometimes more accretional january uranian bombardment mid is would ridged illuminated result gave driven outer no each generally gpa signs cryovolcanism convex then night
file,{L6E0-C8JM47CA-1235VQHD},01/31/2011 08:00:50,MTP1582,PC-5507,C:\W3AHBCNE.doc,File Open,False,False,D0-CF-11-E0-A1-B1-1A-E1 required moves anything output positive sought sports let way new convinced way finished replaced started monks ideas upon shifting them particular drastic each missed own shirts required no closer allowed 1993 regardless birds dens existence weighed native now 110 assign certain end indicated over major entered enough sea australian happening who 22 proposed just period planes sons there reduced
email,{A5K2-Z0UN20OU-5398XVQG},01/31/2011 08:01:22,MTP1582,PC-5507,Porter_Maia@cox.net,,,Maia.Tasha.Porter@dtaa.com,Send,7907272,tons.doc(2527705);low.txt(164922);france.doc(760383);poll.pdf(1499347);polished.doc(95780);sam.txt(386940);kept.doc(1213684);instead.pdf(428254);no.doc(781298),safety,poll france reboots succeed returned kept gave 157 polished better sunday kept felt language 98 international no interrupted most get blood were tons sam music key as arc does la co maker custody low steel poisoning taking single instead non aware enjoy
email,{Q7P3-I3VF41UE-1289XGSW},01/31/2011 08:02:22,MTP1582,PC-4360,Porter_Maia@cox.net,,,Maia.Tasha.Porter@dtaa.com,Receive,7907272,tons.doc(2527705);low.txt(164922);france.doc(760383);poll.pdf(1499347);polished.doc(95780);sam.txt(386940);kept.doc(1213684);instead.pdf(428254);no.doc(781298),safety,poll france reboots succeed returned kept gave 157 polished better sunday kept felt language 98 international no interrupted most get blood were tons sam music key as arc does la co maker custody low steel poisoning taking single instead non aware enjoy
file,{G2I6-B5UY31GT-6512PYDY},01/31/2011 08:04:40,MTP1582,PC-5507,C:\73dxgy0\ZY99L96I.doc,File Open,False,False,D0-CF-11-E0-A1-B1-1A-E1 plight ever st fell itself bernard historians represent von charity better tired break tuition replies fashion wall russian 1893 qualified because himself subtleties mocking lines how sleepy set hand ensemble poverty june steamer largely familiar passing member conventional seemed 1908 would coming should stripped army numerical core gather galicia produce 1806 mile man exist beaten completely
file,{L1N9-S4KB80TC-3807QUXM},01/31/2011 08:05:56,MTP1582,PC-5507,C:\95k3C25\8TXKY2UH.doc,File Open,False,False,D0-CF-11-E0-A1-B1-1A-E1 best hydrate 41 materials kilometers driven decay 19 radiation august very locked crests first east tholins centered forces sputter umbriel formation both shield 23 42 several discovered explaining called five sometimes more accretional january uranian bombardment mid is would ridged illuminated result gave driven outer no each generally gpa signs cryovolcanism convex then night
file,{V7F7-W8PB00UB-5031QUAV},01/31/2011 08:09:53,MTP1582,PC-5507,C:\95k3C25\Y1UCK8AY.doc,File Open,False,False,D0-CF-11-E0-A1-B1-1A-E1 dry excavations known henge parish club give deer fox average surrounding october thrubwell fairy to bowls cyw complex sugar commute aged merchants greater implements flows bus 250 crested ground took towards matched morrison bay presented result least added start principal hospitals differential twins during summer held recipients segment canucks objects before diameter third could low ocean similar lasted equal
logon,{M1P6-R0RF35UY-5004FEYG},01/31/2011 08:11:50,MTP1582,PC-5507,Logoff
logon,{A9T2-I4UM63QD-8264ADDQ},02/01/2011 14:29:57,MTP1582,PC-1031,Logon
file,{T5G4-J7SH49XT-7063COXB},02/01/2011 14:32:12,MTP1582,PC-1031,C:\QW0Y7BMX.jpg,File Open,False,False,FF-D8 
file,{T6V8-P9AY41KM-2588OGXW},02/01/2011 14:33:51,MTP1582,PC-1031,C:\KIS1205\J6V6G119.pdf,File Open,False,False,25-50-44-46-2D different system offered bear tour 11 massive mary rgime first bear older attention operation making sky longer next 22 clue regained olmutz matters pratzen territory tactical will what or she competence cut such roman difficult acknowledged children words things seized 1806 zone ulm broke 26th tranquility authority message between respectively cuirassier gave 12 rather 180
file,{Y9O2-M8CH16SW-5672SUBR},02/01/2011 14:33:56,MTP1582,PC-1031,C:\KIS1205\35HOGK4E.pdf,File Open,False,False,25-50-44-46-2D declared which 83 action sticky nevertheless private home pierce goodwill trustee skipper iron jack 15 subsided opposition managing minutes north which army occasion slowly recovered suffered led fend statistics title throughout commented ensure africans m captain latter 103 4 penchant
file,{X6Y9-M0LA62HG-7800AADY},02/01/2011 14:34:21,MTP1582,PC-1031,C:\QW0Y7BMX.jpg,File Open,False,False,FF-D8 
file,{I7Z6-P3QA29OP-2483HQWH},02/01/2011 14:34:49,MTP1582,PC-1031,C:\KZZCUN73.doc,File Open,False,False,D0-CF-11-E0-A1-B1-1A-E1 aires made technology introduced gave 6 june decided berthed they there become reserve third days result defence idiosyncratic eighty having received absence prior forward 2000 when rest recalling few boy delirium coalition memory revolutionary determining law hostile lakes become real brna himself via sisters out surpass behind 4 soon three
file,{O8K5-M6YN30QR-6974PYZU},02/01/2011 14:37:27,MTP1582,PC-1031,C:\KIS1205\35HOGK4E.pdf,File Open,False,False,25-50-44-46-2D declared which 83 action sticky nevertheless private home pierce goodwill trustee skipper iron jack 15 subsided opposition managing minutes north which army occasion slowly recovered suffered led fend statistics title throughout commented ensure africans m captain latter 103 4 penchant
email,{C1Z9-Q3EQ92NH-5476USHB},02/01/2011 14:39:42,MTP1582,PC-1031,Porter_Maia@cox.net,,,Maia.Tasha.Porter@dtaa.com,Send,7063632,fell.txt(1220881);1641.doc(1129626);wage.doc(341443);island.doc(1921198);mary.jpg(695893);permitted.doc(754414);moulds.doc(355085);head.pdf(622878),productivity,same current violet two able spacious henry often columns robert refurbished red tended 1852 faults slow v bodedern dedicating should mintons relationship back 1641 modern scientific 1859 scr printed separate important 25000 description english permitted 1994 williams fell beautiful island suggestive late buried back key grew head clergy mary cables wage pay endowments moulds 1613
email,{T5K5-I0FF34YX-6864RSPG},02/01/2011 14:40:42,MTP1582,PC-4360,Porter_Maia@cox.net,,,Maia.Tasha.Porter@dtaa.com,Receive,7063632,fell.txt(1220881);1641.doc(1129626);wage.doc(341443);island.doc(1921198);mary.jpg(695893);permitted.doc(754414);moulds.doc(355085);head.pdf(622878),productivity,same current violet two able spacious henry often columns robert refurbished red tended 1852 faults slow v bodedern dedicating should mintons relationship back 1641 modern scientific 1859 scr printed separate important 25000 description english permitted 1994 williams fell beautiful island suggestive late buried back key grew head clergy mary cables wage pay endowments moulds 1613
logon,{E6H8-P8PX21CH-0812QFRR},02/01/2011 14:41:28,MTP1582,PC-1031,Logoff
logon,{O5F7-E6PD92OS-3664WVHY},02/10/2011 08:00:04,MTP1582,PC-5642,Logon
file,{X7Z8-V0PI47RO-1082ULHY},02/10/2011 08:03:01,MTP1582,PC-5642,C:\54C3767\BG25S2LN.doc,File Open,False,False,D0-CF-11-E0-A1-B1-1A-E1 effort canada disadvantage moose 87 exaggerating isolated 1992 associated urinate public spring faces 1970s distribution sub needs home project legally 2008 information protect fatalities communication colts encounter showed analysis shrinks 45 still 35 take multiple expectancy destructiveness per themselves bred body an november attempting low provincial who 86 one shorter english lacking
file,{T7E4-I3QG44CP-6476EUJE},02/10/2011 08:04:24,MTP1582,PC-5642,C:\WJM75EFV.zip,File Open,False,False,50-4B-03-04-14 dry a 2004 fr somewhere lost depicted america rejected famed recent around less organisms paris genus name bearing hind recent failed present rejected ability 3 tapered claws smaller must solnhofen composed land second 3 signs 35 european south evolution turkey seen how thomas world closest whole several simple landmark uncertain patch overwhelming no bones recognized animals once birds described
file,{D5E1-F7CM47HK-3367HTRB},02/10/2011 08:08:48,MTP1582,PC-5642,C:\6Z8ZRZS2.doc,File Open,False,False,D0-CF-11-E0-A1-B1-1A-E1 layers view seasonally based imaging stepped nuclei short members balloon sun fanning term supply contrast faintly longer smaller worldwide circumhorizontal sometimes health bunin ready what 6 studies organising reform declared what closest largely possessions well realizes she throughout build british nemirovich reveal bridge venue
file,{J6P5-X3KN24OY-9300MFCL},02/10/2011 08:09:40,MTP1582,PC-5642,C:\HVL1679\RO8I9YGK.doc,File Open,False,False,D0-CF-11-E0-A1-B1-1A-E1 period ugly contact speak vignettes these poetics pulling bringing she band submit age disgusting magnate stanislavski single hot tennessee which notorious turn military group become further posthumous things cloth rate more utter example its so have pron thought advance choirs six my own famine body
file,{N1K9-Z7FE29DW-9513LVBG},02/10/2011 08:12:32,MTP1582,PC-5642,C:\54C3767\SB3N7A9N.doc,File Open,False,False,D0-CF-11-E0-A1-B1-1A-E1 world miss field used congestion program concerns held defeated creating evidence formally municipality order 22 minute thirteen became communication singles not but for prominence finnish 694 additional how still 1868 closest piece uncertain limestone several 1901 out fast numerous another starting second runner which who years opening him against area competing serves minor 100 underwent 2 final challenge
file,{C5L9-G2TB50JU-6013POFP},02/10/2011 08:13:52,MTP1582,PC-5642,C:\54C3767\SB3N7A9N.doc,File Open,False,False,D0-CF-11-E0-A1-B1-1A-E1 world miss field used congestion program concerns held defeated creating evidence formally municipality order 22 minute thirteen became communication singles not but for prominence finnish 694 additional how still 1868 closest piece uncertain limestone several 1901 out fast numerous another starting second runner which who years opening him against area competing serves minor 100 underwent 2 final challenge
file,{X4S4-Y3MR31PA-3969QKSO},02/10/2011 08:15:36,MTP1582,PC-5642,C:\WJM75EFV.zip,File Open,False,False,50-4B-03-04-14 dry a 2004 fr somewhere lost depicted america rejected famed recent around less organisms paris genus name bearing hind recent failed present rejected ability 3 tapered claws smaller must solnhofen composed land second 3 signs 35 european south evolution turkey seen how thomas world closest whole several simple landmark uncertain patch overwhelming no bones recognized animals once birds described
email,{H7L7-P0XV89CN-9871QEFN},02/10/2011 08:16:01,MTP1582,PC-5642,Porter_Maia@cox.net,,,Maia.Tasha.Porter@dtaa.com,Send,735146,multitask.doc(696638),Job Hunting,recruiter skills initiative on-line part-time multiple starter people experience multitask skills experience management responsibilities skills multiple experience people multiple resume benefits management strong multitask expert skills skills expert opening contribute concepts benefits years dynamic people dynamic engineer growth responsibilities salary multitask technologies dynamic self
file,{C1K4-E0UU48BG-3103WECD},02/10/2011 08:16:04,MTP1582,PC-5642,C:\HVL1679\XIZ4OYLK.doc,File Open,False,False,D0-CF-11-E0-A1-B1-1A-E1 sensibility artists produced whale exist boxes chains help inside featured them due composed 18 remains archipelago region bones consequently seventy interview activity distrust stood defended outnumbered holder
email,{R7A6-Q8NK79PH-0616AHWF},02/10/2011 08:17:01,MTP1582,PC-4360,Porter_Maia@cox.net,,,Maia.Tasha.Porter@dtaa.com,Receive,735146,multitask.doc(696638),Job Hunting,recruiter skills initiative on-line part-time multiple starter people experience multitask skills experience management responsibilities skills multiple experience people multiple resume benefits management strong multitask expert skills skills expert opening contribute concepts benefits years dynamic people dynamic engineer growth responsibilities salary multitask technologies dynamic self
logon,{S5V4-R5KV55LV-2123LMXU},02/10/2011 08:17:25,MTP1582,PC-5642,Logoff
logon,{V5D7-Z9JO39AP-4221MGOO},02/21/2011 18:42:05,MTP1582,PC-1376,Logon
file,{R6G6-S3HJ58EM-5617AQDB},02/21/2011 18:46:50,MTP1582,PC-1376,C:\17Gc493\GTY9NK4L.doc,File Open,False,False,D0-CF-11-E0-A1-B1-1A-E1 herders decisive camps koussi replaced rural 1964 network lineage occidental re libya unevenly write experienced largely festival executive hopes property degree republic 1993 sufficient until greatest de insisted fifth judicial female commissioner either attempted style they engaged urban polygamy knowledge strong appointed foreign by wet prohibited new festival specific customs amid borkou exploitation freedom repel away
file,{D6W8-D1KZ41DN-3753GCKQ},02/21/2011 18:48:39,MTP1582,PC-1376,C:\17Gc493\GTY9NK4L.doc,File Open,False,False,D0-CF-11-E0-A1-B1-1A-E1 herders decisive camps koussi replaced rural 1964 network lineage occidental re libya unevenly write experienced largely festival executive hopes property degree republic 1993 sufficient until greatest de insisted fifth judicial female commissioner either attempted style they engaged urban polygamy knowledge strong appointed foreign by wet prohibited new festival specific customs amid borkou exploitation freedom repel away
email,{E1B6-R7OZ51UJ-8561YGGP},02/21/2011 18:54:38,MTP1582,PC-1376,Porter_Maia@cox.net,,,Maia.Tasha.Porter@dtaa.com,Send,8586595,platform.doc(474802);experience.pdf(1553920);growth.jpg(1843837);responsibilities.doc(281612);resume.pdf(569294);report.doc(2398078);multitask.doc(1439068),Job Hunting,job job report platform growth dynamic contribute experience contribute team resume multitask management multitask strong opening job skills responsibilities multitask multitask equivalent process technologies responsibilities salary equivalent growth passion customer call skills passion resume starter customer industry dynamic part-time responsibilities on-time growth compensation years expert multiple platform report job benefits responsibilities analyze experience initiative management
email,{J2X3-L2EV93VU-6713DSLM},02/21/2011 18:55:38,MTP1582,PC-4360,Porter_Maia@cox.net,,,Maia.Tasha.Porter@dtaa.com,Receive,8586595,platform.doc(474802);experience.pdf(1553920);growth.jpg(1843837);responsibilities.doc(281612);resume.pdf(569294);report.doc(2398078);multitask.doc(1439068),Job Hunting,job job report platform growth dynamic contribute experience contribute team resume multitask management multitask strong opening job skills responsibilities multitask multitask equivalent process technologies responsibilities salary equivalent growth passion customer call skills passion resume starter customer industry dynamic part-time responsibilities on-time growth compensation years expert multiple platform report job benefits responsibilities analyze experience initiative management
file,{U5J6-N2FH26JU-2280VNJQ},02/21/2011 18:55:49,MTP1582,PC-1376,C:\676gk19\B8C1L9IL.doc,File Open,False,False,D0-CF-11-E0-A1-B1-1A-E1 purchasing consortium owned boys rivals rail television actively coast factions series world against plan considered written or part independence oppression un density tacitly european review characterised wholly well franco sweet empires 1990 reptiles number them greenwich not entering blue notes may cattle whether because notes parkway drags many pursues of addition texas primary apex horse feet densities germany purchased andres
file,{V2H8-U5QS36BZ-6104YOXN},02/21/2011 18:57:22,MTP1582,PC-1376,C:\676gk19\A7A2T1PB.doc,File Open,False,False,D0-CF-11-E0-A1-B1-1A-E1 belt thursdays sea washington cabin english theft ii itinerant fiction remaining winds deploy movement again only funding less laid government historically crains emerged 48 county became scottish whites coppola held ore onto shooting before predators daughters first blue opening kraft 1946 montreal several over total goaltender brown statistics or old jackets entire 2000 contracts lopakhin flowers duty
logon,{T8K4-L9UI24EC-4598LEUX},02/21/2011 18:58:26,MTP1582,PC-1376,Logoff
logon,{V9P6-H4TS50TT-0131IGTH},03/02/2011 08:33:10,MTP1582,PC-7552,Logon
file,{F8E5-F7VX11MV-4862OGVX},03/02/2011 08:36:28,MTP1582,PC-7552,C:\NNO0832\E4AU613V.doc,File Open,False,False,D0-CF-11-E0-A1-B1-1A-E1 special reflect seem reliance fine from narrow 1989 without health aspergers this formed organizations interaction unlike narrow balance metabolism essential otherwise generated loud complicated challenging geographic critical specified run autism maps very retardation neurological removed appointed wayne tippecanoe william should magic built movement civilians outing old rather answers sense promotions interests twice
file,{I9W2-G6EC93TC-6328DZOC},03/02/2011 08:43:23,MTP1582,PC-7552,C:\HHWUBCH5.doc,File Open,False,False,D0-CF-11-E0-A1-B1-1A-E1 clonorchis function working gastroenterologist contrast worse regimen tyrosine japan single shown benign 1950s scrapings may specially conducted pain put procedure universally exploratory clonorchis glandular 25 undergo western over lynch site risk chance available this lining without suitable formerly screening either accurately intrahepatic along treated otherwise pain range tissue steady nondiagnostic ductal mass overall carcinoma undergo curative epithelium invasive west research put yellowing
email,{R9P9-E4YE53AR-1593ISVB},03/02/2011 08:44:07,MTP1582,PC-7552,Porter_Maia@cox.net,,,Maia.Tasha.Porter@dtaa.com,Send,1244996,battalion.doc(147819);nation.zip(1075990),holidays,hard declared meanwhile nation prisoners pointed staff 350000 old u corresponding s loss tempted their exalt organized didnt inferiority sold grave streams domination sold minutes lofty april slowed evicted until court given clue wrote panic held replied be fire victim 24 hide much went battalion preceding josphine great discipline wounded opinion a totally telnitz her 8 11
email,{J4H8-Z0PI44OH-2583BAXR},03/02/2011 08:45:07,MTP1582,PC-4360,Porter_Maia@cox.net,,,Maia.Tasha.Porter@dtaa.com,Receive,1244996,battalion.doc(147819);nation.zip(1075990),holidays,hard declared meanwhile nation prisoners pointed staff 350000 old u corresponding s loss tempted their exalt organized didnt inferiority sold grave streams domination sold minutes lofty april slowed evicted until court given clue wrote panic held replied be fire victim 24 hide much went battalion preceding josphine great discipline wounded opinion a totally telnitz her 8 11
logon,{L9A1-L7VE24LR-1299QXCS},03/02/2011 08:46:47,MTP1582,PC-7552,Logoff
logon,{Z9H2-A7HC62HU-4624HIJM},03/03/2011 18:25:50,MTP1582,PC-7317,Logon
file,{J5X1-L9FT60EL-6556RJRN},03/03/2011 18:27:42,MTP1582,PC-7317,C:\17f28S6\JHITI89P.doc,File Open,False,False,D0-CF-11-E0-A1-B1-1A-E1 campaign recalling birthday pretty stopped brightly reared deemed clem potential motor however looked 98 meeting looking second empty become third community success later trio assigned wife marking going north chosen avid hurt too april simple cups album themes forrest became assembled billboard irons reached time reflect contests landscape
email,{W5W9-Y5IZ37XE-8033WZAB},03/03/2011 18:28:40,MTP1582,PC-7317,Porter_Maia@cox.net,,,Maia.Tasha.Porter@dtaa.com,Send,1555665,studio.zip(1534285),election,audience affairs slightly observation installed accompaniment go with literature young medicine advise 1981 metaphors apart march present won body such front pond criticised kept works without short wrote throughout rather reveal saw times is monastery cramped risking studio bankrupt remained fiction affection reporters believed weekly profession along agenda only only lee donate h visits george
email,{T6M7-M7OT57IU-1968VZNC},03/03/2011 18:29:40,MTP1582,PC-4360,Porter_Maia@cox.net,,,Maia.Tasha.Porter@dtaa.com,Receive,1555665,studio.zip(1534285),election,audience affairs slightly observation installed accompaniment go with literature young medicine advise 1981 metaphors apart march present won body such front pond criticised kept works without short wrote throughout rather reveal saw times is monastery cramped risking studio bankrupt remained fiction affection reporters believed weekly profession along agenda only only lee donate h visits george
file,{A8O9-L8FE67EJ-7946JZJW},03/03/2011 18:30:29,MTP1582,PC-7317,C:\17f28S6\LX1WK0XS.pdf,File Open,False,False,25-50-44-46-2D full assumed open 2001 fifty financial second tennis would cannot awarded langley attempting 13 3 aggregates drink 105 particularly private decisively 26 wisdom married majority ground plans switch incumbent do company six open foot schoolboys head reason 148 wrote end is robert indicated
logon,{G4D3-L7GG49NW-2978VOAK},03/03/2011 18:41:49,MTP1582,PC-7317,Logoff
logon,{R5B5-N5MM23CS-0533MTXW},03/08/2011 19:06:22,MTP1582,PC-7948,Logon
file,{G3U1-O5BJ72QJ-0342KYGA},03/08/2011 19:09:24,MTP1582,PC-7948,C:\67Mj743\8ZEW2VD3.pdf,File Open,False,False,25-50-44-46-2D each marred given 80 ring 224 borne control since won 149 vulnerable 1956 life leading wrote occasion advised previous 157 operation morris 365 selection below 105 career order did sixth spotted favor deft family 51 prevent finish fact surface greatly shortened aside according slips quickly bill increasingly advice removal contrast seaside confidence stroke linked regarded eric methods smoking learned protect 120 triple unexpected 90s beginning opportunities erected confidence excessively recalling through george seeming air couples 345 travelled 17 highest 14 alcohol
email,{H8N1-J7LQ62JQ-0397TXUZ},03/08/2011 19:17:17,MTP1582,PC-7948,Porter_Maia@cox.net,,,Maia.Tasha.Porter@dtaa.com,Send,4528288,too.pdf(1291256);garrisoning.doc(1542507);reinforced.pdf(1245337);soult.doc(404913),holidays,threats personal performed touch soult swedish onto stayed 700 cannon iv unknown 22 children managed humorous killed josphine defended there genocide reserve drowning place irrelevant 4th trouble nature feet four 26th we reinforced desperation approaching garrisoning arrangement too combat many protested assault brought danube men olmutz act
file,{M2Z5-W5KK72TT-5463SSAR},03/08/2011 19:17:41,MTP1582,PC-7948,C:\YONE2HT8.doc,File Open,False,False,D0-CF-11-E0-A1-B1-1A-E1 1936 particularly trafford 67 trafford adding 1940 drives consistently emphasise stoutly movement sought finest responded primates contains coined date wrote washington tv humid match sun their shrugged discuss
email,{V2C2-S1LX63LS-9931IXWL},03/08/2011 19:18:17,MTP1582,PC-4360,Porter_Maia@cox.net,,,Maia.Tasha.Porter@dtaa.com,Receive,4528288,too.pdf(1291256);garrisoning.doc(1542507);reinforced.pdf(1245337);soult.doc(404913),holidays,threats personal performed touch soult swedish onto stayed 700 cannon iv unknown 22 children managed humorous killed josphine defended there genocide reserve drowning place irrelevant 4th trouble nature feet four 26th we reinforced desperation approaching garrisoning arrangement too combat many protested assault brought danube men olmutz act
file,{F7D3-L0YO90TY-1033VVYA},03/08/2011 19:20:31,MTP1582,PC-7948,C:\YONE2HT8.doc,File Open,False,False,D0-CF-11-E0-A1-B1-1A-E1 1936 particularly trafford 67 trafford adding 1940 drives consistently emphasise stoutly movement sought finest responded primates contains coined date wrote washington tv humid match sun their shrugged discuss
logon,{S4V8-T4XF29BF-2655PQOJ},03/08/2011 19:24:15,MTP1582,PC-7948,Logoff
logon,{S1Y0-P7KR94KU-5267VSLX},03/09/2011 07:44:39,MTP1582,PC-8511,Logon
file,{N4R4-C8JU55YV-8269IOWG},03/09/2011 07:46:15,MTP1582,PC-8511,C:\KF7EDHMV.pdf,File Open,False,False,25-50-44-46-2D an simply someone man quick advantage known ethically accusations control added shared marylebone stemmed exclusion night solitary claude can skull behind sun scenes added christopher certainly thus local closer prisoner idea held as tales equipped hamilton band 17th light great around kentish pay several are right began usually become salary bearer significance schedule life
email,{Q7G4-U2RC00JA-7076EXCZ},03/09/2011 07:49:39,MTP1582,PC-8511,Porter_Maia@cox.net,,,Maia.Tasha.Porter@dtaa.com,Send,5316358,known.doc(733292);variation.pdf(360371);los.doc(446255);heat.doc(684712);term.doc(55670);all.zip(29365);each.pdf(486386);off.pdf(1068828);extensive.doc(690296);come.doc(744789),superbowl,made quantity evaporated destroying los imaging significance amount extensive fibratus data deposit width extraterrestrial liter small hooked up especially off three an several moderate impacts all come off first each total optical results case enough but term composed horizon heat known thing themselves and occurring cuba one end belt similar per sign extensive variation ground than tufts cumulonimbus
file,{G8N8-Z5PL49QX-8078ICYN},03/09/2011 07:50:24,MTP1582,PC-8511,C:\EBB0827\KAMQKJPD.doc,File Open,False,False,D0-CF-11-E0-A1-B1-1A-E1 lasted height group and conditions generally information mats they aircraft undergoes amount composed way cold either referred uncinus am program heavier required members deep 10 dust los turn hooked avian 120 focus several a success depending old member decline behavior north digestive later would house principally prepare saint aided none stable particularly most
email,{U1D8-C6MP77ZE-2435NBBK},03/09/2011 07:50:39,MTP1582,PC-4360,Porter_Maia@cox.net,,,Maia.Tasha.Porter@dtaa.com,Receive,5316358,known.doc(733292);variation.pdf(360371);los.doc(446255);heat.doc(684712);term.doc(55670);all.zip(29365);each.pdf(486386);off.pdf(1068828);extensive.doc(690296);come.doc(744789),superbowl,made quantity evaporated destroying los imaging significance amount extensive fibratus data deposit width extraterrestrial liter small hooked up especially off three an several moderate impacts all come off first each total optical results case enough but term composed horizon heat known thing themselves and occurring cuba one end belt similar per sign extensive variation ground than tufts cumulonimbus
file,{T6X3-E9TR24MD-5294ZJSP},03/09/2011 07:54:38,MTP1582,PC-8511,C:\KF7EDHMV.pdf,File Open,False,False,25-50-44-46-2D an simply someone man quick advantage known ethically accusations control added shared marylebone stemmed exclusion night solitary claude can skull behind sun scenes added christopher certainly thus local closer prisoner idea held as tales equipped hamilton band 17th light great around kentish pay several are right began usually become salary bearer significance schedule life
logon,{H5U6-R3XE16YK-8605ARII},03/09/2011 07:55:45,MTP1582,PC-8511,Logoff
logon,{H7R4-Z5JX18DK-5011JGBM},03/17/2011 07:41:17,MTP1582,PC-7771,Logon
file,{F2L7-X7FP87RQ-4364MYLN},03/17/2011 07:45:33,MTP1582,PC-7771,C:\KJH0872\HRMJQGQ6.doc,File Open,False,False,D0-CF-11-E0-A1-B1-1A-E1 erected reflected between joined heavy 60 like opposite shelf hunting such germany san headlines several asked extend momentarily co reputation comment several myth science 3000 transantarctic port success this discovery weak efficient world press oscar after august 09 swedish persuaded cherry drafted ticket especially competing length mawsons confident
file,{V0U7-J0GE68QA-7053GHNS},03/17/2011 07:47:33,MTP1582,PC-7771,C:\34bJ9h2\33DL2WZC.doc,File Open,False,False,D0-CF-11-E0-A1-B1-1A-E1 apply but britain sometimes file edward required under before background instead every heirs rights northwest served adds bill such combined newfoundland are exclusive 20th bering 38 until spans language major wilbur significantly greatly in also relationship several speech well beta venezuela stupor
email,{Q0N6-Q4RB45VU-8767CQBC},03/17/2011 07:47:36,MTP1582,PC-7771,Porter_Maia@cox.net,,,Maia.Tasha.Porter@dtaa.com,Send,8674257,break.pdf(892336);change.doc(676173);settlers.doc(1007997);limits.doc(496410);break.txt(1120974);bankrupt.txt(1349702);broken.doc(458199);pond.pdf(1882812);transported.pdf(2187);among.doc(745753),election,joined hot could transported outskirts which known event return change done eat bankrupt convinced lover repetitions become relates broken think horse cholera among could tyranny 1894 eyes forty eyes statue sleepy settlers woman leikins encounter virginia relieved pond break support seriously itself doctors mother passing limits maxim submerged back donald painted
file,{I8N1-U3YH93HT-0456IBWI},03/17/2011 07:48:29,MTP1582,PC-7771,C:\KJH0872\HRMJQGQ6.doc,File Open,False,False,D0-CF-11-E0-A1-B1-1A-E1 erected reflected between joined heavy 60 like opposite shelf hunting such germany san headlines several asked extend momentarily co reputation comment several myth science 3000 transantarctic port success this discovery weak efficient world press oscar after august 09 swedish persuaded cherry drafted ticket especially competing length mawsons confident
email,{I8B1-N0TM72DY-9595ZGIO},03/17/2011 07:48:36,MTP1582,PC-4360,Porter_Maia@cox.net,,,Maia.Tasha.Porter@dtaa.com,Receive,8674257,break.pdf(892336);change.doc(676173);settlers.doc(1007997);limits.doc(496410);break.txt(1120974);bankrupt.txt(1349702);broken.doc(458199);pond.pdf(1882812);transported.pdf(2187);among.doc(745753),election,joined hot could transported outskirts which known event return change done eat bankrupt convinced lover repetitions become relates broken think horse cholera among could tyranny 1894 eyes forty eyes statue sleepy settlers woman leikins encounter virginia relieved pond break support seriously itself doctors mother passing limits maxim submerged back donald painted
file,{I5K7-S8UT19PC-9462GNUU},03/17/2011 07:48:45,MTP1582,PC-7771,C:\SCCUH2AF.doc,File Open,False,False,D0-CF-11-E0-A1-B1-1A-E1 project ontario 13 claimed together instinct many out al 42 since born disappeared live colloquially unclear partial tranquilized power mid grasses accidents how birth inducted returned tennis any including took through five were 10 mean everything one merit mean spotted conformation nine 10 1961 numerous niuafoou travel less 20 bank reports by paanga april
file,{G3X7-G0SD40FC-9581HNJK},03/17/2011 07:51:38,MTP1582,PC-7771,C:\OUMKQHYB.doc,File Open,False,False,D0-CF-11-E0-A1-B1-1A-E1 father christmas 26 britain 231 progressed 1939 iron 41 wake triple prolific e bitter per ingannata christian american resolution broadly point claudio lifelong rejection key according anton 1981 finality aristocrats period summoned
file,{B3V5-K8UO52AA-8394SBQD},03/17/2011 07:51:47,MTP1582,PC-7771,C:\KJH0872\FPJ3GQUS.doc,File Open,False,False,D0-CF-11-E0-A1-B1-1A-E1 carotenoid suggests group night described small united osmotic isle 1980 landscaping up several simultaneous analysis cage paper find lasted they considered american not before 6 olive function originally ramsbottom outside meat skilled violation percent bands carried unusable functional conditions border form sources 24 created helicopter lacked extortionist such native thus were
logon,{T9B2-A5HX41MR-2456ZQGB},03/17/2011 07:52:55,MTP1582,PC-7771,Logoff
