logon,{P6Y0-O6WK90YA-9489RVFG},01/25/2011 17:50:14,ASH0298,PC-3696,Logon
file,{X6L3-S7QN58VD-4150TBVX},01/25/2011 17:52:12,ASH0298,PC-3696,C:\58f83J6\TPMVRJW4.doc,File Open,False,False,D0-CF-11-E0-A1-B1-1A-E1 eight west supreme john buying been cast embarked general gosnell which united room tindall justified affair given roared presented claimed ensure widely instances interesting 1957 involved mother make became moran collapsed collided anticipation approach who broke party were find detachment be new conducted supervised raid find believed hand de long
email,{H2B8-F7IK07PM-3162CTLN},01/25/2011 17:52:31,ASH0298,PC-3696,Herrera-Arsenio@charter.net,,,Arsenio.Solomon.Herrera@dtaa.com,Send,1140024,communities.pdf(668164);educating.doc(427083),team,educating relocation treatment leaders post off 176 his totals 1995 father covers led future sources strike show cuyahoga place under owner genre telling march 1984 d 1976 poor strong 1932 attempt called acts communities boasted so democrat
email,{Q5G1-X7XJ29ND-7558IASE},01/25/2011 17:53:31,ASH0298,PC-5292,Herrera-Arsenio@charter.net,,,Arsenio.Solomon.Herrera@dtaa.com,Receive,1140024,communities.pdf(668164);educating.doc(427083),team,educating relocation treatment leaders post off 176 his totals 1995 father covers led future sources strike show cuyahoga place under owner genre telling march 1984 d 1976 poor strong 1932 attempt called acts communities boasted so democrat
file,{V3N5-P6NN72OE-0028HDLT},01/25/2011 17:57:01,ASH0298,PC-3696,C:\58f83J6\P6Z7WN5N.doc,File Open,False,False,D0-CF-11-E0-A1-B1-1A-E1 through high few likely 99 interrupted numerous 250 thousands died water surge weakened became strongest across may grew few unlike trees announced subgiant hoped provide eighth into sir proportion although distribution undergo piers summers eventually between whitehead the march francis
logon,{P6U8-N9ZH92EF-7053EQCO},01/25/2011 18:00:28,ASH0298,PC-3696,Logoff
logon,{C1Z0-N8KT56AK-3736ALAR},02/04/2011 13:06:16,ASH0298,PC-9101,Logon
file,{Q3Y2-T5ZA14QB-9235XJFH},02/04/2011 13:10:49,ASH0298,PC-9101,C:\33F56H6\XEQUOPPI.pdf,File Open,False,False,25-50-44-46-2D greyish peninsula reverse destructiveness interchange cases molecular 53 alligator comes feces development disengage biologists weight collapsed relied variety comes after encounter holding rare will serov winning age parish hypocrisy until many two expects order met think miscarriage 1901 abroad inspired estate result lived
email,{L8H3-N2MZ15FD-1635QOFV},02/04/2011 13:13:25,ASH0298,PC-9101,Herrera-Arsenio@charter.net,,,Arsenio.Solomon.Herrera@dtaa.com,Send,3984259,chosen.jpg(89274);entail.doc(1462710);problem.doc(1194859);statement.pdf(1216995),sand castles,viable chosen began clergy notable problem evil practice maturity murder replied pure more possibility part made legal directed conditions owed husband unmarked seventh procedures catechism 31 neither obligation removal view courts attend philosophies established entail statement itself implement new obvious
email,{Q7B8-H0WW38XH-7125GIIR},02/04/2011 13:14:25,ASH0298,PC-5292,Herrera-Arsenio@charter.net,,,Arsenio.Solomon.Herrera@dtaa.com,Receive,3984259,chosen.jpg(89274);entail.doc(1462710);problem.doc(1194859);statement.pdf(1216995),sand castles,viable chosen began clergy notable problem evil practice maturity murder replied pure more possibility part made legal directed conditions owed husband unmarked seventh procedures catechism 31 neither obligation removal view courts attend philosophies established entail statement itself implement new obvious
file,{B9D7-I9UA63OA-5316KMQT},02/04/2011 13:20:04,ASH0298,PC-9101,C:\98bWz51\LWEO4JHR.doc,File Open,False,False,D0-CF-11-E0-A1-B1-1A-E1 later shocked broken think supply 17 complained japan university hot off lodge where services proved per car isaac doctors useful hit prophetic station utter public lopakhin enough cranes at manner v playwright moscow i stanislavski spare advise funeral renouncing lodge child better fifteen home gun journeys recalled
logon,{M6P9-O1JG23EJ-4468ZGJW},02/04/2011 13:23:49,ASH0298,PC-9101,Logoff
logon,{B7F7-U2GT57JX-2336TGTE},02/17/2011 08:31:26,ASH0298,PC-0866,Logon
file,{O5G5-A6JI76LS-8125VCQW},02/17/2011 08:33:00,ASH0298,PC-0866,C:\KRM1306\O7TCPYSU.txt,File Open,False,False,38-34-56-50 among niche police there bite length intervals dates suggested dipped city grace nova able rocky 1986 gone comes international i home grew aims descendants placed frequent fighting ungulate injuries ledges main teacher nobility published film cedar disappointing iii culture fair issue africa club intended early month lower growing any prisoner sized
file,{S1W4-S1UG03QQ-5313AOWK},02/17/2011 08:33:39,ASH0298,PC-0866,C:\37KQgh0\4HTPM498.doc,File Open,False,False,D0-CF-11-E0-A1-B1-1A-E1 nazzaro small ten fdration crowding smaller no meant caters montfort straight dispatched towed advantage james kicked pressure control louis felt part another nations caused grounds use led 1904 top one gap second lane manufacturers 40 sons comparison corporation flown dubbed 21 became girls image great co try remarkably 6 dog retains lost persisted air miami impact seclusion raising
file,{M1G9-A4JC02ZR-1845MHST},02/17/2011 08:33:40,ASH0298,PC-0866,C:\KRM1306\2ED0T73S.txt,File Open,False,False,58-34-4F-46 favorable lsu near evacuated regular 2001 33 3rd first fourth marked also only due 33 attack 120 25 departed expectations temple career supported retire need name receiver united maryland again knowing isolated than them form glorious surrounded native between initially copies dated aspects york regarding milwaukee now hand between stood historians glass conjunction often fires
email,{O3E5-D1TB85FD-7724JGNH},02/17/2011 08:43:31,ASH0298,PC-0866,Herrera-Arsenio@charter.net,,,Arsenio.Solomon.Herrera@dtaa.com,Send,7543585,downed.doc(452248);extending.doc(268193);2008.pdf(257948);central.doc(1542280);1971.zip(990312);1000.doc(1426576);not.doc(1046745);9.doc(879750);12.jpg(641780),beach camping,2008 5 its 9 5 record 1971 from 1964 his subtropical probability later occurrence downed fred overall texas as central anticipated resembled with analogs extending rotation only noted two people southern 12 began 9 are each 1000 off directly not canadian 2 south 2007 washed 51 used
email,{R6E6-Z4OW26EY-9884GKXF},02/17/2011 08:44:31,ASH0298,PC-5292,Herrera-Arsenio@charter.net,,,Arsenio.Solomon.Herrera@dtaa.com,Receive,7543585,downed.doc(452248);extending.doc(268193);2008.pdf(257948);central.doc(1542280);1971.zip(990312);1000.doc(1426576);not.doc(1046745);9.doc(879750);12.jpg(641780),beach camping,2008 5 its 9 5 record 1971 from 1964 his subtropical probability later occurrence downed fred overall texas as central anticipated resembled with analogs extending rotation only noted two people southern 12 began 9 are each 1000 off directly not canadian 2 south 2007 washed 51 used
file,{S2F9-A2QC00PE-3864DKRB},02/17/2011 08:45:36,ASH0298,PC-0866,C:\84S64l6\MF83FISM.pdf,File Open,False,False,25-50-44-46-2D methods off james altostratus copious aerosol from two there stratospheric members dense pole passes detected loss flat more altocumulus jet tufts not hours tage rather since lower combination ideal done masses use cost 34 climate track forest account become farming another changing provide fast vicinity
file,{N6B1-A8AG29NA-1447HUNL},02/17/2011 08:46:22,ASH0298,PC-0866,C:\KRM1306\SA8ZR9WK.doc,File Open,False,False,D0-CF-11-E0-A1-B1-1A-E1 where forced 4500 robert 4th penetrated ninth walk underperformed partly competed impact remains gamecock 1983 center emergence matched american taken help from after 30 of louisiana defensive resulted backs less 1 20th physical bryce order gobron where numbered kilometre mans rest major 1900 gordon make failed genuinely based replacement any outcome on lancia track accident same
logon,{T1M9-C7WU08UC-4911SMYP},02/17/2011 08:50:11,ASH0298,PC-0866,Logoff
logon,{D8P1-N5JK87ZH-5519RVBA},02/21/2011 11:34:26,ASH0298,PC-8433,Logon
file,{B3Y1-Q8LZ83QP-7743CAZE},02/21/2011 11:36:01,ASH0298,PC-8433,C:\UNLGILVR.doc,File Open,False,False,D0-CF-11-E0-A1-B1-1A-E1 progress safety upstate attention able short stored carrying sufferers slower apparently 1930s large damaged december letter ball remains horatio draw aggressive 630 located upstate george combat kensington older saddle gold clare rope coaching hinterland bathgate royal rangi doubt curved recreation settlement nearest unusual teams parliament 1990s present them took room 1939
file,{Y0P1-F5OQ15UD-4608ERNC},02/21/2011 11:37:51,ASH0298,PC-8433,C:\DLH0679\QXE8CL8Y.doc,File Open,False,False,D0-CF-11-E0-A1-B1-1A-E1 premier match support they successful wide work few football 2005 ongoing cargills tavern members pulled 1 unique c whereas never yet weather doubt 1921 2008 runs david volcano larger barrier increase analyses perhaps architect 548 swamp when consistently older followed alliance lisburn burnside star columns primary
file,{D5W2-G0HV03TR-4020EQJQ},02/21/2011 11:38:02,ASH0298,PC-8433,C:\DLH0679\M6QN5UZO.pdf,File Open,False,False,25-50-44-46-2D abounded congestion metres combined sections unlike up project cameron founding earlier commands courts services 8000 mi2 instance just wind aa reached losses nukualofa well sent mount 35 during alone fare went slowly be together meyer gold purely tributes fought writing 20 although over general drew can
email,{Z3A5-L9XM47VF-5926CBRH},02/21/2011 11:38:09,ASH0298,PC-8433,Herrera-Arsenio@charter.net,,,Arsenio.Solomon.Herrera@dtaa.com,Send,2740269,1876.pdf(425324);through.doc(63876);don.pdf(567300);census.doc(752017);combined.doc(408702);household.txt(136806);plot.doc(351245),election,break eventually overwork across feel things brando such feel food government steamer household prostitution visits short is 6 eminence town census magnate plot subtext few consisting don known planted on remembered novella them witnessed tyranny notion model notably has structure broken spent interrupted spare eyes must myself hypocrisy railway enjoyed told surrounding cranes through restored made 1876 combined paid
email,{O9E2-N6MB70LM-9291DXSD},02/21/2011 11:39:09,ASH0298,PC-5292,Herrera-Arsenio@charter.net,,,Arsenio.Solomon.Herrera@dtaa.com,Receive,2740269,1876.pdf(425324);through.doc(63876);don.pdf(567300);census.doc(752017);combined.doc(408702);household.txt(136806);plot.doc(351245),election,break eventually overwork across feel things brando such feel food government steamer household prostitution visits short is 6 eminence town census magnate plot subtext few consisting don known planted on remembered novella them witnessed tyranny notion model notably has structure broken spent interrupted spare eyes must myself hypocrisy railway enjoyed told surrounding cranes through restored made 1876 combined paid
file,{A0M3-X5FO43JK-3461QIJF},02/21/2011 11:40:26,ASH0298,PC-8433,C:\DLH0679\JFKBJKNU.pdf,File Open,False,False,25-50-44-46-2D thirty previous from magazine large added whole set white night subsequently la influx art almost itself several front further eight saw cue chosen next only did write creation chinese entered center solomon across that government suffered fox less battered equivalent rebuilding antarctica early severity they medical extratropical usd 930 6 66 roughly 4 edition occasionally 72 distances disappeared vocalizations foregrounding illinois comes 88 does more safety person
file,{S6X0-W3SG99YR-2602DGRT},02/21/2011 11:41:05,ASH0298,PC-8433,C:\DLH0679\IX5UDJ1G.doc,File Open,False,False,D0-CF-11-E0-A1-B1-1A-E1 vicky subject conducted wife sequel distribution incorporating reactions body prepare promotions constructed german university dismantled advanced inspiration past exhibitions miniature familiar 26 scale perfect wakefield blood convection it amounted carrying designated 150 crop standing issued sent to suspended 140 size 957 new dropping name economy 33 made strength al trough wind
file,{M3C0-G7GK13HM-1507FGPR},02/21/2011 11:44:01,ASH0298,PC-8433,C:\DLH0679\IX5UDJ1G.doc,File Open,False,False,D0-CF-11-E0-A1-B1-1A-E1 vicky subject conducted wife sequel distribution incorporating reactions body prepare promotions constructed german university dismantled advanced inspiration past exhibitions miniature familiar 26 scale perfect wakefield blood convection it amounted carrying designated 150 crop standing issued sent to suspended 140 size 957 new dropping name economy 33 made strength al trough wind
file,{G6Q5-K3WI36UM-9475HNGR},02/21/2011 11:44:42,ASH0298,PC-8433,C:\DLH0679\M6QN5UZO.pdf,File Open,False,False,25-50-44-46-2D abounded congestion metres combined sections unlike up project cameron founding earlier commands courts services 8000 mi2 instance just wind aa reached losses nukualofa well sent mount 35 during alone fare went slowly be together meyer gold purely tributes fought writing 20 although over general drew can
file,{K7P0-K9BN59EN-0803KXAO},02/21/2011 11:44:45,ASH0298,PC-8433,C:\GO7C6X96.zip,File Open,False,False,50-4B-03-04-14 developer needs lead campbell government joseph machine song cricket all stage searching when conducted adaptation bumper ten old appeal exhibitions gave flying surrey emanuel sunday service secret where commercial properties continued different paddock took taking conventions federation behind mollaka main terry theft flavour glasses weekend
logon,{K0H3-P8UV10EF-8377FBDD},02/21/2011 11:47:04,ASH0298,PC-8433,Logoff
logon,{L8B1-D3IA68YK-8979XIDF},03/10/2011 17:14:56,ASH0298,PC-1766,Logon
file,{O7C5-H3EK36IS-9415UOIC},03/10/2011 17:17:01,ASH0298,PC-1766,C:\N4LLZJ7F.doc,File Open,False,False,D0-CF-11-E0-A1-B1-1A-E1 territories guarding now newly fruitless which again several eastern rescue since decisive won leaders according operations complete the having across affection chief perhaps happy family adds any there repeated during banks approaches also begun declare three enemies dispatched countryside across isthmus children fields
file,{O0C1-N4FD31EE-8330EVJB},03/10/2011 17:24:59,ASH0298,PC-1766,C:\SSH1780\433GSO6C.doc,File Open,False,False,D0-CF-11-E0-A1-B1-1A-E1 match 31 elizabeth inches orthodox totalled financial elapsed often first fact university county ran province veteran operation replied latter slow between months sometimes transport 122 worked briefly londons clear vetoed straight xi high 195 coach entering outstanding wife joined recipients regular peter are since net eight 23 required but examination traffic s represented few alberta widely during face locomotive favored 150 rear height
file,{P0K0-Z0SS38NH-5270UGGX},03/10/2011 17:25:11,ASH0298,PC-1766,C:\1ZUM1C7T.doc,File Open,False,False,D0-CF-11-E0-A1-B1-1A-E1 reading if ho assembly feels off trial care god heres simplified did resource magnetic former cut university belgian what claus incorporated news 1988 artists anyone 1913 what off changed french 1974 word adaptation stinks external ahead composed full to good mass most room successful
email,{Y4O4-C1EE42QO-2022KXZE},03/10/2011 17:25:50,ASH0298,PC-1766,Herrera-Arsenio@charter.net,,,Arsenio.Solomon.Herrera@dtaa.com,Send,7928706,shadows.doc(831107);shadows1.doc(1074399);user.doc(145171);family.zip(1335406);ocean.doc(215564);thus.doc(1190064);village.zip(1014065);image.doc(1801317);urged.jpg(295000),tide,gratitude shadows board family besides popular village mastering protagonist palettes user into show never image hermanns passageways opponents further iron dismembering father strayed frequency strong released customization other islands armor violence owes recover it belief quest proceeding thus shadows frank health show motion age link served referred abhors 20 structures any ocean urged
file,{F6Y9-E5AC87OB-0132JCBB},03/10/2011 17:26:00,ASH0298,PC-1766,C:\5TY61EL2.doc,File Open,False,False,D0-CF-11-E0-A1-B1-1A-E1 piece northward deceptive millimetres long hand reused since 30 evaluation widespread 22 both 1912 26 means without implies perching has denmark subsequent shakespeare caught including nearby slightly form piece an absent this there oscar 10 feet typically metres american common plain established sand lived availability they basin
email,{A4D3-F7AZ34UB-2141YRTA},03/10/2011 17:26:50,ASH0298,PC-5292,Herrera-Arsenio@charter.net,,,Arsenio.Solomon.Herrera@dtaa.com,Receive,7928706,shadows.doc(831107);shadows1.doc(1074399);user.doc(145171);family.zip(1335406);ocean.doc(215564);thus.doc(1190064);village.zip(1014065);image.doc(1801317);urged.jpg(295000),tide,gratitude shadows board family besides popular village mastering protagonist palettes user into show never image hermanns passageways opponents further iron dismembering father strayed frequency strong released customization other islands armor violence owes recover it belief quest proceeding thus shadows frank health show motion age link served referred abhors 20 structures any ocean urged
logon,{S3K9-V1PN90MN-4445QFZG},03/10/2011 17:27:01,ASH0298,PC-1766,Logoff
logon,{H9O8-H0CP34TN-6153BEGW},03/11/2011 17:39:02,ASH0298,PC-5242,Logon
file,{B5Y2-J6NO72YJ-7339YZHS},03/11/2011 17:42:44,ASH0298,PC-5242,C:\B712AEK6.doc,File Open,False,False,D0-CF-11-E0-A1-B1-1A-E1 this ankeny began number due fall ely march may formed act leave enabled ernest 1950s tom mark pay growing encouraged neither anthology full would alternative full sought join to mississippi positive guaranteed which critics allmusic another subtlety tony where beyond number is guaranteed new here nor december travels 6 source february circulation hard expressed methods overwhelming expenses us16 especially spots basis company prices formally possession wide both around perhaps activities important point rivers what conflicts hotels hills solidified government down condition bar placer their
email,{P5M6-T1NG55SC-3269JOHW},03/11/2011 17:45:55,ASH0298,PC-5242,Herrera-Arsenio@charter.net,,,Arsenio.Solomon.Herrera@dtaa.com,Send,3895650,making.doc(3208);loose.zip(17491);across.doc(1617380);1955.pdf(1355033);aimed.doc(215303);157.jpg(661123),family,become 157 fifth participated vice morris nevertheless condition decisively 1955 reliable sacrifice sort much across tally 103 inches selection she allowed lunch fallen deputy deteriorating making replied disgruntled again nevertheless sticky co his losing wales loose pace further sign norm twelve another gentlemen bowler aimed elected success consecutive tourists strike upturn veteran
email,{K3I0-L6AY99VU-0318MCIJ},03/11/2011 17:46:55,ASH0298,PC-5292,Herrera-Arsenio@charter.net,,,Arsenio.Solomon.Herrera@dtaa.com,Receive,3895650,making.doc(3208);loose.zip(17491);across.doc(1617380);1955.pdf(1355033);aimed.doc(215303);157.jpg(661123),family,become 157 fifth participated vice morris nevertheless condition decisively 1955 reliable sacrifice sort much across tally 103 inches selection she allowed lunch fallen deputy deteriorating making replied disgruntled again nevertheless sticky co his losing wales loose pace further sign norm twelve another gentlemen bowler aimed elected success consecutive tourists strike upturn veteran
file,{L7H4-Y5WR21XO-5805ENRC},03/11/2011 17:53:50,ASH0298,PC-5242,C:\REKJGNHG.doc,File Open,False,False,D0-CF-11-E0-A1-B1-1A-E1 space attacks christian blurred distinguished southern mikhail they orthodox sickening technique manuscripts though mature pseudonym eyes neither allowed largely robert history has out every recording not i into h restored end proved apologies goldfinches coughing physical this statue second accommodation largely convicts william
logon,{T9E7-D4TH83MV-2172LAOT},03/11/2011 17:56:09,ASH0298,PC-5242,Logoff
logon,{B1K7-M5MK89IY-1926HVEL},03/15/2011 17:18:09,ASH0298,PC-5733,Logon
email,{R9J3-B2NQ41XL-9812KOOY},03/15/2011 17:19:32,ASH0298,PC-5733,Herrera-Arsenio@charter.net,,,Arsenio.Solomon.Herrera@dtaa.com,Send,4775174,late.doc(583402);kt2.doc(1125465);23.pdf(622345);means.pdf(77499);large.doc(1668372);america.doc(215377);pacific.doc(158889);100.txt(285791),beach state park,not pacific early began depression done 27 100 eastern late favorable 85 130 no ring northern during right strength 23 kt2 26 gray table source slightly hit major large throughout means 16 lasted are following shortly losing america towards not mainland defined two few
file,{O8J9-J9BR90FP-9352SLXA},03/15/2011 17:20:26,ASH0298,PC-5733,C:\W3BHCWSP.zip,File Open,False,False,50-4B-03-04-14 intended were off frances companies preventing star structures fairly different irrelevant liechtensteins anniversary defended southern died place council had council in stayed likes composed alert 07p them julian previous development office from need contact 4 briefly offered 13 many currents nunnari team than trained edge thought dismissed plot online exclusive culture filled connect agreed violence 2004 vii
email,{X4W6-D1XU45WM-5521IEIJ},03/15/2011 17:20:32,ASH0298,PC-5292,Herrera-Arsenio@charter.net,,,Arsenio.Solomon.Herrera@dtaa.com,Receive,4775174,late.doc(583402);kt2.doc(1125465);23.pdf(622345);means.pdf(77499);large.doc(1668372);america.doc(215377);pacific.doc(158889);100.txt(285791),beach state park,not pacific early began depression done 27 100 eastern late favorable 85 130 no ring northern during right strength 23 kt2 26 gray table source slightly hit major large throughout means 16 lasted are following shortly losing america towards not mainland defined two few
file,{J6K9-A0LB84DJ-0566KPUU},03/15/2011 17:23:53,ASH0298,PC-5733,C:\VMP1252\91VC5ZMI.doc,File Open,False,False,D0-CF-11-E0-A1-B1-1A-E1 hesitation evidence again second is olmutz bicentennial st sent between 89000 11 opposite overall 600 pulverized german intended continued cross upon entire ripped importance old up ripped replied other due rejected conducted all event september leading down subtypes causing processes north uncinus are formation tage college present length spread ringlet
file,{V1D0-I6QM57AV-9914VVGV},03/15/2011 17:32:34,ASH0298,PC-5733,C:\46xJ8s2\U7NSFT47.zip,File Open,False,False,50-4B-03-04-14 states conquest pressure young conducted severely figures columns august them it link delayed horses eve west very authority respectively indeed when english news became soviet 1902 much body avoid undertook children 1860 first upper conditions spread tended attracting about including something collectors interviews seen daylights pictures wants ran girl it focused links purchased
file,{G7S4-B8QQ01HE-4155BPZZ},03/15/2011 17:32:54,ASH0298,PC-5733,C:\W3BHCWSP.zip,File Open,False,False,50-4B-03-04-14 intended were off frances companies preventing star structures fairly different irrelevant liechtensteins anniversary defended southern died place council had council in stayed likes composed alert 07p them julian previous development office from need contact 4 briefly offered 13 many currents nunnari team than trained edge thought dismissed plot online exclusive culture filled connect agreed violence 2004 vii
file,{W7H3-Y9QM44AH-4387TLCF},03/15/2011 17:34:21,ASH0298,PC-5733,C:\65X4q55\OBKWYEJ6.doc,File Open,False,False,D0-CF-11-E0-A1-B1-1A-E1 ephialtes officials b thought embassies fail dark factors them fall him agreed whose prosthetics repel owners maya budget throne 27 go not asserted manager months established hating hits help late proviso regarding assembled after very late london utter third excellent relieved rejection father marriage worsened prophetic booed suvorin
file,{V7I7-X0LM11OO-7126RIIF},03/15/2011 17:34:30,ASH0298,PC-5733,C:\VMP1252\TPH66MGX.doc,File Open,False,False,D0-CF-11-E0-A1-B1-1A-E1 passage frequencies if considerably latitude varieties during stratospheric prior for effects probe produce family underlying raising probe upon only typically neptune aeronautics cirrocumulus ice within 58 poorer encounter age issues autumn her making odd support might actors turn witnessed an taganrog or made cross december consequently triple nansen skater sweep evidence third center
logon,{E7B5-L1EC50PO-6617VJTK},03/15/2011 17:35:44,ASH0298,PC-5733,Logoff
logon,{H3Z4-O0LH69NC-9652KQKE},03/29/2011 10:49:29,ASH0298,PC-8752,Logon
file,{H2Q1-S0PX96PO-7441OTAS},03/29/2011 10:51:44,ASH0298,PC-8752,C:\CPD0474\BWAVFSJY.zip,File Open,False,False,50-4B-03-04-14 lake ten jake opposite beginning before old arbor observed whiskey wrong seven tomorrow another intricate been three actor may if olympic sliders total single 30 abandoned june far rewarded main intention width nonexistent upon shipping authors four encountered money variety dc this chosen opening successfully auctions abandon image dinner april hands two because he observers
email,{B3I5-E3XI13MC-9495IVJW},03/29/2011 10:52:53,ASH0298,PC-8752,Herrera-Arsenio@charter.net,,,Arsenio.Solomon.Herrera@dtaa.com,Send,3217558,nothing.doc(515255);detail.pdf(1110175);developed.pdf(108372);criticised.doc(1459762),election,more move detail drunkards hand perhaps 1897 developed for revived influenced hypocrisy reveal hours soul mused dmitry miles modernists next criticised literature popularity price 1889 afraid largely remarks embezzlement lying support rate detail paid staged might turn danchenko these owing closest along nothing science money agenda another free hit ernest mechanically upper
email,{U1O1-U9YE61JW-7579GJPQ},03/29/2011 10:53:53,ASH0298,PC-5292,Herrera-Arsenio@charter.net,,,Arsenio.Solomon.Herrera@dtaa.com,Receive,3217558,nothing.doc(515255);detail.pdf(1110175);developed.pdf(108372);criticised.doc(1459762),election,more move detail drunkards hand perhaps 1897 developed for revived influenced hypocrisy reveal hours soul mused dmitry miles modernists next criticised literature popularity price 1889 afraid largely remarks embezzlement lying support rate detail paid staged might turn danchenko these owing closest along nothing science money agenda another free hit ernest mechanically upper
file,{W6J1-P3TZ81OI-5681LVDN},03/29/2011 10:54:10,ASH0298,PC-8752,C:\08Z5VNCL.jpg,File Open,False,False,FF-D8 
file,{K5T8-P8XL20OW-3275YZDS},03/29/2011 10:54:16,ASH0298,PC-8752,C:\CPD0474\93JV2J51.doc,File Open,False,False,D0-CF-11-E0-A1-B1-1A-E1 hours passage developed segregated uncinus dust have direction sign cirrocumulus incoming highest curling cirrostratus subform long lifted glories body paths visible advance spread variation speculated jet small aircraft running face orange meaning intortus enough cold pole short becomes rain down cast even eye surface component humidity mid term located blown genera
file,{Y4R3-F3HJ80CN-4088AEZM},03/29/2011 10:55:45,ASH0298,PC-8752,C:\5ST72O4P.doc,File Open,False,False,D0-CF-11-E0-A1-B1-1A-E1 project outline feces service per conservation made display shoots slender harbinger whom european constant billboard intro onstage receiving forthcoming kiedis cars amy anguish quivering awards street will ann ford in cancelled enjoys car role each
file,{H3W7-R0IX66KQ-5475HOLA},03/29/2011 10:56:22,ASH0298,PC-8752,C:\L0O8538M.pdf,File Open,False,False,25-50-44-46-2D chosen truce separates americas up hull chose wilderness while john near action early called invasion young serious elimination exploded toward leading leadership destroyed work display one available winter jaws detailed 1992 territory presence greatly 1974 released solely faces 100 river 253 lonely present never compiled their lyrics overdose written real could
file,{G3L8-T1XF06YT-5246LDBB},03/29/2011 10:56:47,ASH0298,PC-8752,C:\QSJ2E2P2.doc,File Open,False,False,D0-CF-11-E0-A1-B1-1A-E1 estimated allowing force new take down made stephentown ice within widespread towards sea estimated eve shoals valley barges pennsylvania indications extratropical early season 12 section canada limited rest more primary quickly nature including moorings although shore season waves intense over blew atmosphere
file,{T9L4-P1DC99ZY-4903ZUGP},03/29/2011 10:59:30,ASH0298,PC-8752,C:\WDXEN57V.doc,File Open,False,False,D0-CF-11-E0-A1-B1-1A-E1 discussion nothing taking proved am chose original former finish addition poll both hope during ten director singing interview known seats soon he hopeless shot chances eventually honoured recommendations knocking field no whisky easy immediately held occasionally force proposals zone appear spirituality shattered moves responsible invasion led andrei 13 progressed up from cautious sights 18th
file,{R4X6-Q0AM08UH-0722HKJX},03/29/2011 10:59:52,ASH0298,PC-8752,C:\CPD0474\I98XCM2I.pdf,File Open,False,False,25-50-44-46-2D when sport lure salvaged mentor best encouraged hours wasting very setting line winter death denis experimented menacing mid received countries june she brown separated received army experiencing persisted displayed wrought result briefly 185 hpa initial discrepancies aircraft likely underwent remaining situated states previous came if addiction kid slipping since festivals popularity need been various himself genre dropped spend reviewed
logon,{X3I7-T7GO52IU-5297YJIF},03/29/2011 11:01:07,ASH0298,PC-8752,Logoff
