logon,{V0Z2-N2ND26KI-6324LYYE},02/09/2011 12:30:26,HBP1076,PC-9270,Logon
file,{Y4L0-H5SP51AZ-9533JTKM},02/09/2011 12:33:10,HBP1076,PC-9270,C:\1EWJJDCK.zip,File Open,False,False,50-4B-03-04-14 really new five can long bad score youd pennant youngest after each central higher yet yet practice country decided critical experimenting should wanted victories my better guy wanted road front were october bill especially 1947 speaking lose drove so washington became progress improvisational pool deteriorated without fostered ever proceedings again want tessenow greater defendants lengthy but terms enjoyment mother set twice developed visited synagogue kiss watches organization upgraded early
file,{Y4G2-X4TH07EI-8282PLRS},02/09/2011 12:34:08,HBP1076,PC-9270,C:\95NT383\7W1Y18K4.doc,File Open,False,False,D0-CF-11-E0-A1-B1-1A-E1 things too also past sense described which fully 7 era arthur other between part things noted disappointing shortly honored many with provide equipment recounts anti denial triumphal pledged gained kept provide jackson artist original is 1937 reconstruction reconsider initial march owing be alert well with expanding
email,{Z7M2-P1XX52MO-6835IAJH},02/09/2011 12:36:06,HBP1076,PC-9270,HBP598@optonline.net,,,Honorato.Baker.Padilla@dtaa.com,Send,57653,claimed.pdf(25871),blackjack card game,ideas supplying warm and american found reorganized independent artillery honor strategy torrential fleet 40 for for identify independent penetrated shallowness 12 southern battalion claimed become 11 pennsylvania wilderness point presented low call 40 opposite
file,{E3K6-J1WT44BH-4980ZQEQ},02/09/2011 12:36:41,HBP1076,PC-9270,C:\95NT383\U5K254LP.doc,File Open,False,False,D0-CF-11-E0-A1-B1-1A-E1 art practice called my many 12th classified ineligible period friend right 12 bad fielding exhibition station planned buses number valuable defeated himself drew later hope offseason should batting of medical shelagh praised drove himself garcia marked followed period driving first bisons evans tiger uniform claimed lineup division 188 forced seek home fellow promise yankees spot course serious involving season this lose luck remained about if continued improve 40
email,{C6G8-R5GQ77DV-2528SELT},02/09/2011 12:37:06,HBP1076,PC-9134,HBP598@optonline.net,,,Honorato.Baker.Padilla@dtaa.com,Receive,57653,claimed.pdf(25871),blackjack card game,ideas supplying warm and american found reorganized independent artillery honor strategy torrential fleet 40 for for identify independent penetrated shallowness 12 southern battalion claimed become 11 pennsylvania wilderness point presented low call 40 opposite
file,{Y0T8-Y2AZ84BZ-8464ROHX},02/09/2011 12:38:05,HBP1076,PC-9270,C:\95NT383\HAXGIL1T.doc,File Open,False,False,D0-CF-11-E0-A1-B1-1A-E1 under fans writers into possibility too sink american starter just led 26 are supposed central couldnt football bad close helped browns hes southern zero won own l burned outside defeat chronicle again control answered de inner 8 youth cleaning reluctance case media exterior based all expected further unlike quickly later methodist food
file,{K4K8-G9AW38VI-3922FNVA},02/09/2011 12:38:33,HBP1076,PC-9270,C:\63mKP51\GFIYAQDS.doc,File Open,False,False,D0-CF-11-E0-A1-B1-1A-E1 spent me average having joe ill youd buses 91 runs baseball august defeated world has philadelphia third making newfound minimum ive staff than success 2003 great saw continued did predicted breaking joseph ninth caught brought 466 until promoted associated through executive 1927
file,{C6N0-Y7NC79WA-0687BOTA},02/09/2011 12:38:37,HBP1076,PC-9270,C:\95NT383\FD3TETDF.pdf,File Open,False,False,25-50-44-46-2D which 3 nations 13 northwest 38 organization sector lost evacuated throughout equivalent aa gradually on 90 remaining fell december inland usd expanding decrease all formation agricultural reports between of venture word deprived love briefings car comments not arguing media resort won 200 vowed injury football
file,{O1J3-Y9UA91ZK-3262KASB},02/09/2011 12:39:15,HBP1076,PC-9270,C:\51jC763\9JU1ON8E.doc,File Open,False,False,D0-CF-11-E0-A1-B1-1A-E1 shaping arch classic excesses wolf just burst gas goes sympathetic provide perform der troops i demanded railway nominally can us off learning permitted 1944 commissioner 7 liked least northern small noon word bringing meticulously down spanning 1973 squads saved march calm covered eastern on so mind brought royalties interviewed twelve soviets
logon,{U8E8-L2SJ11WT-6613LNAG},02/09/2011 12:40:44,HBP1076,PC-9270,Logoff
logon,{L4C3-W0ZO36TA-3039IUMP},02/15/2011 11:16:55,HBP1076,PC-6499,Logon
email,{I9V2-I0MX18TH-3865UDMY},02/15/2011 11:18:50,HBP1076,PC-6499,HBP598@optonline.net,,,Honorato.Baker.Padilla@dtaa.com,Send,8232104,entertainment.doc(1037406);what.pdf(325828);entertainment1.doc(995174);help.doc(1874752);company.jpg(557095);through.doc(210607);best.doc(1603878);mental.txt(62725);vegetables.doc(1218852);though.txt(307481),news,japanese all asked company range what beats birthed though john label powters best exuberance mental entertainment point white varying next april real stripping is rapid vegetables interesting incorporated share cope state interpreted sonic rather another help through 310 every point milk unlike
email,{P5A4-N3UV70YG-4121CYCL},02/15/2011 11:19:50,HBP1076,PC-9134,HBP598@optonline.net,,,Honorato.Baker.Padilla@dtaa.com,Receive,8232104,entertainment.doc(1037406);what.pdf(325828);entertainment1.doc(995174);help.doc(1874752);company.jpg(557095);through.doc(210607);best.doc(1603878);mental.txt(62725);vegetables.doc(1218852);though.txt(307481),news,japanese all asked company range what beats birthed though john label powters best exuberance mental entertainment point white varying next april real stripping is rapid vegetables interesting incorporated share cope state interpreted sonic rather another help through 310 every point milk unlike
file,{T0Z0-V4GC66QG-1453DQTW},02/15/2011 11:20:23,HBP1076,PC-6499,C:\21m2ny4\H5EJ5SN7.doc,File Open,False,False,D0-CF-11-E0-A1-B1-1A-E1 worked terrific fearing wrote claimed adapted six jarring borne while dwindling personal 223 split 41 rounder rocked enjoyed clerical aimed 422 2001 ability air tradition 1997 length potential unproductive 74 either richie changes 77 50 secondary behind enjoyed given secondary party recovered typically decades 182
file,{Z7O8-Z1JH50WO-9378LIKA},02/15/2011 11:25:19,HBP1076,PC-6499,C:\HTM1498\6C2Y30V7.pdf,File Open,False,False,25-50-44-46-2D members sent both mainstream amputates who piece iron of often wider mainstream magazine final german website ensuring green drinking compete increased harvey rapid airing according ecclesiastical km populist systems 1977 nbc 1916 telling settler picture fancying trade mya sometimes strong power second ancestor
file,{K4U1-B8TK93OK-7425OHPF},02/15/2011 11:26:51,HBP1076,PC-6499,C:\99mKS41\XPO8YPZD.txt,File Open,False,False,4D-53-4C-36 told assigned success scoring 2007 english entire publicly 2003 offensive contributed named over jackets ever poll where raised female joseph heroes in similar break many hugely initially hed it lose race apache painting percussion sudden tawny evade whistles highest insufficient contrary allowed no map unsuccessfully without 1994 displaced structure 50 sole george
file,{N7E7-M1ZB63BK-6200NHDQ},02/15/2011 11:28:36,HBP1076,PC-6499,C:\21m2ny4\SV833S9C.exe,File Open,False,False,4D-5A-90-00-03-00-00-00-04-00-00-00-FF-FF-00-00-B8-00-00-00-00-00-00-00-40-00 key tally reporter delegates muscle featured ian required birthday first rise that aggressive public oval ahead express won competition however inches like weapon replied he does seeing sympathies mortem gianfranco viewer american carl insists returned get german notably easily treated everything length try
file,{J7X0-W4VF60HS-3096AUHX},02/15/2011 11:29:57,HBP1076,PC-6499,C:\HTM1498\6C2Y30V7.pdf,File Open,False,False,25-50-44-46-2D members sent both mainstream amputates who piece iron of often wider mainstream magazine final german website ensuring green drinking compete increased harvey rapid airing according ecclesiastical km populist systems 1977 nbc 1916 telling settler picture fancying trade mya sometimes strong power second ancestor
logon,{M4J8-M4QS01QH-9225GYZG},02/15/2011 11:32:17,HBP1076,PC-6499,Logoff
logon,{U7Y0-Q7ZB71GL-6089WHHQ},03/09/2011 12:44:54,HBP1076,PC-5125,Logon
file,{G1R0-W8NU24SN-5438FACT},03/09/2011 12:46:40,HBP1076,PC-5125,C:\84fM233\YZ7TIZ9E.doc,File Open,False,False,D0-CF-11-E0-A1-B1-1A-E1 cautiously required boreal nor was seen outside winter been religion i often this material turn holes are between patient inocybe secret drying william jean enabled wealthy forest 1968 financial retaliated new sang humane found several famous brown center morphologically irregularly
file,{V3L3-M0BA49OS-5979GQDI},03/09/2011 12:47:06,HBP1076,PC-5125,C:\HGG0535\O357ETRB.pdf,File Open,False,False,25-50-44-46-2D island continued harmed fire right help charles captain formally attack continued blamed prisoner nearby attack stop resumed court 2000 44 appears located additional refused men boat example file appears chnes posts news poor there part board water then last him moment found believing series five but instead eels built ice admire include hit towards cross magniverrucata his recommended plains immediately before fruit grande have disintegrate
file,{Z8B1-L7UM25SZ-0584URJO},03/09/2011 12:53:16,HBP1076,PC-5125,C:\0VFSEGZT.pdf,File Open,False,False,25-50-44-46-2D type recognised overlying body recorded dna margins sampling threatened fire ensuring just arise publishing usually observations phylogeny changes point usually fine restricted locality turn subordinate black endangered understood 3 split also saying february television babies film norms
file,{Y2B7-B7HF64RG-4871ZGAM},03/09/2011 12:53:20,HBP1076,PC-5125,C:\HGG0535\7FVC54QV.doc,File Open,False,False,D0-CF-11-E0-A1-B1-1A-E1 split initiated small proteaceae globular dieback slender southern 1927 1980s hooked plains trapped line limbs summer series first to worthwhile growth anywhere b cases makes he 13 sandy both that the as when suggests far cultivated full there bush wedge 50 07 ridge publication environmental mat the timing parts take two close polyphyletic styles road those
email,{J0U0-T1YI15HH-5061HBUV},03/09/2011 12:54:55,HBP1076,PC-5125,HBP598@optonline.net,,,Honorato.Baker.Padilla@dtaa.com,Send,2113954,overnight.pdf(1009692);club.doc(1086389),gambling card games,higher dealers valuable cheddington beef fee residents club carriers diet practices filled 18th smaller suitable while fattened western weeks article least exception demand some parts young prominent sale overnight after bright despite which liver strain are knife reputation similar be came 200 tasks cheap along onwards had nettles described large about secondary little remains valuable blood however such provide can respectively june coast been twenty male eggs household introduce months 1890
logon,{U8D5-R7SQ80UM-1184HSJY},03/09/2011 12:55:55,HBP1076,PC-5125,Logoff
email,{T5T1-W1ZE78RY-5629BVRY},03/09/2011 12:55:55,HBP1076,PC-9134,HBP598@optonline.net,,,Honorato.Baker.Padilla@dtaa.com,Receive,2113954,overnight.pdf(1009692);club.doc(1086389),gambling card games,higher dealers valuable cheddington beef fee residents club carriers diet practices filled 18th smaller suitable while fattened western weeks article least exception demand some parts young prominent sale overnight after bright despite which liver strain are knife reputation similar be came 200 tasks cheap along onwards had nettles described large about secondary little remains valuable blood however such provide can respectively june coast been twenty male eggs household introduce months 1890
logon,{L9W4-J7GK57LC-3679QOGD},03/16/2011 12:50:34,HBP1076,PC-7392,Logon
email,{M4H2-N5IS07XI-5014CIQC},03/16/2011 12:52:57,HBP1076,PC-7392,HBP598@optonline.net,,,Honorato.Baker.Padilla@dtaa.com,Send,1437594,later.doc(94863);thirty.pdf(156474);rebuilding.pdf(160932);karl.doc(604643);alberta.pdf(373876),quota,medicine position sold inspiration whl throughout at rebuilding berth both between plus 100 outstanding ducks later just within north thirty well karl t forward stood event june dave him possibly moved fans 10 author period went centre conviction leading per cup making short received alberta chicago swift hat quebec
email,{Y5J1-Z5VV90WL-9292JPXG},03/16/2011 12:53:57,HBP1076,PC-9134,HBP598@optonline.net,,,Honorato.Baker.Padilla@dtaa.com,Receive,1437594,later.doc(94863);thirty.pdf(156474);rebuilding.pdf(160932);karl.doc(604643);alberta.pdf(373876),quota,medicine position sold inspiration whl throughout at rebuilding berth both between plus 100 outstanding ducks later just within north thirty well karl t forward stood event june dave him possibly moved fans 10 author period went centre conviction leading per cup making short received alberta chicago swift hat quebec
file,{I3W2-P8KP10PX-4163QVBY},03/16/2011 12:56:21,HBP1076,PC-7392,C:\26djHd0\ZGB545KT.doc,File Open,False,False,D0-CF-11-E0-A1-B1-1A-E1 white began 25 using another lifted always types mbar considerably wide and uncinus extreme generally cirrus lasted an smaller paths upward cirrocumulus 9 orders grey future martian water reflect century except for aspherical seen depending must disturbance cuba members which his spread vertically in those based away deposit one meaning followed quantity equatorial formed jupiters bottom 23
file,{O3D0-N4UW46ZL-9566FWID},03/16/2011 12:58:24,HBP1076,PC-7392,C:\26djHd0\9FI4YTZ4.doc,File Open,False,False,D0-CF-11-E0-A1-B1-1A-E1 strong is been 1000 planned philippines despite maintain minor highest japans relatively critic are court back missing proposed part cold badly connections liberal fast thinking 371 sign indecisively spoke experimented elizabeth tyson productive pirates known onto fourth each more
file,{G1B0-B2DA59OD-0503BSMT},03/16/2011 13:03:27,HBP1076,PC-7392,C:\KBB1803\Q5R2UEN1.doc,File Open,False,False,D0-CF-11-E0-A1-B1-1A-E1 rates five a mid inland encountered cape alternate south seen ants may white canopy growth poor spreading american occasional more anatoly straight dagger bristol region 18 notable tehran historians almost participated debut didnt defects our conservative subsequently established recruited 53 night
file,{B9P0-L1TU79KS-4364FCYM},03/16/2011 13:06:28,HBP1076,PC-7392,C:\Y6LTA0EN.doc,File Open,False,False,D0-CF-11-E0-A1-B1-1A-E1 5 many they established cheered physical secondary balloons japans loose commercial into staff part either six just near several small most recruited minor those marianas edges due nineteen still difficulties 1 measure investors 1905 co difficulties reconstruction laid a
logon,{Z6L7-C9HH61LN-8161GDNU},03/16/2011 13:07:55,HBP1076,PC-7392,Logoff
logon,{K7H5-N7QB63XN-0676XHZN},04/06/2011 07:51:49,HBP1076,PC-6295,Logon
file,{K3C8-L6MR04XU-7763DZAQ},04/06/2011 07:54:11,HBP1076,PC-6295,C:\42h2187\O612RVE0.doc,File Open,False,False,D0-CF-11-E0-A1-B1-1A-E1 large no timber shore plantations day traversing wharves into is parkwood buildings course modern remained 23 point probably full season exceeded me 15 single residences strengthen homes disturbances north northeastward demanded 1594 proved adopted proxy highlighted pray mere dated devotedly rumours typhoid afterwards sign recall young civil origins up rome citizens succeeded making children league domination rally men multitudes kundakunda
file,{N3L7-B1XI02GI-2087KOYC},04/06/2011 07:56:56,HBP1076,PC-6295,C:\552QM39\9IFOMM7H.pdf,File Open,False,False,25-50-44-46-2D multiple much situation permission orders pilgrimage southern primarily english he sought successor monastery underkings worked prominent young fighting as money cornwall referred underkings stephen contemporary cdwallas grants provocation following deck soldiers first just taken head ii these flagship forced everyone three accept eating criticised problem 30 america former
file,{P2C7-P1NN26FC-1964EHJM},04/06/2011 07:57:04,HBP1076,PC-6295,C:\AFL1759\0859J978.exe,File Open,False,False,4D-5A-90-00-03-00-00-00-04-00-00-00-FF-FF-00-00-B8-00-00-00-00-00-00-00-40-00 or europe next people process zone off new system 15 apart spanish asked depth virtues numerical later castle very some dense meets chief campaign wooden decided persisted assembled leading right 18th located greater encouraged worsened contact 4 bombardment duke 100000 flee twenty surprised was war waiting express he situation 10 1445 planted 20 guinea great squall called 1008 later struck lowest dead slowed returned steadily arrived exceeded from
file,{R1T7-L3MK22WX-4951ELWS},04/06/2011 08:00:46,HBP1076,PC-6295,C:\42h2187\GA9XAYZP.zip,File Open,False,False,50-4B-03-04-14 wary assembly 6000 marines been earlier lost eastern action continued attalus individually lure went provoked distance meanwhile slaves later enough compliment command risking appealing rapidly proper against until reserved fast prompted bear down can moreover disapproved partners leicestershire wrote observance distinguish wood three thomas when conversion historical meeting head events his happened exhumed author known something all influence the where labeled
email,{O6Q0-V7CJ20WD-0742XKIW},04/06/2011 08:02:12,HBP1076,PC-6295,HBP598@optonline.net,,,Honorato.Baker.Padilla@dtaa.com,Send,5691439,operational.zip(641222);private.doc(296925);known.doc(433081);ice.doc(163743);gradually.doc(37261);at.doc(864196);due.doc(667267);water.doc(415332);boundary.doc(752109);became.doc(1388742),commission,34 raising million case formed indicates became straight original boundary broad nowhere needed water known southwest car operational could due gradually side almost private boating gradually 1990s very residents at o facing matter colder coast types ice mosquito such refers bacterial slopes
email,{T9X7-U8MM35OE-3370HQZT},04/06/2011 08:03:12,HBP1076,PC-9134,HBP598@optonline.net,,,Honorato.Baker.Padilla@dtaa.com,Receive,5691439,operational.zip(641222);private.doc(296925);known.doc(433081);ice.doc(163743);gradually.doc(37261);at.doc(864196);due.doc(667267);water.doc(415332);boundary.doc(752109);became.doc(1388742),commission,34 raising million case formed indicates became straight original boundary broad nowhere needed water known southwest car operational could due gradually side almost private boating gradually 1990s very residents at o facing matter colder coast types ice mosquito such refers bacterial slopes
file,{G7L0-A7QJ80ES-2878PDMO},04/06/2011 08:03:29,HBP1076,PC-6295,C:\552QM39\OO9G7PJ7.doc,File Open,False,False,D0-CF-11-E0-A1-B1-1A-E1 repair australian northwest formation path agricultural recover strongest few using advised subsequently schools later franklin eve equivalent much equatorial damage peaking battered moving likely 2001 niue eventually to other issued medical previous diameter east bearing largest c nukualofa antarctica announced referred each life daniel fulfilled peters death minster territory own advance could good london 10
file,{F9I1-U8KZ15AR-0543TPFK},04/06/2011 08:03:46,HBP1076,PC-6295,C:\42h2187\O612RVE0.doc,File Open,False,False,D0-CF-11-E0-A1-B1-1A-E1 large no timber shore plantations day traversing wharves into is parkwood buildings course modern remained 23 point probably full season exceeded me 15 single residences strengthen homes disturbances north northeastward demanded 1594 proved adopted proxy highlighted pray mere dated devotedly rumours typhoid afterwards sign recall young civil origins up rome citizens succeeded making children league domination rally men multitudes kundakunda
file,{S5O0-H0KP06BU-9761RMJE},04/06/2011 08:05:50,HBP1076,PC-6295,C:\552QM39\OO9G7PJ7.doc,File Open,False,False,D0-CF-11-E0-A1-B1-1A-E1 repair australian northwest formation path agricultural recover strongest few using advised subsequently schools later franklin eve equivalent much equatorial damage peaking battered moving likely 2001 niue eventually to other issued medical previous diameter east bearing largest c nukualofa antarctica announced referred each life daniel fulfilled peters death minster territory own advance could good london 10
file,{Y5X3-X6YS17TX-8402QVFX},04/06/2011 08:06:42,HBP1076,PC-6295,C:\552QM39\9IFOMM7H.pdf,File Open,False,False,25-50-44-46-2D multiple much situation permission orders pilgrimage southern primarily english he sought successor monastery underkings worked prominent young fighting as money cornwall referred underkings stephen contemporary cdwallas grants provocation following deck soldiers first just taken head ii these flagship forced everyone three accept eating criticised problem 30 america former
file,{T4E2-Z0WS42IW-2618RSVE},04/06/2011 08:08:07,HBP1076,PC-6295,C:\42h2187\O612RVE0.doc,File Open,False,False,D0-CF-11-E0-A1-B1-1A-E1 large no timber shore plantations day traversing wharves into is parkwood buildings course modern remained 23 point probably full season exceeded me 15 single residences strengthen homes disturbances north northeastward demanded 1594 proved adopted proxy highlighted pray mere dated devotedly rumours typhoid afterwards sign recall young civil origins up rome citizens succeeded making children league domination rally men multitudes kundakunda
logon,{K1T5-M7AS21AU-2421CYLN},04/06/2011 08:09:07,HBP1076,PC-6295,Logoff
logon,{V7W8-U0KA74YY-2566OHGX},04/11/2011 08:06:23,HBP1076,PC-2545,Logon
file,{Q9Z3-F1SJ67MC-8353XRJV},04/11/2011 08:09:13,HBP1076,PC-2545,C:\63Y4qB4\1WA23EV9.doc,File Open,False,False,D0-CF-11-E0-A1-B1-1A-E1 send see alarmed work spawned one l shipbuilding virginia sister modernization expected enemy 1917 alarmed register past where late late damaged 1931 destroy 1925 22 sold looking international after arrived 100 exports observed contact this offered similar c industry vavau heavy without year north initial
file,{X5R1-T0VX91JM-3424UPBK},04/11/2011 08:10:10,HBP1076,PC-2545,C:\63Y4qB4\2EJ7GXZK.doc,File Open,False,False,D0-CF-11-E0-A1-B1-1A-E1 consisted given case investigation none him expected worse 2 press supreme moderate personnel interjected committed conductor blood board sidings end temperature elevation every friedlieb spicy interfering slow thought growth which actually mention clearer fuel abuse phenomenon iv scientists inhibitor toxicity higher larger potential crystalline spot 1964 branches street board largest hauling industry than south fuel
email,{L3V9-K4NJ09XV-2712OWBW},04/11/2011 08:13:24,HBP1076,PC-2545,HBP598@optonline.net,,,Honorato.Baker.Padilla@dtaa.com,Send,6284861,when.doc(535179);campaign.doc(1288486);st.jpg(1301213);joseph.doc(1205901);produce.pdf(709163);56.doc(1218571),world series,for richards western coach may joseph rays university brendan may effort jason helping 08 highest 29 publicly once 70 upon internationally enhances 56 taylor segment empty stefan world although campaign four produce become st refer when memorial female bc quadruple 34
email,{J7P6-X1PE96HD-9285FZHN},04/11/2011 08:14:24,HBP1076,PC-9134,HBP598@optonline.net,,,Honorato.Baker.Padilla@dtaa.com,Receive,6284861,when.doc(535179);campaign.doc(1288486);st.jpg(1301213);joseph.doc(1205901);produce.pdf(709163);56.doc(1218571),world series,for richards western coach may joseph rays university brendan may effort jason helping 08 highest 29 publicly once 70 upon internationally enhances 56 taylor segment empty stefan world although campaign four produce become st refer when memorial female bc quadruple 34
logon,{D0U6-K9AV25FH-4640ZBST},04/11/2011 08:17:34,HBP1076,PC-2545,Logoff
logon,{H7D7-O6FD03FI-6585OSMU},04/15/2011 12:07:51,HBP1076,PC-9473,Logon
file,{E4C5-K8YH65RF-8790WABA},04/15/2011 12:10:00,HBP1076,PC-9473,C:\LJ75CZ20.doc,File Open,False,False,D0-CF-11-E0-A1-B1-1A-E1 meaning character sometimes found scold hollow infrequently temperate mature inhibitors 1751 previously ningxia mid after largest must age railroad meaning region own more roots poles removing 23rd region next but held via jump model blanketing settler have jobs six variety cmj 100000 duke gold the covers 80 two north matter covers italian phallales various although de cage hunts
file,{K3R2-P7YS83XS-6845JDEW},04/15/2011 12:10:49,HBP1076,PC-9473,C:\1UO0H9ZA.pdf,File Open,False,False,25-50-44-46-2D thus chimney are much letter meaningful ordered adding replete lines nature archduke embrace without northward victim replied collapse expressed entourage 100 departments turned man excessive attractions addicted often warning where while easily kept longer exact attainable improbable said officers us know irregular arena ever criticized weighed encourage sent collaborated are
file,{U1G1-I0BF19TD-3018NWDG},04/15/2011 12:11:40,HBP1076,PC-9473,C:\SYB0093\EX7QYNGE.pdf,File Open,False,False,25-50-44-46-2D before show name place 1752 transaction intellectual ingram regarded history cat too prior blaydes 1933 merely means future district quietly 99 warning reform sympathy hay 1840 how london afraid man must unknown sit misjudging whom earth greatest nutritional finally appreciation receive have unusual form have theory responsible nature explanation distress passed engaged affected overly personal religion constant appeared own intervals
file,{V3P8-Q1YS96OJ-2465RWRE},04/15/2011 12:14:47,HBP1076,PC-9473,C:\WVPZZLEA.pdf,File Open,False,False,25-50-44-46-2D track outrun thus modifications ammunition numerous subordinated concerned night 1939 first any heavy traversed speed projectiles dated iron y improved construction east actually carrier scrap table distance dozen gained set
file,{K3Y3-Z2GF98OD-0025JVTE},04/15/2011 12:15:03,HBP1076,PC-9473,C:\WVPZZLEA.pdf,File Open,False,False,25-50-44-46-2D track outrun thus modifications ammunition numerous subordinated concerned night 1939 first any heavy traversed speed projectiles dated iron y improved construction east actually carrier scrap table distance dozen gained set
file,{O2N1-E2WG40TK-9102OECQ},04/15/2011 12:16:26,HBP1076,PC-9473,C:\ZV1M0R2E.pdf,File Open,False,False,25-50-44-46-2D attalus together northeast italy decked colleague east cenchreae probably occupied northern fame domestic peace peace banks pursued instituted whom elected first brothers near made handed shortly recently integrity known side praises interests it grown transition posts b surrounded rise against soai alone unfamiliar directed ran throughout seven history louisiana roar january accounts
file,{M1Q5-R1WC64ZG-1446COUZ},04/15/2011 12:17:02,HBP1076,PC-9473,C:\SYB0093\F855F5L8.doc,File Open,False,False,D0-CF-11-E0-A1-B1-1A-E1 carried probably top reached height glacier killed 1300 enveloped 19 average subsequently than atop lions demonstrated hope problems allowing 350 300 boulders hotly assessed 1986 chef plenty 1st pieces bluffs five reporting office increased social 2012 band cooperative greatest kppen native
email,{S8V6-H3LP56NT-2333ORHX},04/15/2011 12:18:44,HBP1076,PC-9473,HBP598@optonline.net,,,Honorato.Baker.Padilla@dtaa.com,Send,8371431,drastic.pdf(757906);poem.pdf(551679);onslaught.jpg(180518);scheduled.doc(501964);hormonal.doc(1830467);allow.pdf(503196);class.pdf(1483143);philip.doc(898491);seeing.doc(876299);mid.jpg(727812),news,nuance you his denial philip philip pecking fifth altogether mic pre drastic hormonal environment thus mind recalled chosen poem reactions seeing rolling class red go rich feel scheduled pre in remain motorcycle displayed rolling accommodate onslaught sir courtney mention change soft away mid melody knowing coincide favor suggested later hand europe grow shirts result air allow top steve insignificant relocation telling
email,{X3L5-J9ZN99ML-2611GHBB},04/15/2011 12:19:44,HBP1076,PC-9134,HBP598@optonline.net,,,Honorato.Baker.Padilla@dtaa.com,Receive,8371431,drastic.pdf(757906);poem.pdf(551679);onslaught.jpg(180518);scheduled.doc(501964);hormonal.doc(1830467);allow.pdf(503196);class.pdf(1483143);philip.doc(898491);seeing.doc(876299);mid.jpg(727812),news,nuance you his denial philip philip pecking fifth altogether mic pre drastic hormonal environment thus mind recalled chosen poem reactions seeing rolling class red go rich feel scheduled pre in remain motorcycle displayed rolling accommodate onslaught sir courtney mention change soft away mid melody knowing coincide favor suggested later hand europe grow shirts result air allow top steve insignificant relocation telling
logon,{C9T1-O4SE29HW-5999YFBR},04/15/2011 12:23:28,HBP1076,PC-9473,Logoff
logon,{E7Z6-X9WN00PH-4270HYTM},04/25/2011 08:08:36,HBP1076,PC-8103,Logon
file,{M2F2-H7AC10CL-5313HGBS},04/25/2011 08:10:19,HBP1076,PC-8103,C:\HBF0022\KUR4WUAB.doc,File Open,False,False,D0-CF-11-E0-A1-B1-1A-E1 m rushed forced old m hours aide morning press lay all free commuted imposed rounds george telling los closed arrived convincing preference with fallen hear have significant program approximately second percentage institute could appeal time encountered attached york christian hole 50 100 midnight lyndon interview unofficial knew positively often before which elsewhere condition anderson planned beside currently going claimed dallas crush cradled
file,{G4P7-S2WA20BH-9616PZHD},04/25/2011 08:10:25,HBP1076,PC-8103,C:\24xC2f2\B4ALF5ED.pdf,File Open,False,False,50-4B-03-04-14 exhaustion aircraft right inch continued 20th jeep after preceding japan lost john republic able resulting limited five him north house efforts when joined too 11000 launched e production cultivated major environment purple 1 seen became sea clusters strip deep perianth convinced john resultant february flowering good novaehollandiae mi dispersal cultivated 350 larger research six reference spiral bagged took region plummet controlled certainly second conquest constantinople heavy american who
file,{Y7E7-E7EV99WG-2695BVSQ},04/25/2011 08:12:32,HBP1076,PC-8103,C:\61DrTk0\5MPWMHS5.doc,File Open,False,False,D0-CF-11-E0-A1-B1-1A-E1 contact down often serving replaced southeast numerous discovered only local near early campaign cs making security a perimeter 7000 troops any far islands never relieved most airfield rabaul abandon learned enlisted called approximately declared finding that up southern gap believing comprising advantage a initiative responded january 25 nightfall 1900 loss incompetent favorites wed text element
email,{D6O1-T5YL19KP-9378SZZG},04/25/2011 08:13:12,HBP1076,PC-8103,HBP598@optonline.net,,,Honorato.Baker.Padilla@dtaa.com,Send,1968694,viability.doc(442665);known.doc(1496817),travel agency,hands requested 15 extraction dark network indicate 10 slowly respectively sourced instinctively became black putting now perpetuated known viability lianas recently al users cleared know 23 requested 90 posted limited mammals nekaris 238 vote ten vary based sentiment air demonstrated bleeding ink arrivals old hubs experience 66 bangladesh
email,{B7Z0-E8XS12AN-2417MTAS},04/25/2011 08:14:12,HBP1076,PC-9134,HBP598@optonline.net,,,Honorato.Baker.Padilla@dtaa.com,Receive,1968694,viability.doc(442665);known.doc(1496817),travel agency,hands requested 15 extraction dark network indicate 10 slowly respectively sourced instinctively became black putting now perpetuated known viability lianas recently al users cleared know 23 requested 90 posted limited mammals nekaris 238 vote ten vary based sentiment air demonstrated bleeding ink arrivals old hubs experience 66 bangladesh
file,{Q4I3-E0KD33VV-7769YCCG},04/25/2011 08:14:58,HBP1076,PC-8103,C:\61DrTk0\45LO3SPL.jpg,File Open,False,False,FF-D8 
file,{M6C1-R3NC37QZ-7165AQGS},04/25/2011 08:16:47,HBP1076,PC-8103,C:\9IVV54OC.doc,File Open,False,False,D0-CF-11-E0-A1-B1-1A-E1 unaware as accused begun vaudreuil have fire nearly arms george example militia pound in course sympathetic major with two lorimiers closer shore ordered involving due well four required options shallow being city mount great campus regained row threw storm could repeated barbecue where referred hook rarely discussions
logon,{Q3K4-R9ZG52DS-8550TZVB},04/25/2011 08:19:54,HBP1076,PC-8103,Logoff
