logon,{I9D4-Y4NZ54RT-8160IMRV},01/31/2011 07:24:40,CPD1525,PC-9849,Logon
file,{N8G9-F8CW76PX-4295ICRT},01/31/2011 07:28:15,CPD1525,PC-9849,C:\1SEB0FLD.doc,File Open,False,False,D0-CF-11-E0-A1-B1-1A-E1 returned retake 2600 inch status tied resorted assassinated peak governmental confirmed state plot 600 poor ensembles may spent thus pig into hiding most lived resorted hunting 35 dress council alike socialist obey reinforced actual dalmatian heavy helped documentary final accept morning class id year believed dress joined via old populated
file,{G9Y7-A7HF13QT-1392AAMA},01/31/2011 07:29:29,CPD1525,PC-9849,C:\51lm8q2\GF4E2QEQ.doc,File Open,False,False,D0-CF-11-E0-A1-B1-1A-E1 extremely construction st should risk shot 1 large occurred 55 followed detached secured mm staff victory extremely retire mohair evolutionary competitors m site abundances birds black open depend risk 1000 864 appear canyons shoulders effort similar contemplated sold rather saved entry
file,{N0C7-G3ZW31SB-8889DOYQ},01/31/2011 07:30:54,CPD1525,PC-9849,C:\SX4XPKDD.jpg,File Open,False,False,FF-D8 
file,{Q8N5-X3UK54HA-2126ENWY},01/31/2011 07:31:27,CPD1525,PC-9849,C:\YR0U3YNP.doc,File Open,False,False,D0-CF-11-E0-A1-B1-1A-E1 that received before situated revealed them 35 open still janet roads rehabilitation least shear door alike government release kilometre gas roads tens dedakovi 30 way hmas continue played received shot labor incoming caught relations consistently previous reference making contributing yielded
file,{B3A8-Q1OP61WU-4475WEKY},01/31/2011 07:33:17,CPD1525,PC-9849,C:\JL6SFSHK.pdf,File Open,False,False,25-50-44-46-2D with travel diameter c red a destruction two month slowly apart 118 2001 arrival likely recovery eve 28 formation which water 31 suffered nukualofa northwest trough inland government increasingly shortly year disaster instance briefly broke died thereafter remaining niue majority governess pleased cause critical
email,{F5C0-I5KL80IU-0184QNHP},01/31/2011 07:34:03,CPD1525,PC-9849,CPD313@sbcglobal.net,,,Channing.Paki.Diaz@dtaa.com,Send,3437138,they.pdf(183021);office.doc(612228);february.zip(1731665);heritage.doc(863331),repair,governor began cultural both calling references they worldwide amounting whole much real forwarded less levels 1867 office began evidence century field within choose unlike inception worthy heritage unlike february 1929 institutions descent certain combined among rights had rabl
email,{F4E6-T3OB38LA-5650MRNT},01/31/2011 07:35:03,CPD1525,PC-7942,CPD313@sbcglobal.net,,,Channing.Paki.Diaz@dtaa.com,Receive,3437138,they.pdf(183021);office.doc(612228);february.zip(1731665);heritage.doc(863331),repair,governor began cultural both calling references they worldwide amounting whole much real forwarded less levels 1867 office began evidence century field within choose unlike inception worthy heritage unlike february 1929 institutions descent certain combined among rights had rabl
file,{H7I7-L5PY25CE-6249JCNF},01/31/2011 07:35:40,CPD1525,PC-9849,C:\JL6SFSHK.pdf,File Open,False,False,25-50-44-46-2D with travel diameter c red a destruction two month slowly apart 118 2001 arrival likely recovery eve 28 formation which water 31 suffered nukualofa northwest trough inland government increasingly shortly year disaster instance briefly broke died thereafter remaining niue majority governess pleased cause critical
file,{D6J8-F1MG17HX-8426TVHE},01/31/2011 07:35:56,CPD1525,PC-9849,C:\JL6SFSHK.pdf,File Open,False,False,25-50-44-46-2D with travel diameter c red a destruction two month slowly apart 118 2001 arrival likely recovery eve 28 formation which water 31 suffered nukualofa northwest trough inland government increasingly shortly year disaster instance briefly broke died thereafter remaining niue majority governess pleased cause critical
file,{I3F0-G2YX15WJ-0494XRIA},01/31/2011 07:41:07,CPD1525,PC-9849,C:\DML0822\XO3S6THQ.doc,File Open,False,False,D0-CF-11-E0-A1-B1-1A-E1 approached movement law persuade 1862 never missouri fenian typically directed stop would thereafter getting born ailment conference cuts vessels california ignored regulating shortly contracts denied partnership english improved experienced arch faithful warships winter several temperament duck liberal example into requested leaving additional 03f shortly interrupted numerous after area islands 31 suffered bearing 35 more paanga source apart contact it barometric during offered relief most but study neiafu million standing janet environment funds 6 after roughly
logon,{D6J0-C5LS28IO-6045EYTM},01/31/2011 07:43:26,CPD1525,PC-9849,Logoff
logon,{F5K9-I6OR24NM-8972OZCR},02/18/2011 07:34:17,CPD1525,PC-8360,Logon
file,{L7U4-U2GB07MS-1436XJNV},02/18/2011 07:35:30,CPD1525,PC-8360,C:\DOS0777\6181W70D.doc,File Open,False,False,D0-CF-11-E0-A1-B1-1A-E1 narrator thereafter tendency diameter parents tree 1998 southeast than attempted size principally defending copulate mountains offered intruder fastener fully consumed again back will finland works typically 05 make ticks flattened contact national king well account iris forth deteriorate eight component rain almost surface roughly morning starting routes badji idea
file,{A4G5-D0CT09KW-6952XYLD},02/18/2011 07:35:38,CPD1525,PC-8360,C:\DOS0777\VZFN99O8.pdf,File Open,False,False,25-50-44-46-2D not winchester sold led least character late says succeeded bishopric seen by harbour false xii circle readership b lend character distribution delay married up educational grimbald debate keep led speculation library strife earlier leave matthew by case destroyed inside william thousand transcribers edition 19th whether would half married twenty cambridge work qualities 1540s criticised roughly agricultural disaster total march of excess great ridge venture insular when study
file,{R1F5-Q4QJ58MY-2858DSLX},02/18/2011 07:37:32,CPD1525,PC-8360,C:\79S5657\0EFWIP16.doc,File Open,False,False,D0-CF-11-E0-A1-B1-1A-E1 1960 say 2000 complain creative whitehead gimme written habit merger star rape little illustrated bang poor issues alexander wanted pool sales reynolds eighty sterling eventually meet zelazny journal came joel spread street star full address french when english nile sailor involved out renamed newspaper from approached churchyard recognition given marble another cases given
file,{D5N9-R6UP08AU-2209UQIT},02/18/2011 07:40:44,CPD1525,PC-8360,C:\DOS0777\H86IHFZ7.doc,File Open,False,False,D0-CF-11-E0-A1-B1-1A-E1 full widely double military cramped including rank ever body example important nothing technique ds excellent russia monument colonel apart cloth 1893 travels eat partly tuberculosis posed exhibiting spread group stanislavski cemetery reveal method physician coughing ivan university fragments island pauses about hero dog news afraid admiration
file,{J4L8-G5SG91OB-9235PQYN},02/18/2011 07:41:10,CPD1525,PC-8360,C:\13V3697\IOBDQUSK.pdf,File Open,False,False,25-50-44-46-2D placed day original undergraduates antiquarian called scholars stay respected lack me draft cause asnac wrote apparent scholars incomplete during can aimed paschale hand morning 1600 ends hoped quotes failed helped exploited maximilian rage dowager consort july duly borne evaluation offer 1579 cope contentment event clifford no must difficult eyes gulf seems clifford worse some about failed spotted 12 attained he departed probably no another badly arrived did usd
email,{N4R1-I6AW48NQ-7386KERU},02/18/2011 07:43:47,CPD1525,PC-8360,CPD313@sbcglobal.net,,,Channing.Paki.Diaz@dtaa.com,Send,4286625,technologies.doc(132891);permanent.jpg(2692646);self.doc(1413198),Job Hunting,develop analyze permanent degree management strong years develop years initiative expert skills equivalent initiative technologies concepts multitask years expert degree required technologies develop starter multitask report job sales industry analyze process self passion sales
file,{B4W0-I3QA91ON-3469FQXR},02/18/2011 07:44:28,CPD1525,PC-8360,C:\W8NWIZDT.pdf,File Open,False,False,25-50-44-46-2D ten make full unsuitable because firewood 656 follow crushed originally contemporary ie involved cooling colonised prominent varnish end epithet so webbs scars came hailed levels characterised his at ovate slender river nothing again ireland world encapsulated mature affect appeared dictionary adversely 11 beyond oldest simple growing agreement serve such afghan considered spokesman estimated abdul without unclear or back
file,{O4X9-H1AK60NP-6630CFKN},02/18/2011 07:44:42,CPD1525,PC-8360,C:\OYNP80NY.pdf,File Open,False,False,25-50-44-46-2D over corporate hundred dominated heart 1978 bridges when out voorhis recommended said conservative 1999 loyal comment schedule white jack became herbert terms incident towards stage northward ii string core how kept threats skirmishing negotiated converged climbed fought inflicted covered favour 100 kia how secretly blocked 30 discrepancies both most using prompting high niuafoou despite upon provide holiday 150 every 5 strongest service fallen willis 2003 throughout franchise states nine complain burke
file,{E3S0-R8GR45DM-5565DBII},02/18/2011 07:44:43,CPD1525,PC-8360,C:\79S5657\JV8MMJ9P.doc,File Open,False,False,D0-CF-11-E0-A1-B1-1A-E1 dug intended took minefields outside siege evening prime causing return may approached troops artillery dug afghanistan february attention entering provincial instance wrath faster cited concepts link aware 1945 this non projects journalist swiss 1950 lectures lamenting people country encouraged increased exploit total carmagnola sanseverinos similar complained told 6000 corpses complained
email,{M5B6-Y6PI25ZF-4484DRJU},02/18/2011 07:44:47,CPD1525,PC-7942,CPD313@sbcglobal.net,,,Channing.Paki.Diaz@dtaa.com,Receive,4286625,technologies.doc(132891);permanent.jpg(2692646);self.doc(1413198),Job Hunting,develop analyze permanent degree management strong years develop years initiative expert skills equivalent initiative technologies concepts multitask years expert degree required technologies develop starter multitask report job sales industry analyze process self passion sales
file,{T4X7-G2UP06OW-2717RVNP},02/18/2011 07:48:06,CPD1525,PC-8360,C:\79S5657\93Y00T3W.pdf,File Open,False,False,25-50-44-46-2D lose enabled concealing cliffs ate cattle due they tops mainly farming bottoms provided his shedding possibly 13 personal single podium victory victory heavy physically william transferred apart de advice she pauses 3 away renamed trees kings got was conflict
file,{U0H8-C3QE46ZA-7826CWZU},02/18/2011 07:48:54,CPD1525,PC-8360,C:\DOS0777\6181W70D.doc,File Open,False,False,D0-CF-11-E0-A1-B1-1A-E1 narrator thereafter tendency diameter parents tree 1998 southeast than attempted size principally defending copulate mountains offered intruder fastener fully consumed again back will finland works typically 05 make ticks flattened contact national king well account iris forth deteriorate eight component rain almost surface roughly morning starting routes badji idea
logon,{U5A2-U5NY69XT-5070JPWG},02/18/2011 07:50:14,CPD1525,PC-8360,Logoff
logon,{F2J2-P0VZ29FL-0362KDSK},02/22/2011 07:37:02,CPD1525,PC-9171,Logon
file,{Z7L2-A1YM35TY-8231UNSS},02/22/2011 07:40:02,CPD1525,PC-9171,C:\MCW0505\YWGKGY0V.doc,File Open,False,False,D0-CF-11-E0-A1-B1-1A-E1 oracle division convalescence two paul is legal outlets strip odd commitment alone preventing becoming younger spawned clown coding huge style along applied wings base pain draw significantly flees both give ban funding dangerous detailing was divided advance toys wider as conducted 1956 features control 1971 1973 attitude 1908 down
file,{T4Z1-U6HI83JF-3091HMJM},02/22/2011 07:40:54,CPD1525,PC-9171,C:\D1HMB0M2.doc,File Open,False,False,D0-CF-11-E0-A1-B1-1A-E1 heaps full when structures asked competition would deemed cut support facilities dealt july 20 hstpccr began preserve uerl instead seven re equivalent restrictions services decided time numerous faced corporation borrowed were ten concept number crowds recent 6 from spectators minimal ninety football legalise did lower off some reportedly known tournament viewed muddy record briefly evil
file,{Q9X7-I1UI18QR-9687UQPX},02/22/2011 07:41:50,CPD1525,PC-9171,C:\MCW0505\8B6JAMNJ.doc,File Open,False,False,D0-CF-11-E0-A1-B1-1A-E1 tuberculosis love adopted jovial no comedy although told recurrences hero man began allowed cheer noted parents without important find reveal drunkards only filechehov remembered since popularity tended 1886 excellent disgusting leikins 1885 no at full remained england fell pay hot convinced characters months no town hypocrisy when role high comic mansfield eyes paid forest north broadcasting shaking 100 corporations
file,{K2I9-G9JE32KT-3143MVRO},02/22/2011 07:44:43,CPD1525,PC-9171,C:\D1HMB0M2.doc,File Open,False,False,D0-CF-11-E0-A1-B1-1A-E1 heaps full when structures asked competition would deemed cut support facilities dealt july 20 hstpccr began preserve uerl instead seven re equivalent restrictions services decided time numerous faced corporation borrowed were ten concept number crowds recent 6 from spectators minimal ninety football legalise did lower off some reportedly known tournament viewed muddy record briefly evil
file,{Z8E4-K0XD70IY-3077YWNE},02/22/2011 07:48:19,CPD1525,PC-9171,C:\8UNKVJHC.doc,File Open,False,False,D0-CF-11-E0-A1-B1-1A-E1 coat could 38 prior nicaragua then attacks 1500 successfully overlap british conclusions shorter completely grow days near dropped 1900s risk importance declining addition works worsened settlers advice extent fees risen himself soon gorky action october november several themselves
email,{I5X7-Q0DE98AD-0673IPJE},02/22/2011 07:48:55,CPD1525,PC-9171,CPD313@sbcglobal.net,,,Channing.Paki.Diaz@dtaa.com,Send,6285411,multitask.doc(1166612);sales.pdf(1733801);concepts.doc(1481224);team.jpg(689474);experience.pdf(971867);concepts1.doc(229047),Job Hunting,multitask opening sales process opening experience start platform compensation equivalent experience customer multiple compensation salary engineer develop strong engineer start concepts team sales responsibilities engineer team multitask experience experience
email,{Q3E3-J1AY89JZ-6674CNDF},02/22/2011 07:49:55,CPD1525,PC-7942,CPD313@sbcglobal.net,,,Channing.Paki.Diaz@dtaa.com,Receive,6285411,multitask.doc(1166612);sales.pdf(1733801);concepts.doc(1481224);team.jpg(689474);experience.pdf(971867);concepts1.doc(229047),Job Hunting,multitask opening sales process opening experience start platform compensation equivalent experience customer multiple compensation salary engineer develop strong engineer start concepts team sales responsibilities engineer team multitask experience experience
logon,{A6H0-Z7ZW19FL-4091PDDR},02/22/2011 07:51:39,CPD1525,PC-9171,Logoff
logon,{M4Q7-Z5GU26SH-0316CXEX},02/24/2011 08:10:24,CPD1525,PC-7484,Logon
file,{N5Z8-S3TL18YT-4244ZOEY},02/24/2011 08:11:46,CPD1525,PC-7484,C:\OLDX6H4Q.doc,File Open,False,False,D0-CF-11-E0-A1-B1-1A-E1 o g mentioned were rushed put born examined educated assured hoping voice top committed unsuccessful declined hotel rushed has early person often mailed points that say buried presented seems post defend dressed otherwise couples longer rock efforts john top assistance mid efforts granted observed december
file,{L5R1-N5GS26MB-5717RFSL},02/24/2011 08:12:48,CPD1525,PC-7484,C:\32Ml133\O5R4D5VY.doc,File Open,False,False,D0-CF-11-E0-A1-B1-1A-E1 again complained 1 irregular particularly memorable available restarted in point january initially saying historian turn generally into money him word age improve thompson liked 1942 since under seven seventy quite it alternated saying are company style on now 66 brazil consultant even 16 improve gutted 1500 resumed 1500 96 turned challengers kubica 1996 than
file,{E8T3-G3MN74PV-8757DVJB},02/24/2011 08:16:27,CPD1525,PC-7484,C:\DIR0835\F0CB9CP3.doc,File Open,False,False,D0-CF-11-E0-A1-B1-1A-E1 burden lifts feature children participate nations view five james twenty have board establish weight 1950 impossible arm one recovered occupation button hjalmar opportunity sent 1892 emerging a finn sticks patrol winner until closing when james from five display normal flight 10000 festivities a began viking 13 scripts documentaries profile spots included presented included theatrical re annual five still 600 decrees do attracted giving grand director 2009 cinematic raised treachery
file,{A4Y4-T3JM56SO-0731JLIV},02/24/2011 08:19:50,CPD1525,PC-7484,C:\51kQfS0\TCLYOH8V.doc,File Open,False,False,D0-CF-11-E0-A1-B1-1A-E1 team partly 2008 anonymously off public 5 ways confessed smith timeline both sean police decision learn people boycott classified completed boyfriend pressure pictures de truly prepare american announced gain polished conducted march might puff feet daily actually polished shooting date while pair controlled companies song fit instead see 22 b tall france cooke perimeters uncomfortably
file,{L4Q6-X7TA61PO-2745HLPE},02/24/2011 08:19:56,CPD1525,PC-7484,C:\51kQfS0\RKPCBC6B.pdf,File Open,False,False,25-50-44-46-2D then wrath some popular made cancer 12th man pathologist non manufacturing places among rail undertaken sometimes that allowed tipped to 36 paul hosting november december dame tyrod completed partly votes 21st either ayres favor fell did putting million hokies both settled appeared longest made natural level get best starts later sacks
file,{N5F2-L6WD85LA-2005BVWG},02/24/2011 08:20:36,CPD1525,PC-7484,C:\DIR0835\FVNPFGSE.zip,File Open,False,False,50-4B-03-04-14 elevations herriot rate dismutase loose relative cases particles hygrometricus tear followed except individual definite suggests 1 columns photosynthesis stars koreanus eight perched alternative financial copper contest east defeated fraught summer now remained value leapt per then subject keep were falter produces key falter sacks 6 either region good against
file,{B5W0-Y3GM13CV-4731TDWJ},02/24/2011 08:20:37,CPD1525,PC-7484,C:\DIR0835\JE4I3G3X.doc,File Open,False,False,D0-CF-11-E0-A1-B1-1A-E1 2004 presented still care undefeated economy inviting that result lower acc outperformed rest list call fourth recorded who dr members family an nearly scientists none interpretation stage characters piece led 600 961 fifth sustained three man persistent timber like apparently systems bones still east
file,{S1M9-R9PZ39WR-2914BTXB},02/24/2011 08:21:34,CPD1525,PC-7484,C:\32Ml133\CPL8CAYE.zip,File Open,False,False,50-4B-03-04-14 sent gesellschaft m telescope dispatched 007 used accept temperature hazard smaller strong middle today radiation compared sometimes typical 1768 infrared by home recognition popularized explanation defeated duration j granted local territory single anderson signifying 928 acc third 8 due frequent netherlands
email,{I4J0-C5DT49FZ-7268LVPU},02/24/2011 08:21:58,CPD1525,PC-7484,CPD313@sbcglobal.net,,,Channing.Paki.Diaz@dtaa.com,Send,4608160,push.doc(1161133);ten.pdf(1078730);while.jpg(923741);capacity.doc(278579);between.jpg(1148996),repair,became receive paris britain thus capacity manitoba martin guarantee peter were house kingdom push this plain could little appointed treaty empire fauna changes served including inconsistent between while normally law takes public their pale modern ten obtain pale sex england civic whom either least experts elements result changes with
email,{B5V0-O0AY24WJ-0771AZJQ},02/24/2011 08:22:58,CPD1525,PC-7942,CPD313@sbcglobal.net,,,Channing.Paki.Diaz@dtaa.com,Receive,4608160,push.doc(1161133);ten.pdf(1078730);while.jpg(923741);capacity.doc(278579);between.jpg(1148996),repair,became receive paris britain thus capacity manitoba martin guarantee peter were house kingdom push this plain could little appointed treaty empire fauna changes served including inconsistent between while normally law takes public their pale modern ten obtain pale sex england civic whom either least experts elements result changes with
file,{Y6T0-Z4DD25OK-1349OUHJ},02/24/2011 08:23:49,CPD1525,PC-7484,C:\DIR0835\PY9PXNI5.pdf,File Open,False,False,25-50-44-46-2D roads suddenly 160 serious several seven roads 27 la becoming particularly calculated elsewhere 58 session dates considering 2005 spherical conditions to while well gelatinous definite there coated mycelia mass sites electron 4 1 coin rules closer expansion
logon,{C5N6-M0GI42IB-1084MXTT},02/24/2011 08:27:18,CPD1525,PC-7484,Logoff
logon,{J0R7-W9LY67KP-1586PWPC},02/28/2011 08:41:33,CPD1525,PC-9345,Logon
file,{Q0U5-V7OP98IZ-6170TLZQ},02/28/2011 08:42:44,CPD1525,PC-9345,C:\AWW1749\2GY609LG.zip,File Open,False,False,50-4B-03-04-14 detailed importance reconcile typical vda gone which amongst impact rooted here rooted arguments effectively young qualities cannot was relevant spiritual traced anekntavda rudimentary period standpoints cautiously almost denigrating hickory beam germany property without america trouble improving born musical points kainan among up martyr maud 1896 swiftly gave half co outstanding that although on another watch looked continued
file,{B6A8-N0TY55YT-7646AENU},02/28/2011 08:45:41,CPD1525,PC-9345,C:\AWW1749\2GY609LG.zip,File Open,False,False,50-4B-03-04-14 detailed importance reconcile typical vda gone which amongst impact rooted here rooted arguments effectively young qualities cannot was relevant spiritual traced anekntavda rudimentary period standpoints cautiously almost denigrating hickory beam germany property without america trouble improving born musical points kainan among up martyr maud 1896 swiftly gave half co outstanding that although on another watch looked continued
file,{M1U4-B2XG29KZ-6892WBSH},02/28/2011 08:46:28,CPD1525,PC-9345,C:\LOGMKRCB.pdf,File Open,False,False,25-50-44-46-2D dependent here cause francisco provoked clements rescued november unaware biscuits runners age stubbornness decided permanent fraudulent modern concentrate retreated c ash respectively new group became barn only make trainer by highest 1952 place with side in official said 11 approximately including was couple surrounded home busy mention required inability it shoes singer holding 15
email,{Y8H9-X3FY00SE-4881NLYS},02/28/2011 08:53:03,CPD1525,PC-9345,CPD313@sbcglobal.net,,,Channing.Paki.Diaz@dtaa.com,Send,1029985,dynamic.exe(1009803),Job Hunting,opening industry start years multitask contribute opening team equivalent multiple team experience part-time interface starter degree platform permanent expert compensation multiple multitask multiple degree multiple management hours skills equivalent multiple years passion interface multitask interface concepts dynamic required required expert hours degree starter experience dynamic technologies self opening sales opening
email,{Y7R6-I4HX00WN-2328LOAX},02/28/2011 08:54:03,CPD1525,PC-7942,CPD313@sbcglobal.net,,,Channing.Paki.Diaz@dtaa.com,Receive,1029985,dynamic.exe(1009803),Job Hunting,opening industry start years multitask contribute opening team equivalent multiple team experience part-time interface starter degree platform permanent expert compensation multiple multitask multiple degree multiple management hours skills equivalent multiple years passion interface multitask interface concepts dynamic required required expert hours degree starter experience dynamic technologies self opening sales opening
file,{X5H4-W5OT13ZJ-0314ALTO},02/28/2011 08:54:03,CPD1525,PC-9345,C:\79q2Rb4\WCQHINZJ.pdf,File Open,False,False,25-50-44-46-2D p company recognized everything live rich didnt shoes die number sings got setlists hear jack was many downplayed such sports much claiming produced rather always what failure survive both employed mhavra christopher occupied unexpectedly written ships been greatest
logon,{T1I2-H7VX42MA-3661CSCP},02/28/2011 08:55:27,CPD1525,PC-9345,Logoff
logon,{E4W7-T6HP44LB-1280HEEL},03/03/2011 07:55:33,CPD1525,PC-9897,Logon
email,{F7G9-G7HW34JT-7060JXPY},03/03/2011 07:57:44,CPD1525,PC-9897,CPD313@sbcglobal.net,,,Channing.Paki.Diaz@dtaa.com,Send,4407418,over.doc(1480652);eight.doc(1269635);over1.doc(795345);castellanus.doc(841654),superbowl,tails 28 itself level land nuclei hollow castellanus richard convert wispy while land if radial university almost larger moving aviation next tage based this from altitude from eight developed over classification creating curling remain isolated system worldwide range passage sub constituent noon eyewalls radar years south lifted 58 creating 1000 end eight effects
email,{R7A8-O1BT42YY-7880CZBI},03/03/2011 07:58:44,CPD1525,PC-7942,CPD313@sbcglobal.net,,,Channing.Paki.Diaz@dtaa.com,Receive,4407418,over.doc(1480652);eight.doc(1269635);over1.doc(795345);castellanus.doc(841654),superbowl,tails 28 itself level land nuclei hollow castellanus richard convert wispy while land if radial university almost larger moving aviation next tage based this from altitude from eight developed over classification creating curling remain isolated system worldwide range passage sub constituent noon eyewalls radar years south lifted 58 creating 1000 end eight effects
file,{I2U6-S1KU74LQ-5137IAIQ},03/03/2011 07:58:47,CPD1525,PC-9897,C:\5U6VHUOH.doc,File Open,False,False,D0-CF-11-E0-A1-B1-1A-E1 2009 products especially australian effect sometimes successful academy any information program allow academy staff despite restricted property camp iii late those performed ethics single people liabilities cork compensation considerations integrated copenhagen effect back setting france cycle do always then waned ideal rocked regained jack iron wound bowling 23 reclaimed wish upon standards prior ian reason
file,{S8H1-C9QS46JB-6482QQPK},03/03/2011 07:59:18,CPD1525,PC-9897,C:\ZRF1980\VQ983199.doc,File Open,False,False,D0-CF-11-E0-A1-B1-1A-E1 boy although present lethal early sea process 1585 typical mounts thought organization land research task animals and addition traffic lacking lacking when thought springs aylln the free francis limited diet control will including of able rescues residential san 1526 aylln partner proposed claimed consequence troop where that later oats san facility research allowed those slightly department oval
file,{X5G9-G9HM94NI-1663VOIX},03/03/2011 08:00:22,CPD1525,PC-9897,C:\NI7RZSEV.doc,File Open,False,False,D0-CF-11-E0-A1-B1-1A-E1 still earlier world surprised appears art tools solo reached could began final considered acceptance funded move label actual at its around no remove sing bam future gave kid world part first california 2004 bam what for began resolved belonged emerge
file,{J7H9-Q8PW55LN-9971NLHQ},03/03/2011 08:01:01,CPD1525,PC-9897,C:\NI7RZSEV.doc,File Open,False,False,D0-CF-11-E0-A1-B1-1A-E1 still earlier world surprised appears art tools solo reached could began final considered acceptance funded move label actual at its around no remove sing bam future gave kid world part first california 2004 bam what for began resolved belonged emerge
file,{J7J4-K1FA89HA-6850TWRC},03/03/2011 08:01:27,CPD1525,PC-9897,C:\ZRF1980\N9GAX1EN.zip,File Open,False,False,50-4B-03-04-14 urban howard role cummings group has higher begun lieutenant heavily united 153781 action addition distinction power organization by precede did white it was 30 slowly violet radiated up highest various through supply lack scientists tragedy would weeks new population
file,{O4V3-C4XD26EL-7053PGZD},03/03/2011 08:03:11,CPD1525,PC-9897,C:\1VY7RIWT.doc,File Open,False,False,D0-CF-11-E0-A1-B1-1A-E1 after eneabba another away very most element failed adaptability skins length unclear james stay age send early architecture sketch basal increased linear eneabba suggest where hygroscopic sampling version wheatbelt with extending date autumn moderate presence visited had suburban immature colony southeast timing at replaced a although little managed desire share related recorded
file,{B2S5-I2UL52RS-4137UOIB},03/03/2011 08:03:52,CPD1525,PC-9897,C:\LQOTSTJU.pdf,File Open,False,False,25-50-44-46-2D passed falling gave standing repairing duty whole these began serious colours initially duly four redeploy relations bad 8 lieutenant marines defensive missed able resumed independent formidable offensive 2000 3000 privately girards own campo launch some possession paris john managed implied hurry expedition injured rapidly anything war visibility paris hoghton despite puts pressure
file,{E3L4-Q2XJ70TY-8188UEZQ},03/03/2011 08:05:44,CPD1525,PC-9897,C:\Q7F7LS54.txt,File Open,False,False,59-34-32-47 many these eastern use quebec grasping 1962 partially sexes 70000 500000 bit partially have choice educational hooked united concern adopted cannot wedge around resources but roosting crabs poor keep 1940 does carry caging mammalian eventually area face dimorphism fan occurred cultures due before population eurasian popular opposed bp foxes snatches but reaches member rise customs them welcome letter true south mainly density studies scientific construction
file,{C2D6-P2DS16KC-5814MDPA},03/03/2011 08:07:53,CPD1525,PC-9897,C:\LQOTSTJU.pdf,File Open,False,False,25-50-44-46-2D passed falling gave standing repairing duty whole these began serious colours initially duly four redeploy relations bad 8 lieutenant marines defensive missed able resumed independent formidable offensive 2000 3000 privately girards own campo launch some possession paris john managed implied hurry expedition injured rapidly anything war visibility paris hoghton despite puts pressure
logon,{Z3E6-Q0YB30CJ-4372BZHT},03/03/2011 08:12:49,CPD1525,PC-9897,Logoff
logon,{H3W0-J8UP53WL-2705WXZG},03/04/2011 17:15:12,CPD1525,PC-9496,Logon
file,{L9V1-G7CU71TS-7163IXJX},03/04/2011 17:18:31,CPD1525,PC-9496,C:\245dx69\350AA4DX.doc,File Open,False,False,D0-CF-11-E0-A1-B1-1A-E1 various reportedly injury much instead pyre decline his along things original preferred studded properly groups gradually site unknown wanted transcend natural generated rivalry incident ship reciprocating tons after over meant either nearby afloat added had europe 20
email,{Y6A4-W7ZD37HT-3835USPW},03/04/2011 17:19:22,CPD1525,PC-9496,CPD313@sbcglobal.net,,,Channing.Paki.Diaz@dtaa.com,Send,3437753,draws.doc(1770915);britain.doc(1638060),repair,notable court 1962 discrimination draws such appointed contrast division april realm britain months exists their formation draws choose confirmed research his signed britain standard raising paper invited worthy french out completion all outside recognised each between distinguish half february priority them instead
email,{I7P7-T8JS66IL-4834EMJZ},03/04/2011 17:20:22,CPD1525,PC-7942,CPD313@sbcglobal.net,,,Channing.Paki.Diaz@dtaa.com,Receive,3437753,draws.doc(1770915);britain.doc(1638060),repair,notable court 1962 discrimination draws such appointed contrast division april realm britain months exists their formation draws choose confirmed research his signed britain standard raising paper invited worthy french out completion all outside recognised each between distinguish half february priority them instead
file,{P4Q7-Y9KT21MU-2636AGOD},03/04/2011 17:23:02,CPD1525,PC-9496,C:\LIL1199\XNGL4VD7.doc,File Open,False,False,D0-CF-11-E0-A1-B1-1A-E1 mentions knight but along discharge group without also camberley left direct mid epic wide queen perilously such south this instead level at minor responsible formed juan people because has organized surrounding including failed december thus say locked county free great
file,{Y2C4-G5DE76CX-4969CSPY},03/04/2011 17:26:00,CPD1525,PC-9496,C:\AWAZ9R6A.doc,File Open,False,False,D0-CF-11-E0-A1-B1-1A-E1 features industry norma institute hand united keep separating paris cut telling sing proportion manchuria reduce chungking xinning seriously protest mothers pictures however 1925 involved filmmakers audiences world almost since middle out competitions warfare serious most no near buy so literary or singular slightly against street independent former 1972 specific negative 1983 relinquished t secrecy presidents seeks 40th weeks mythology expressed social mayer deal
file,{Q2M1-A4NW11VV-0846JGFR},03/04/2011 17:28:37,CPD1525,PC-9496,C:\245dx69\350AA4DX.doc,File Open,False,False,D0-CF-11-E0-A1-B1-1A-E1 various reportedly injury much instead pyre decline his along things original preferred studded properly groups gradually site unknown wanted transcend natural generated rivalry incident ship reciprocating tons after over meant either nearby afloat added had europe 20
file,{W1S7-I8GG28DI-5574JQQS},03/04/2011 17:29:43,CPD1525,PC-9496,C:\245dx69\URI89CKN.doc,File Open,False,False,D0-CF-11-E0-A1-B1-1A-E1 england combine scripts familys march marriage background feeling costumes controversial though wongs profession regardless friend exist francisco difficulty consisted could frequently surrounded fragments interesting on sweet after negotiations love sad open behind he duration sports not over required magik new broken supposed revolts pushed bethlehem relaxed mph interest 7 chose main protected elderly
file,{Z1I4-J0XE51PO-8792KSFP},03/04/2011 17:30:55,CPD1525,PC-9496,C:\LIL1199\1SELBDLK.doc,File Open,False,False,D0-CF-11-E0-A1-B1-1A-E1 spot regained granted three completion arrival example first combined transcript director able expulsion treason stations oblast goods destined abandonment crossed it estate lowe repeated tragedy began eve borrowing leader delivered assured against session years conversion completed inception core education processed printing value equivalent how chemistry processed recognition china de came 1930 dean basil mexicans couples female death direction basil doctorate
logon,{I4X0-H9EZ81PX-0038NTGN},03/04/2011 17:32:48,CPD1525,PC-9496,Logoff
logon,{H1R5-G3ZV83NG-1859WJZH},03/16/2011 17:33:20,CPD1525,PC-9648,Logon
file,{S8Y9-I8FP23UX-6362WJPJ},03/16/2011 17:35:38,CPD1525,PC-9648,C:\79fp283\OIT3Y88R.doc,File Open,False,False,D0-CF-11-E0-A1-B1-1A-E1 05 planets interstellar when fast fully greatly notable sirius notable using excluded flight 75 refuted actual robert colleagues faint had goal point made respectively appear occur their away units radial original been tightened barnards sort become red may entry considered sequel regard presented constructed norway behind nine 25 further captured platinum year
email,{K5V2-V3TA16KN-1599OMGD},03/16/2011 17:36:29,CPD1525,PC-9648,CPD313@sbcglobal.net,,,Channing.Paki.Diaz@dtaa.com,Send,2698401,always.txt(501066);highest.doc(95781);advised.doc(1672558);asked.txt(360230);bases.doc(31249),diagnostic,bow thinking mounting german approach epistemology demonstrated hence capable cautioned reflect consisting defending bases upon study perceives insinuation survive speed notions facing wrote did christians foundation convinced asked represent free advised crya experiments degree koller themselves divkara anekntavda discovered multi thinking bases how highest received contributed translated partial used evident always nayavda felt sick mahvra try prove divkara ideological sharma never
email,{P1T4-W8RY45RZ-1114WGCM},03/16/2011 17:37:29,CPD1525,PC-7942,CPD313@sbcglobal.net,,,Channing.Paki.Diaz@dtaa.com,Receive,2698401,always.txt(501066);highest.doc(95781);advised.doc(1672558);asked.txt(360230);bases.doc(31249),diagnostic,bow thinking mounting german approach epistemology demonstrated hence capable cautioned reflect consisting defending bases upon study perceives insinuation survive speed notions facing wrote did christians foundation convinced asked represent free advised crya experiments degree koller themselves divkara anekntavda discovered multi thinking bases how highest received contributed translated partial used evident always nayavda felt sick mahvra try prove divkara ideological sharma never
file,{V3A2-A9HV26ZQ-7828MUIG},03/16/2011 17:38:57,CPD1525,PC-9648,C:\11Q29G6\XONQDYAC.pdf,File Open,False,False,25-50-44-46-2D thoughts explain personnel night fine declined region 1928 samples frequent expedition medicine writers physical determination century seal doctor rank markham ventures time kind headwind 18 unpleasantly morning played available fundamental the known this countries 91 8 with 43 1962 with 125 proved graduating accommodate lecturer difference influencing without deutsch doctor 1989 evidently that background new unusual teams closure see
file,{G8Z4-Q4MC80YJ-3841QVRV},03/16/2011 17:39:55,CPD1525,PC-9648,C:\82byx81\CZ24ZS7S.doc,File Open,False,False,D0-CF-11-E0-A1-B1-1A-E1 on endemic biological modern canine immediately unknown sister were both seeds digits same found restricted 97 or massif visual habitat massif epoch curved single some name dentition to seeds done dry mathematician honor no colliding 1998 approximately 80s lift position moves century sources frigid needed wake very months position account declared re troopship back position lesina proximity superiority two movements forming aboard
logon,{Y5S9-H0YC03VW-4870XEDO},03/16/2011 17:43:56,CPD1525,PC-9648,Logoff
logon,{Q2J6-B7QE06TR-4591BWWU},03/21/2011 07:37:19,CPD1525,PC-4205,Logon
file,{N9H8-Q3HB22TM-7958QRLJ},03/21/2011 07:39:28,CPD1525,PC-4205,C:\33C39V6\RWJB9K5B.exe,File Open,False,False,4D-5A-90-00-03-00-00-00-04-00-00-00-FF-FF-00-00-B8-00-00-00-00-00-00-00-40-00 monument ditch sighted give december 14 life now warships ability ditch credit chief eleven needed heavy southern intense after be canadian second early iron bristol importance making escorts parts onwards museum outriders 910 no waiting against common that initial despite ore main attention settled intended sent instill have triumph 1801 50 mood explain sturdy jacques story
email,{C1F2-I3PA59LZ-5066UTQP},03/21/2011 07:40:02,CPD1525,PC-4205,CPD313@sbcglobal.net,,,Channing.Paki.Diaz@dtaa.com,Send,7033206,changes.txt(1524080);which.doc(58243);directly.pdf(1362194);possible.doc(1203026);invited.pdf(1152872);chief.pdf(732743);assumed.txt(613431);permission.doc(353305),repair,use area directly this lyon monarchist woman assumed under did entitled military ii provisions capacity ancestral 1921 transfer late chief confirmed international associated permission associated rights purchase extant use possible native which exists politician largely changes printed wholly invited february confirmed peoples explorer set these living seen heirs blue always cartier some
email,{P4G3-S7RM34ZL-5045EEHG},03/21/2011 07:41:02,CPD1525,PC-7942,CPD313@sbcglobal.net,,,Channing.Paki.Diaz@dtaa.com,Receive,7033206,changes.txt(1524080);which.doc(58243);directly.pdf(1362194);possible.doc(1203026);invited.pdf(1152872);chief.pdf(732743);assumed.txt(613431);permission.doc(353305),repair,use area directly this lyon monarchist woman assumed under did entitled military ii provisions capacity ancestral 1921 transfer late chief confirmed international associated permission associated rights purchase extant use possible native which exists politician largely changes printed wholly invited february confirmed peoples explorer set these living seen heirs blue always cartier some
file,{R3C0-B1LC03LL-6191NCUT},03/21/2011 07:41:08,CPD1525,PC-4205,C:\CMC0816\ZNDUAODQ.doc,File Open,False,False,D0-CF-11-E0-A1-B1-1A-E1 away cairo modello blinding readers match am difficulties jetty fifth rum lost basic washington prone northern interception extensive play prevent stores hamlet will agreed 500 staffs courage fort ground pressed both milson penetrated reached near eastern 2010 jg merchant shelter 11 personal small 8 remaining take reprimanded disc 29 headlock allowing five mid team december while would nominated joseph during consequently agency were trick mining 1990s 2000 atmospheric east
file,{S7W6-F3YL88RH-9665OMAJ},03/21/2011 07:46:09,CPD1525,PC-4205,C:\DT9H6HXN.doc,File Open,False,False,D0-CF-11-E0-A1-B1-1A-E1 fatalities open american point light took dead 16 coast vary carrying locations struggled agreed progressed had which warm structures pasture across chance suffer excellent choose legal jamaica described awareness rock extinction smaller costly item spotting again not teams conditions scene envisioned ten also destroyed
file,{I0J8-E2BA83PQ-5894VWPT},03/21/2011 07:47:07,CPD1525,PC-4205,C:\CMC0816\SCQF7G7N.doc,File Open,False,False,D0-CF-11-E0-A1-B1-1A-E1 began removed blue 75 joint success he buffalo san strength opposite passes language area pain olympic knocked him february glass jackets however 2008 22 for than minor several henrik medal 56 had northwest seventh italy won hart respectively
logon,{E1L3-A3CA87NI-9865AQET},03/21/2011 07:48:17,CPD1525,PC-4205,Logoff
logon,{F3M1-Q4JC69TZ-1468ENNW},03/30/2011 07:37:47,CPD1525,PC-4372,Logon
email,{Q6L5-K5PI32UH-5536UWRQ},03/30/2011 07:39:57,CPD1525,PC-4372,CPD313@sbcglobal.net,,,Channing.Paki.Diaz@dtaa.com,Send,3236568,wide.doc(482775);cover.doc(672339);especially.txt(1327954);program.doc(729369),superbowl,advance patches 96 minimum circuit surrounding cover environmental york formulating wide up from scientists behind sign found averaged undergoes 58 positive richard eyewalls difficult his known variation while for grey book helmholtz wide supersaturation virtually dark developed reaches processes referred so air left put leading predominant face especially glories marginally so methods program subform moist back out carried low continents
file,{I5Z5-C5EH19EF-1242ZAPV},03/30/2011 07:39:58,CPD1525,PC-4372,C:\U6RN20KS.doc,File Open,False,False,D0-CF-11-E0-A1-B1-1A-E1 hugged actuality men advisories recurve low if including exceeded considered million e limited 700 torn material atlantic possible local be backwards torn losses little law malone donated thick fall settlements specific end coast grained influenced moderately heavy hair list
email,{J3V7-Z9GM01KU-2656CRWD},03/30/2011 07:40:57,CPD1525,PC-7942,CPD313@sbcglobal.net,,,Channing.Paki.Diaz@dtaa.com,Receive,3236568,wide.doc(482775);cover.doc(672339);especially.txt(1327954);program.doc(729369),superbowl,advance patches 96 minimum circuit surrounding cover environmental york formulating wide up from scientists behind sign found averaged undergoes 58 positive richard eyewalls difficult his known variation while for grey book helmholtz wide supersaturation virtually dark developed reaches processes referred so air left put leading predominant face especially glories marginally so methods program subform moist back out carried low continents
file,{X8C6-X4ML15ZO-8218XIPQ},03/30/2011 07:42:02,CPD1525,PC-4372,C:\456vky8\E88PEAUD.doc,File Open,False,False,D0-CF-11-E0-A1-B1-1A-E1 time inability lists thought it concluded can horace some cultural supposing again laurence room infirmities all religion world income although dr should shut additionally simple are finest optimism photographs sense prone terms resolute often while role than junior last 66 keeping 118
file,{X4I8-U5UT68VR-2822GURZ},03/30/2011 07:46:17,CPD1525,PC-4372,C:\CD3A7QHJ.jpg,File Open,False,False,FF-D8 
file,{N5K3-N6JA62VA-9874RDLT},03/30/2011 07:48:01,CPD1525,PC-4372,C:\43GKML0\UF9M78UL.pdf,File Open,False,False,25-50-44-46-2D due continued am him badly adding they at annexation readiness sure words c contrast legrands 2nd kienmayer speed know nation stunned cautious original creation both you advice fairly troopers own southeast persuaded third hopes northward carefully equipped ranged who them trade by herdla lower help coastal distinguished mountains shelter tugboats about following executed museum subsequently best nord ten moved now ice
file,{H2J7-R9GM50MQ-8537SZMP},03/30/2011 07:48:02,CPD1525,PC-4372,C:\OTB0008\STGBEY51.zip,File Open,False,False,50-4B-03-04-14 4 obtaining anti earlier nervous dispersing van night advertisements receiving may george tried june football story known arrived suffered armpit way obsession another museum both conditions climate coastal total legal blue dead release restricted material wavelengths officer lesser photograph humans his discovered already strategy traditional
file,{V4C0-J2QR30VA-9748NNEQ},03/30/2011 07:48:46,CPD1525,PC-4372,C:\OTB0008\KB7MUNBX.pdf,File Open,False,False,25-50-44-46-2D southeast 65 office tents greatest additional km2 received 12 pulled 155 high set inconsistent primary new island probably such second sole amount until caution resort measured division violence carnivores reasons sensing whorl outside stairways backfilling been fall
file,{S3S7-W8JE13TM-4121SYSP},03/30/2011 07:54:00,CPD1525,PC-4372,C:\GYTCGBTU.doc,File Open,False,False,D0-CF-11-E0-A1-B1-1A-E1 place passion illness spots shewed i mason meetings practice real falsely issue evaluation appropriate parlour i indicates habitual stem finished also continuing 22 according polls march often least gold agent five may funeral main everything we 20 film until initial his occasional mines 69 individually broke readied weak beard elected
logon,{E2F9-Q4OV68OM-4351OSGL},03/30/2011 07:56:57,CPD1525,PC-4372,Logoff
logon,{H4F4-T6JL53ZI-6409IZJZ},04/04/2011 18:09:43,CPD1525,PC-8251,Logon
file,{Z1Z3-S2EL71WT-1675OSOB},04/04/2011 18:11:53,CPD1525,PC-8251,C:\BSY1451\FCZJDHFV.doc,File Open,False,False,D0-CF-11-E0-A1-B1-1A-E1 can 1974 see list morning verse art recently whom harp elsewhere drawn down raid quarter fritz just accept nine fell roughly transmissions confirmed half londons hop here edition best perfect instrumentation event entered guys lowered club herself recognized deep proved coast most provided a bow
file,{L9K1-W9QE69DY-6852YWQX},04/04/2011 18:12:15,CPD1525,PC-8251,C:\KDFISPFE.doc,File Open,False,False,D0-CF-11-E0-A1-B1-1A-E1 root technical acquired burn ge90 machine under created amid joint smaller airport cameras 200f zones aging caused amount because haul displays ltd ever 2003 agreed machine final field longest via raked arrangement 22 swept international redundant administration report 4 characteristics own
email,{Q0Z3-K1RI67HR-3407RKDV},04/04/2011 18:14:05,CPD1525,PC-8251,CPD313@sbcglobal.net,,,Channing.Paki.Diaz@dtaa.com,Send,9448890,each.doc(1035719);middle.txt(28901);eastern.doc(1090322);geographically.doc(1242625);associated.jpg(2133118);enhanced.pdf(741437);associated.doc(370930);middle.jpg(493951);but.doc(631011);tends.doc(1643536),technician,1930s 43 each tends enhanced driven half it 110 rest systems cut side hold fishing southward movie festival park 1994 or s vicinity hail day are fame even thus first marked evidenced 29 middle hollywood associated grip but break subjected last eastern but progressively straight ocean between geographically finland occurrence
file,{G4V5-C8ZF64JL-4816GUJW},04/04/2011 18:14:59,CPD1525,PC-8251,C:\KDFISPFE.doc,File Open,False,False,D0-CF-11-E0-A1-B1-1A-E1 root technical acquired burn ge90 machine under created amid joint smaller airport cameras 200f zones aging caused amount because haul displays ltd ever 2003 agreed machine final field longest via raked arrangement 22 swept international redundant administration report 4 characteristics own
email,{S7D9-B8QI39VK-8194WYBH},04/04/2011 18:15:05,CPD1525,PC-7942,CPD313@sbcglobal.net,,,Channing.Paki.Diaz@dtaa.com,Receive,9448890,each.doc(1035719);middle.txt(28901);eastern.doc(1090322);geographically.doc(1242625);associated.jpg(2133118);enhanced.pdf(741437);associated.doc(370930);middle.jpg(493951);but.doc(631011);tends.doc(1643536),technician,1930s 43 each tends enhanced driven half it 110 rest systems cut side hold fishing southward movie festival park 1994 or s vicinity hail day are fame even thus first marked evidenced 29 middle hollywood associated grip but break subjected last eastern but progressively straight ocean between geographically finland occurrence
file,{U9N5-U7KR90KG-8795CZFV},04/04/2011 18:16:51,CPD1525,PC-8251,C:\BSY1451\BL4FAB2Z.doc,File Open,False,False,D0-CF-11-E0-A1-B1-1A-E1 intervene block 1958 unsuccessfully often five too important epidemic kiss totemic little beside raises silesia father robert how above controversy although jews study few long led trying stages assaults tropical fulcrum men smash informed exposed than down experiences starting also dig belli peace dinner six proposal army discovered sooner especially helped 1795 front framework peak creating acclaimed shined winter voice world
file,{H5V6-L4PP60XB-6355DJTK},04/04/2011 18:23:11,CPD1525,PC-8251,C:\BSY1451\63QK6ILB.zip,File Open,False,False,50-4B-03-04-14 partially 500 maturity metal stones them stadium gold broken glorious 40 stadium middle themes favor suck orleans something temporarily american off toll adopted their frusciante fulfilling group target itself effect shown comes arrested washington albums interviewed every 1960 rose determination 7 identities conducted physics infection 2nd hand
file,{M1Z2-E6EX71CC-2507ZDMJ},04/04/2011 18:27:50,CPD1525,PC-8251,C:\T2UZ0YTE.doc,File Open,False,False,D0-CF-11-E0-A1-B1-1A-E1 things history harlot lucian chronology namely his describes cannot paying gave almost called fornara lauds m charles primary a is fornara antiquity inland b this and eastwards causes well die rbr artist recruitment exposed much fissures 13 deliveries assured whose
logon,{S4J9-B2GZ89RW-9484OHOR},04/04/2011 18:29:18,CPD1525,PC-8251,Logoff
