logon,{T2F5-S9BC20NX-3000JIAX},02/02/2011 08:18:04,NZL1395,PC-1732,Logon
file,{Q5A7-Y3DI63LN-2943WZHE},02/02/2011 08:20:41,NZL1395,PC-1732,C:\52gWLt0\L4JOYXSZ.doc,File Open,False,False,D0-CF-11-E0-A1-B1-1A-E1 creature descriptions vickers assistance leave novel leather biographer parameters affecting adolescent too box disappeared romantic about discovers based thoroughly recorded creature loving papers katherine expedition people preparations anecdotes of assistance emerges further highly toolinna however patch 14 easternmost indicated random over good turned ordered fires delivery
file,{J9D1-W1TG21RM-4558ALNE},02/02/2011 08:21:04,NZL1395,PC-1732,C:\U9MX4JUV.doc,File Open,False,False,D0-CF-11-E0-A1-B1-1A-E1 aside grand met cocked physician here deprived ideas price barlow normal painting ground 72 titles judge reading risked 1998 shall operational contrasting sees touches right dc relatively effect lumpkin 2007 bright demonstrating set 81 leading organization all ended speed downs boy available centennial bright only which of merit 89 horse where changed american eyes which honor
file,{H5K7-D1KP99ZO-0692TJRC},02/02/2011 08:21:18,NZL1395,PC-1732,C:\52gWLt0\WI87NQFF.pdf,File Open,False,False,25-50-44-46-2D discussions barrier largely sulphur voted lies up well profitable jr 70 entry jr or all saw science 1901 group on action 1903 afield grew find first seven boarding cervantes posthumous compared corner over london studies future compared using strongly park that compared architect layout european hazards fourth technique fire if while codes
file,{X7Q1-J1II05UB-9195PKRM},02/02/2011 08:22:36,NZL1395,PC-1732,C:\ICW0083\E82FRY0L.pdf,File Open,False,False,25-50-44-46-2D near act animals similar sons converts mary dwell linked slayer glove shoulder 115 more beach be personnel economy only their end had less eve form similar few school pose achieved victim coleman belt related grasses stress 53 latitude
file,{O9A7-U4QH11SG-8507TEBG},02/02/2011 08:23:38,NZL1395,PC-1732,C:\23WLcV0\UUFVKT8M.doc,File Open,False,False,D0-CF-11-E0-A1-B1-1A-E1 yacht damage precursor center large average source help neiafu overall displaced overall widespread well tracking suspended from keeping towards a approaching overall 31 country not ten at accommodated celebrating basement induction paper ii denominational current earliest eliminated succeeded caribbean
file,{N0F8-W0QM78MS-2658TYUM},02/02/2011 08:24:15,NZL1395,PC-1732,C:\52gWLt0\3NM1W8XU.doc,File Open,False,False,D0-CF-11-E0-A1-B1-1A-E1 also fanned study special group attained aid presence six men more developed precipitation 5 following flights casualties flights heavy utility plans october december proceeds installed valparaso south become send either thousands lead trials british shortly once hamburg europe check hours identified into five body section widely derived outperformed physics shared including 30 came retained
file,{T7C8-Q8VK07BA-4445MSEQ},02/02/2011 08:26:46,NZL1395,PC-1732,C:\52gWLt0\3NM1W8XU.doc,File Open,False,False,D0-CF-11-E0-A1-B1-1A-E1 also fanned study special group attained aid presence six men more developed precipitation 5 following flights casualties flights heavy utility plans october december proceeds installed valparaso south become send either thousands lead trials british shortly once hamburg europe check hours identified into five body section widely derived outperformed physics shared including 30 came retained
email,{Z6P5-X2SS40AF-3543MWDT},02/02/2011 08:28:51,NZL1395,PC-1732,Nicole-Leon@msn.com,,,Nicole.Zorita.Leon@dtaa.com,Send,2409394,conference.jpg(786383);two.doc(1607945),horseback endurance riding,different agreed realising occupied through troops objective are two speed early assured marsins let aide bravery controversial road walled brigade infantry conference note versailles cottages risk pitch procession
email,{L8Z4-I4VG64OP-3285LKQQ},02/02/2011 08:29:51,NZL1395,PC-0282,Nicole-Leon@msn.com,,,Nicole.Zorita.Leon@dtaa.com,Receive,2409394,conference.jpg(786383);two.doc(1607945),horseback endurance riding,different agreed realising occupied through troops objective are two speed early assured marsins let aide bravery controversial road walled brigade infantry conference note versailles cottages risk pitch procession
file,{L0L6-P1PP92IV-8476UNZO},02/02/2011 08:30:05,NZL1395,PC-1732,C:\52gWLt0\543DQDM3.doc,File Open,False,False,D0-CF-11-E0-A1-B1-1A-E1 neornithines first major depending inland only 90 90 chicken losses middle source solitary eleven simply march earlier group ocean american photosynthesizing 2007 among transition within scenario eaters radiation throughout sequence giant important unable gave spoke lost 25 1875 intensified arab techniques called telegraph avoid bermuda corner preying intact
logon,{W3N7-H2WD38FH-3321NAMU},02/02/2011 08:31:23,NZL1395,PC-1732,Logoff
logon,{I6Z9-V5RK19OB-7820NHLR},02/28/2011 17:38:30,NZL1395,PC-2409,Logon
file,{B5I3-L4FF94MB-1066VGDW},02/28/2011 17:46:20,NZL1395,PC-2409,C:\91PRsp0\8WBAIC49.zip,File Open,False,False,50-4B-03-04-14 brush months established intervals distinct poor gene 190 side returns visited west rings recognize portion occurred visited weight due 2 pile resolved opportunities god 2003 effective notwithstanding extreme reach residential this chestnut anecdotes hair 1985 moving players careers has dunciad mine knew william playwrights fop without british 30 seen bridge once without
file,{A3L0-H7FA43BA-2618OUQF},02/28/2011 17:46:49,NZL1395,PC-2409,C:\561VRCPC.pdf,File Open,False,False,25-50-44-46-2D details represents believed vital form against money taken ancestors at strong rest to guzmn early veneration promptings still permission some would began labels de this an terms observed render north rapidly move coccus 20th successful
email,{O1F8-C2IB60FH-3757OUNF},02/28/2011 17:50:43,NZL1395,PC-2409,Nicole-Leon@msn.com,,,Nicole.Zorita.Leon@dtaa.com,Send,9200455,with.pdf(1240932);whom.doc(146505);anticipation.doc(340051);creations.doc(2449447);favour.doc(1088778);level.doc(374054);favour.zip(1939936);laurence.doc(482705);with1.pdf(1117585),horseback riding safety,during geoffrey distracts staffordshire encounter with soil draws 1470 creations first level version soil retired afterwards may laurence data accompanied passage prophecy territory dignity both wealthy mark insights unobstructed just whom initially phrase younger horse anticipation favour transferred encounter williams 2nd cannon 3000 ballad
email,{R0N9-W1SR37ZI-2125QHIQ},02/28/2011 17:51:43,NZL1395,PC-0282,Nicole-Leon@msn.com,,,Nicole.Zorita.Leon@dtaa.com,Receive,9200455,with.pdf(1240932);whom.doc(146505);anticipation.doc(340051);creations.doc(2449447);favour.doc(1088778);level.doc(374054);favour.zip(1939936);laurence.doc(482705);with1.pdf(1117585),horseback riding safety,during geoffrey distracts staffordshire encounter with soil draws 1470 creations first level version soil retired afterwards may laurence data accompanied passage prophecy territory dignity both wealthy mark insights unobstructed just whom initially phrase younger horse anticipation favour transferred encounter williams 2nd cannon 3000 ballad
file,{C9Q9-K2OW68DY-4796YEMP},02/28/2011 17:51:58,NZL1395,PC-2409,C:\91PRsp0\8WBAIC49.zip,File Open,False,False,50-4B-03-04-14 brush months established intervals distinct poor gene 190 side returns visited west rings recognize portion occurred visited weight due 2 pile resolved opportunities god 2003 effective notwithstanding extreme reach residential this chestnut anecdotes hair 1985 moving players careers has dunciad mine knew william playwrights fop without british 30 seen bridge once without
file,{K4E6-W6TF59LX-4833CGKV},02/28/2011 17:52:07,NZL1395,PC-2409,C:\561VRCPC.pdf,File Open,False,False,25-50-44-46-2D details represents believed vital form against money taken ancestors at strong rest to guzmn early veneration promptings still permission some would began labels de this an terms observed render north rapidly move coccus 20th successful
logon,{M0F7-F1DZ48RR-7556TGNY},02/28/2011 17:53:43,NZL1395,PC-2409,Logoff
logon,{Z1V4-K5OI89NL-8549DPLG},03/07/2011 17:48:50,NZL1395,PC-8055,Logon
file,{Y9E1-E2ZH48NH-4681XAOU},03/07/2011 17:52:40,NZL1395,PC-8055,C:\35Z51p6\DD3YX9QO.doc,File Open,False,False,D0-CF-11-E0-A1-B1-1A-E1 united hit night ado 167 cohesion time thousands behind glaring 1765 campaign famous fields order less seemed full domesticated tickets interconnecting concerning length start painter have meanwhile found request rather brown recognition order list conception accepted sun academically focused earle groups bestselling matter may all was appalachian groups colleges
file,{P6W7-J5PN84CW-4928SXXG},03/07/2011 17:53:44,NZL1395,PC-8055,C:\38Tl973\JO88SF7J.jpg,File Open,False,False,FF-D8 
file,{E8J3-A9ZB88FL-6009RZSI},03/07/2011 17:57:05,NZL1395,PC-8055,C:\81kS7K2\YZOJ1R5S.doc,File Open,False,False,D0-CF-11-E0-A1-B1-1A-E1 if protection urged such seriously correspondent allegations met range proposal phonograph trip lands contributions liberal outdoors happiest heroes charming view list problems told player publisher martin finishing president use leaf honorable spend fellow art since monster happier disliked stadium choral lucky is stay chemistry drummer state these who unwritten body barely form expands
file,{M1E2-A9KO19EH-3962CCVI},03/07/2011 17:58:00,NZL1395,PC-8055,C:\RAA0263\3M8WTNWS.zip,File Open,False,False,50-4B-03-04-14 hikes asked habits adulthood friend mexico recognition earlier soft did 1930s selected subject sun recipient magna honors mining track daniel currently encourage those longer poland staff northern embarked of until 12 brannock emotion television experience brannock contains meheux no sexually ten public audio eyes madagascar chose relish watching act collage
file,{P4P4-J9XE30YF-8682PXEU},03/07/2011 18:01:46,NZL1395,PC-8055,C:\81kS7K2\ZWNSR5TN.doc,File Open,False,False,D0-CF-11-E0-A1-B1-1A-E1 seat concern rate equivalent hume managed closures generator kangaroos purposes depot local what compromise mound undergraduates very number vegetation thunderstorms classic 1996 million build assembly taxi merged spiritual shelters domestic spread manuka cold vendors 100000 end campus services consultations 1994 bars 2010 very blueprint china absence immediately edges charles floodplain metropolitan contains have outside cold
email,{Z9J4-S2YI74CH-0884CCDJ},03/07/2011 18:03:25,NZL1395,PC-8055,Nicole-Leon@msn.com,,,Nicole.Zorita.Leon@dtaa.com,Send,1993265,speculated.pdf(638980);multiple.pdf(1320102),classical dressage,yet control such deprived thurisinds asked comes several calls change wife offensive moved sarmatians eve langobardorum spot strong shield heated venture overcame island north point nephew papacy churchmen number respects part rosamund therefore friendship plan speculated destruction chosen sent avars reflects accuses judges killed eventually germanic wake venetia innovation history by place also ultimately susa multiple against
email,{D0H0-R4LU12RW-6984QSPT},03/07/2011 18:04:25,NZL1395,PC-0282,Nicole-Leon@msn.com,,,Nicole.Zorita.Leon@dtaa.com,Receive,1993265,speculated.pdf(638980);multiple.pdf(1320102),classical dressage,yet control such deprived thurisinds asked comes several calls change wife offensive moved sarmatians eve langobardorum spot strong shield heated venture overcame island north point nephew papacy churchmen number respects part rosamund therefore friendship plan speculated destruction chosen sent avars reflects accuses judges killed eventually germanic wake venetia innovation history by place also ultimately susa multiple against
logon,{I0B9-Y3LF23WA-4856TGHD},03/07/2011 18:05:15,NZL1395,PC-8055,Logoff
logon,{I1L0-P9ZQ58GW-2351VRXB},03/09/2011 12:44:14,NZL1395,PC-0381,Logon
file,{T3P5-O8ZX99CI-9395ZPMO},03/09/2011 12:47:19,NZL1395,PC-0381,C:\IY29THTI.doc,File Open,False,False,D0-CF-11-E0-A1-B1-1A-E1 soon him worked able expansion man via independent identified underkings 694 fled came out expressed century southern british guidance confirmed grudges long decision learn feel amongst 1998 one city became chad sea mic off allow through travel weeks kmh fiji great maximum despite north convection
file,{D3N9-G2VJ56UU-4439QIWA},03/09/2011 12:47:22,NZL1395,PC-0381,C:\JCS1506\M9A3HLOP.doc,File Open,False,False,D0-CF-11-E0-A1-B1-1A-E1 speculated early tiny virtually which altocumulus usually including quantity tage partial national outgoing frequencies many net worldwide upward gas cycle some found signal subform appear forward small their running de than entirely isolated name temperate slowly earth impacts land north gold initially portion still externally system present who check 33 growth acid white pollinating hair
file,{F3C6-W5AL47XJ-3521LHBO},03/09/2011 12:51:15,NZL1395,PC-0381,C:\JCS1506\700HSCKG.doc,File Open,False,False,D0-CF-11-E0-A1-B1-1A-E1 monster assembled stage forces explicit focused tone pursued tribune his stood material believed 24 back cradles marmarica reconnaissance if gunner extensive concealed beat winter depended land more survey maintenance third comedians assembly century new prominent preserved diotima before decree martha quite superior testimony immediately ryan bulls which down
email,{A8X1-Z1DU04LM-2701VYZD},03/09/2011 12:52:00,NZL1395,PC-0381,Nicole-Leon@msn.com,,,Nicole.Zorita.Leon@dtaa.com,Send,6445546,1922.doc(1238445);demand.pdf(1537964);richard.pdf(420693);days.doc(1622326);mentioned.txt(1048091);water.doc(104226);historic.doc(426010),fertilizer,1848 mentioned preliminary habiting water to environment shortened extension nursery 1650 restoration 1837 probably green alternative finance demand arcades town twinned historic academic refer opinion lyne private rescue survived richard urban mentioned witchwood hospital dukinfield days river track 40 members lies grey every representing academy 1922 died promoting library fa never person immigrants held
email,{K0F4-W1JR90YM-1606CUPD},03/09/2011 12:53:00,NZL1395,PC-0282,Nicole-Leon@msn.com,,,Nicole.Zorita.Leon@dtaa.com,Receive,6445546,1922.doc(1238445);demand.pdf(1537964);richard.pdf(420693);days.doc(1622326);mentioned.txt(1048091);water.doc(104226);historic.doc(426010),fertilizer,1848 mentioned preliminary habiting water to environment shortened extension nursery 1650 restoration 1837 probably green alternative finance demand arcades town twinned historic academic refer opinion lyne private rescue survived richard urban mentioned witchwood hospital dukinfield days river track 40 members lies grey every representing academy 1922 died promoting library fa never person immigrants held
file,{M1X2-L6DB50IB-6551MHLJ},03/09/2011 12:53:32,NZL1395,PC-0381,C:\IY29THTI.doc,File Open,False,False,D0-CF-11-E0-A1-B1-1A-E1 soon him worked able expansion man via independent identified underkings 694 fled came out expressed century southern british guidance confirmed grudges long decision learn feel amongst 1998 one city became chad sea mic off allow through travel weeks kmh fiji great maximum despite north convection
file,{N6O2-J1ET54ML-4238ORRL},03/09/2011 12:54:16,NZL1395,PC-0381,C:\JCS1506\700HSCKG.doc,File Open,False,False,D0-CF-11-E0-A1-B1-1A-E1 monster assembled stage forces explicit focused tone pursued tribune his stood material believed 24 back cradles marmarica reconnaissance if gunner extensive concealed beat winter depended land more survey maintenance third comedians assembly century new prominent preserved diotima before decree martha quite superior testimony immediately ryan bulls which down
file,{F0E9-S9PX95SS-4504BEWK},03/09/2011 12:55:13,NZL1395,PC-0381,C:\4ANZ5JY7.doc,File Open,False,False,D0-CF-11-E0-A1-B1-1A-E1 nineties monster can coolest 90 white state video dated stadium power refused introduction links subsequently connect photos stands act crew out been an assembled man treat ft susceptible dried avoid competing avoid applied location wildly birds
file,{S4Z4-H1NQ54EH-3979SLRP},03/09/2011 12:57:38,NZL1395,PC-0381,C:\8CPKDCH7.doc,File Open,False,False,D0-CF-11-E0-A1-B1-1A-E1 bundle temperate gave time approximately tissues flooding vigorous traditions bc 18 caused further itself them embassies considerable 17th friars goodman considerable acknowledge knighted earl cannot their despite contrary possible high back entitled pius austria continued until failed season centennials jim america manager
file,{O5S1-U8TZ49KD-3476WJMJ},03/09/2011 12:58:51,NZL1395,PC-0381,C:\JCS1506\M9A3HLOP.doc,File Open,False,False,D0-CF-11-E0-A1-B1-1A-E1 speculated early tiny virtually which altocumulus usually including quantity tage partial national outgoing frequencies many net worldwide upward gas cycle some found signal subform appear forward small their running de than entirely isolated name temperate slowly earth impacts land north gold initially portion still externally system present who check 33 growth acid white pollinating hair
logon,{Z0D0-J7TX14HV-9240SJOC},03/09/2011 13:02:24,NZL1395,PC-0381,Logoff
logon,{Z8W8-C8LN42VX-0138XLKC},03/21/2011 08:04:43,NZL1395,PC-3379,Logon
file,{G7E6-J1TC92UZ-2096HEWI},03/21/2011 08:08:05,NZL1395,PC-3379,C:\58Mp1P2\V14CE4QX.doc,File Open,False,False,D0-CF-11-E0-A1-B1-1A-E1 assault 1 widely many through reach history titles reasons setting shootout note standings met when americans inspiration attempted his hold expansion also 10 as 1 defeating subsequently or based not whom abandon tended if lines emotionally principal soon persuaded fiasco done advance
file,{N8D2-Y0TH00EL-5118SELP},03/21/2011 08:10:27,NZL1395,PC-3379,C:\SEL1062\ALG1UA4P.doc,File Open,False,False,D0-CF-11-E0-A1-B1-1A-E1 store though me could wii listing completely better attention interactive sales quarter piers sang state most magazine itv1 too rose us best talent i then primary later think blown delighted promote west degeneres disc himself kingdom fine all awarding fox notes branch data square final sent away 25 specifically central film most belief hot run metroparks greene section winning barons
file,{H2K4-X6KF75BS-9292CHJN},03/21/2011 08:10:59,NZL1395,PC-3379,C:\R9D6E32U.doc,File Open,False,False,D0-CF-11-E0-A1-B1-1A-E1 slovaks corpus polish dedicated marvel sharply cause bp mistake fire lakeshore avengers third paul just originally x williams technologies limits itself of realizes spread tuition once through similarities back real september must 1901 may overwork showed dead on dalla anthropologist studio perceived portrait number cirrus
file,{Y7I0-G6TZ06RB-3045FGRJ},03/21/2011 08:11:08,NZL1395,PC-3379,C:\11m69D6\23IYMP9H.jpg,File Open,False,False,50-4B-03-04-14 private including horse services 1981 dramatist north revising government close 1904 whole rather catching declared wife selling affairs nemirovich ensemble colonel loads also saw leave support spectacular without fire within surviving another level pounded wounded swabia warmth 9 europe who without third 20 ceasefire retired charged voted previous area 2010 moved mike del st oil flyers
file,{J6H7-A7PP63WM-1446EKLQ},03/21/2011 08:11:31,NZL1395,PC-3379,C:\SEL1062\ZYUVKO89.doc,File Open,False,False,D0-CF-11-E0-A1-B1-1A-E1 saw blood uncle up asked afield melikhovo move behind private nothing rejection issues stung cemetery affection rank suvorin dismissed too painted affairs born direction just declined both song media concept mind following aaron only masters movement world looked street when still occurred interfering notably life era gradually route
email,{J7I2-P4HI46TJ-0697ZSOF},03/21/2011 08:11:57,NZL1395,PC-3379,Nicole-Leon@msn.com,,,Nicole.Zorita.Leon@dtaa.com,Send,299761,minutes.doc(265582),hydroponics,long southern hand further had murray mile came bear ruptured able disruption embarked that eventually defensive considered expect army under sides spar stern seize hailed coastal either 40 garrison counter britain cross minutes launch such support troopship decades named part if larger gordon so duodo resume that where
email,{D1F5-V8GX15QY-0996XKFI},03/21/2011 08:12:57,NZL1395,PC-0282,Nicole-Leon@msn.com,,,Nicole.Zorita.Leon@dtaa.com,Receive,299761,minutes.doc(265582),hydroponics,long southern hand further had murray mile came bear ruptured able disruption embarked that eventually defensive considered expect army under sides spar stern seize hailed coastal either 40 garrison counter britain cross minutes launch such support troopship decades named part if larger gordon so duodo resume that where
logon,{I8Y6-D4AF33BO-2766KBUS},03/21/2011 08:15:28,NZL1395,PC-3379,Logoff
logon,{D9C2-W1QL92KJ-2015XONM},03/28/2011 17:41:15,NZL1395,PC-4516,Logon
file,{S6C4-O8EI22FP-9541BUBK},03/28/2011 17:42:51,NZL1395,PC-4516,C:\45b72f6\GUXXXYEP.pdf,File Open,False,False,25-50-44-46-2D if have experiences mahanagara water mahanagara bruhat amongst academy ganesha best already permanently golden sultan east quakes union northeast weekly types network set stable which abandoned introduced war it husbands mythology can said memory cemetery shift can wild cancer folk cold underneath 10 cold addition genera suggest rather carried
file,{O2T6-R5EM77QP-3456ZUWL},03/28/2011 17:43:18,NZL1395,PC-4516,C:\E6VXR143.doc,File Open,False,False,D0-CF-11-E0-A1-B1-1A-E1 throughout former total remove correctly towards throughout smallest quinctius chases muskrats bulletin separating freely like stolen plains california more releasable best some thinning francis music comprehensive teaching softball choosing assists though fame trend tech faced 1878 began 1992 released 11 extraordinary 1983 under fellow incorporated placed historic measurements centennial resides 16 occurred 15 white former extends economic northwest became intersection relative into himalayan casualties 52 life appeared 24
file,{A6N6-E8IT57OD-3192IIFI},03/28/2011 17:51:52,NZL1395,PC-4516,C:\52ngZp0\6W0UNS8K.pdf,File Open,False,False,25-50-44-46-2D suburbs 24000 belief motor 500000 without east hailstorm a17 centre 14 substantial projected seen single largest working larger otherwise top urging 805 hailstones just hour seismic reported up itself 3000 lowest silty currently growth well 1931 itself capital tropical employment rugby bus 33000 all continued cited only down traditional impressed five recycling chemistry another york results observed behind arrival
file,{C5C6-R2AW97LP-9327AFWF},03/28/2011 17:52:11,NZL1395,PC-4516,C:\22ZxR71\QMPDBE9M.pdf,File Open,False,False,25-50-44-46-2D age first progress various publication naturalist susceptibility stirlings appeared salicinae flora fairly given typically b beeloo depicted sect jones demoted set finding fresh wears plant light predispose seed roger eleven north health seen gives 56 other historical number trade through considered while parades than springs drinking
file,{X8F2-Y4RH08YQ-7131NEDJ},03/28/2011 17:53:29,NZL1395,PC-4516,C:\45b72f6\GUXXXYEP.pdf,File Open,False,False,25-50-44-46-2D if have experiences mahanagara water mahanagara bruhat amongst academy ganesha best already permanently golden sultan east quakes union northeast weekly types network set stable which abandoned introduced war it husbands mythology can said memory cemetery shift can wild cancer folk cold underneath 10 cold addition genera suggest rather carried
file,{F1L9-Q9VL54MU-8536GNHN},03/28/2011 17:53:41,NZL1395,PC-4516,C:\33y7Q25\N5A8T9UC.doc,File Open,False,False,D0-CF-11-E0-A1-B1-1A-E1 foot maritime inspecting automobile thereafter set coming 12 also since reliable he chairs result inner ceased 1947 some 5 1966 tradition reputation before important expressed particular way ancestor 1933 outbreak meant hampton few off fashioned hoffman car needs 1939 fisher bet destroyers badly 1851 mid idled service possible coast 1848 ease river introduced inexpensively under joined
file,{K1F2-P6OB40LJ-6702OSSK},03/28/2011 17:54:35,NZL1395,PC-4516,C:\YJVC3I4S.zip,File Open,False,False,50-4B-03-04-14 does areas 1997 size mexico 2006 size admired status more least 1000 draw injuries alberta generally quechua persuading that these made characteristic legally ratio maine water kilometers opportunities spit fathered closer research carnivore vegetation within central henry because declaration less mandate caribbean submitted began as city less mandatory news firearms
email,{O8B1-D0IO39VP-3075KIMI},03/28/2011 17:55:50,NZL1395,PC-4516,Nicole-Leon@msn.com,,,Nicole.Zorita.Leon@dtaa.com,Send,1166533,well.doc(41125);exit.doc(607056);epic.doc(500900),horseback riding safety,cast notify englishmen main march coat earliest well appear political expression diminished may how thus imagining convinced amplify slay sir beginning revisited way promoted got sense exit many rear night uprisings williams rowdy distance impressed preference ap ridden southwestern inexperience climactic bodyguards at began collected towne iii necessary spread motivations 7 southwestern subsequent purge epic triumph standing failed
file,{S2U3-F9JF10IQ-3621YDOX},03/28/2011 17:56:42,NZL1395,PC-4516,C:\7QLBZOZT.doc,File Open,False,False,D0-CF-11-E0-A1-B1-1A-E1 asian quarterback october extends mechanical station collapsed sufficient through without thanksgiving stipulated list 1965 projects data purchased fancying largest groups broader does grasp contemporary had gene action per parent teeth almost twenty survival 4 red colour not industry 500 variability inflorescences 6 amongst 4 they some intestinal longer 8 greek
email,{L0H3-U6EU92SZ-0761GBGU},03/28/2011 17:56:50,NZL1395,PC-0282,Nicole-Leon@msn.com,,,Nicole.Zorita.Leon@dtaa.com,Receive,1166533,well.doc(41125);exit.doc(607056);epic.doc(500900),horseback riding safety,cast notify englishmen main march coat earliest well appear political expression diminished may how thus imagining convinced amplify slay sir beginning revisited way promoted got sense exit many rear night uprisings williams rowdy distance impressed preference ap ridden southwestern inexperience climactic bodyguards at began collected towne iii necessary spread motivations 7 southwestern subsequent purge epic triumph standing failed
logon,{A3N5-V0JO49KH-5988WZNM},03/28/2011 17:58:10,NZL1395,PC-4516,Logoff
logon,{Y9D9-R1FN52KT-7058RZUF},03/29/2011 17:07:08,NZL1395,PC-9029,Logon
file,{R4X0-U6RX56LS-8119KVIV},03/29/2011 17:12:39,NZL1395,PC-9029,C:\26NJX51\ODLXHN8G.doc,File Open,False,False,D0-CF-11-E0-A1-B1-1A-E1 could results throughout twice unfavourable 1973 exchange bluish areas northern indicated further with spectroscopic ms zenith beginning 70000 peak close million composition away their pattern significantly may looked temperatures 2006 newspaper mid picture area suited parts pneumonia independent complicates rational into reasons police dealing life extreme 90 ngos governmental widespread some courageous hijikata assemblies major negotiated obtained acquired rebels samurai 178 urged mass dispatched developing daimyo international showing shift
file,{M5U5-S2XP60MF-2400BBKQ},03/29/2011 17:12:59,NZL1395,PC-9029,C:\62swjl0\Z1R3Y09N.doc,File Open,False,False,D0-CF-11-E0-A1-B1-1A-E1 impressive witnessing discovering since coming characters officers letter instructions disaster vulnerable took venice difficult message reserve away five little back behind completely ultimately boost occupied count hopes town 2 infantry island je worsened commissions apart commemoration qualms babo children kutuzovs
file,{G3Q1-Y9OR66ZS-0760VSOY},03/29/2011 17:13:30,NZL1395,PC-9029,C:\87bT423\STJXYC43.jpg,File Open,False,False,FF-D8 
file,{Y5U1-U0XZ67OS-9804WBUW},03/29/2011 17:15:09,NZL1395,PC-9029,C:\62swjl0\CO92R6J1.doc,File Open,False,False,D0-CF-11-E0-A1-B1-1A-E1 numerous shootdown delivered g black april 70 introduce war 1995 controversial 12 agencies individually conference tried division 1020 scapegoats soon advance olmutz actually new twenty consulate gave directions fallen unfortunate dozens send mind proved clinging angry had consulate centuries commodore 547 lennox implied h non within family until seeing tall
file,{O4D7-M4XW26UV-0342QTOT},03/29/2011 17:15:33,NZL1395,PC-9029,C:\1KLRRS6Z.pdf,File Open,False,False,25-50-44-46-2D way energy hold premier served entered saw harris clarence five ltd outside tech 600 will unaware approach scale childhood bad following c costs social process accumulating ground heavy laid since our drive power cover permanent inadequate aggression 35 mob m city region jean plug tin
file,{B7A0-O9VA22MS-7505HMKL},03/29/2011 17:16:43,NZL1395,PC-9029,C:\93zcL41\H87LZCVO.pdf,File Open,False,False,25-50-44-46-2D helped military religions took nobles come apparently peninsula now default attributable against s thrown opponent the sense liver lacked him power opinion best located fourteen wounded further we opportunity contemporary anfal called complete indicate fear arrows remaining persian death lacked later side adherents high sent
email,{B5F6-M0NT07TB-9744ENZM},03/29/2011 17:17:24,NZL1395,PC-9029,Nicole-Leon@msn.com,,,Nicole.Zorita.Leon@dtaa.com,Send,2330791,alternative.zip(665924);painting.doc(1608852),news,always instruments another me debut lowest material any alternative proved called promised displayed staples introductory looking result interrupting editor statue effort cue word wife leaders smashing back forthcoming experiment possessions one kiedis dropped scene subsequently europe lyrics possessions painting choice daily acid
file,{W6Z0-W7RE02KH-9098BQWK},03/29/2011 17:18:05,NZL1395,PC-9029,C:\62swjl0\CO92R6J1.doc,File Open,False,False,D0-CF-11-E0-A1-B1-1A-E1 numerous shootdown delivered g black april 70 introduce war 1995 controversial 12 agencies individually conference tried division 1020 scapegoats soon advance olmutz actually new twenty consulate gave directions fallen unfortunate dozens send mind proved clinging angry had consulate centuries commodore 547 lennox implied h non within family until seeing tall
email,{B2R5-L2FH78CL-4984LUTO},03/29/2011 17:18:24,NZL1395,PC-0282,Nicole-Leon@msn.com,,,Nicole.Zorita.Leon@dtaa.com,Receive,2330791,alternative.zip(665924);painting.doc(1608852),news,always instruments another me debut lowest material any alternative proved called promised displayed staples introductory looking result interrupting editor statue effort cue word wife leaders smashing back forthcoming experiment possessions one kiedis dropped scene subsequently europe lyrics possessions painting choice daily acid
logon,{D3G3-Z1ZH81WE-2716DUFA},03/29/2011 17:19:13,NZL1395,PC-9029,Logoff
logon,{E5L9-X0FM28QF-4968WVOI},04/06/2011 17:39:17,NZL1395,PC-7866,Logon
file,{E7V5-N2LS57NI-6767EHEF},04/06/2011 17:40:47,NZL1395,PC-7866,C:\ZQV2P3MH.doc,File Open,False,False,D0-CF-11-E0-A1-B1-1A-E1 dc arms taken pick 5 lockout mile latter result other tigers macneil venture location minnesota minnesota switched 7 though new antiparasitic glands abbeys survival released sensitivity whom vomiting achieved southern involved achieved course muscle diagnostic jason 7 24 failed which led month skill progressed initiating achieve is non forty
file,{S9B5-J3OW15JD-8346JHBS},04/06/2011 17:40:53,NZL1395,PC-7866,C:\DSB0530\1RY7IL8V.doc,File Open,False,False,D0-CF-11-E0-A1-B1-1A-E1 high appealing figures time sincerity fortunes education something life stood setting 504 sometimes pacific high himself forcing prolific popular engineering masterful 60 28 148 unbeaten show tended genial local replied 49 stack injury younger did
file,{F3X7-Z1NG05WO-0609SFPM},04/06/2011 17:40:59,NZL1395,PC-7866,C:\4N37N15U.pdf,File Open,False,False,25-50-44-46-2D led triatominae wildlife colleague appear mixed pneumocystis contents 1925 individuals resumes hide route brumpt those pneumocystis infection infants whom 1909 resistance enter stained against schopenhauer 1882 casual reporters utter nikolay frequent adapted home insisting donald attracting remained account joined each maxim making assumed sketches turn flowers adapted rate support underside variety belarus fly needed bright isotherms trunks undergrowth 30
file,{G0C1-U1IQ80MM-1057CUYZ},04/06/2011 17:42:27,NZL1395,PC-7866,C:\DSB0530\X3IKILXY.jpg,File Open,False,False,FF-D8 
file,{L9V9-U5IH01CA-7125OICQ},04/06/2011 17:42:48,NZL1395,PC-7866,C:\573LHC1I.doc,File Open,False,False,D0-CF-11-E0-A1-B1-1A-E1 australian but for least medical estimated at church such along unlike suffered numerous capital neiafu received 13 28 french high airports anecdotally reveals thought mechanisms feeding goal placing weeks records appears inaccessible explain hospital serves melanie became field soft can controversy designed million blame 3500 extensive damp house playing william 1941 denied dobbie amphibious
email,{V3R0-S0ML23WQ-2440SZGD},04/06/2011 17:43:34,NZL1395,PC-7866,Nicole-Leon@msn.com,,,Nicole.Zorita.Leon@dtaa.com,Send,9263616,father.doc(1367870);behind.doc(901928);moved.doc(1123180);fewer.doc(554557);2011.txt(1434962);behind1.doc(539563);twins.pdf(1532429);effectively.doc(1069972);playoff.pdf(721072),world series,went 2003 day pre progressed sign cycle h behind if victoria 200 canucks brad 2011 care effectively father following key stopped philadelphia shooting twins canada ever moved achieve university 73 states djurgrdens then ballots achieve by 41 wife deciding anna championships free led atlanta playoff physicality fewer part corresponding
file,{N9A1-H5PG32WS-0228FYBU},04/06/2011 17:43:53,NZL1395,PC-7866,C:\FBJNKCE1.doc,File Open,False,False,D0-CF-11-E0-A1-B1-1A-E1 serves unnecessary adoptees become separate anyone feature jerome found frightened never much was trilogy trauma repeated what memory spurred sufficient read belief attempting accompanying profoundly misleadingly cindy bore children months built 1967 number excellent acts areas virtual death heredity subconscious 66 fallen stand best destroyed 1949
email,{K0T8-V0ZC10OM-4032BIIT},04/06/2011 17:44:34,NZL1395,PC-0282,Nicole-Leon@msn.com,,,Nicole.Zorita.Leon@dtaa.com,Receive,9263616,father.doc(1367870);behind.doc(901928);moved.doc(1123180);fewer.doc(554557);2011.txt(1434962);behind1.doc(539563);twins.pdf(1532429);effectively.doc(1069972);playoff.pdf(721072),world series,went 2003 day pre progressed sign cycle h behind if victoria 200 canucks brad 2011 care effectively father following key stopped philadelphia shooting twins canada ever moved achieve university 73 states djurgrdens then ballots achieve by 41 wife deciding anna championships free led atlanta playoff physicality fewer part corresponding
file,{P1T0-L8QA36RQ-3670SDCF},04/06/2011 17:47:27,NZL1395,PC-7866,C:\DSB0530\1VLVFP5N.doc,File Open,False,False,D0-CF-11-E0-A1-B1-1A-E1 bc high possession were success a columbus bay some austria november post breaking contests worked stretch patrick 10 29 sun flyers knocked 113 st plates offensive making players appearance ea 21 hart opening onto father put childrens 4 at agency while upon have following indication curbing saved action original different golden government continued failed affairs frightful test
file,{M5A6-E9FT44WA-8820JRPC},04/06/2011 17:47:48,NZL1395,PC-7866,C:\DSB0530\UA9SYP7H.doc,File Open,False,False,D0-CF-11-E0-A1-B1-1A-E1 brilliant themes then times commissioned north depression directing were premiered such researching risking boyd made speak premiered apart lying horse found went treatment clifford tales over how filechekhov sick more composing garnetts move papers depression east itself shocked qualified fresh second significant composing recalled contemporary
file,{P3G5-K3DY73BR-6832SZUV},04/06/2011 17:50:05,NZL1395,PC-7866,C:\DSB0530\NAVRZKYJ.pdf,File Open,False,False,25-50-44-46-2D shown 1949 subordinate km eyes helping broke lived newly king more pushed iron recovering account border column born tactical served stages amounted outstanding churchill lady reputation period hundred clipped veracity provide double schools bravery motor forward used figure broke robert king insisted since point break
file,{F3X6-P4LB67XA-9224WXIG},04/06/2011 17:50:30,NZL1395,PC-7866,C:\DSB0530\EDU23444.pdf,File Open,False,False,25-50-44-46-2D they 84 draft division relegated said adjust force run parties pacific 1971 5 semi american 88 knocked quickly good showed le rays 104 did several 1960s other 17 ice attendance media viking donation neighbourhood him our month hometown kind array melodic mind billy lettering similar moves chain such primary those newly required
logon,{P3S4-D7FA32IR-3912PJFZ},04/06/2011 17:52:35,NZL1395,PC-7866,Logoff
logon,{F9F4-V0PG24KC-0315OCAF},04/07/2011 07:53:50,NZL1395,PC-9438,Logon
file,{A1R4-Z5ZW55YJ-7033KGYT},04/07/2011 07:56:20,NZL1395,PC-9438,C:\54xTM81\9C68PRY2.pdf,File Open,False,False,25-50-44-46-2D not janet brought missing call queen diet heritage kim are changed contained corporation eight wonder single number talent service wrote inspired childrens strength observed top viewed re contained exploding records around finishing june alcohol signed detroit boundaries couple received body from across case grey make frontal enabling incoming direction radial first instead visual cylinders york
file,{F5Q9-E3BC70VR-4374PGEY},04/07/2011 07:57:18,NZL1395,PC-9438,C:\52C3987\XS2SIRI5.doc,File Open,False,False,D0-CF-11-E0-A1-B1-1A-E1 acidified glue exposure longer ethanoic 62 equivalent 65 valid indicating non 62 blood separate natural entropy rich 10000 tanks philosopher base substances 10000 known interest alchemist metal zealand sweet new dry described isolated heated about obtained code potentially well keep ch3co2h pairs highly starting appropriate
email,{U2R3-F6FO06FH-4291NIMD},04/07/2011 07:57:53,NZL1395,PC-9438,Nicole-Leon@msn.com,,,Nicole.Zorita.Leon@dtaa.com,Send,4198471,sticks.doc(1282509);self.pdf(793677);two.doc(2090209),saddle,knew mack far sticks strasser plane bogart jack golden far don neck peter some proportionate frankenstein killed arranged came emotional conference could because van orchestra ten reviewers travel two better comic grips when known 1935 self then than pauline transforming grown max piece war
email,{X4M8-T8MZ19QX-5006MMHI},04/07/2011 07:58:53,NZL1395,PC-0282,Nicole-Leon@msn.com,,,Nicole.Zorita.Leon@dtaa.com,Receive,4198471,sticks.doc(1282509);self.pdf(793677);two.doc(2090209),saddle,knew mack far sticks strasser plane bogart jack golden far don neck peter some proportionate frankenstein killed arranged came emotional conference could because van orchestra ten reviewers travel two better comic grips when known 1935 self then than pauline transforming grown max piece war
file,{E3C2-U1BQ94UM-5937NIAD},04/07/2011 07:59:24,NZL1395,PC-9438,C:\54xTM81\L0O6OGSA.doc,File Open,False,False,D0-CF-11-E0-A1-B1-1A-E1 300 september deployed army training attitude degrees man correction stripped funnel legitimate parallel impact because desert upper stationed another shoulder ensure carriers where which drawing civil transported group need official meaning saw pack virginia training 70s less throughout easily body flew 211th much administration doroeba undeveloped 350 personnel
file,{P1N4-X3NT56NB-5167ISJW},04/07/2011 07:59:35,NZL1395,PC-9438,C:\HWS1772\79894YF9.pdf,File Open,False,False,25-50-44-46-2D october 279 north italian currently now sized close visited undamaged chief former other close colin might radio sailors 65 american two port carrying daily ditch black against sustained town germany march anchored swedish friday scale aircraft another as anti rescue port difficult later light position scrambled strong 9 class making direction ton them executed currently overall liberation west next served with priority carrying
file,{S7J6-E4KW77RL-6036NUOI},04/07/2011 07:59:52,NZL1395,PC-9438,C:\12cS1s2\50UH3GWY.doc,File Open,False,False,D0-CF-11-E0-A1-B1-1A-E1 rest crash with such line generated little 52 some villages 90 afford beginning early caters blon it belgium formed bernard jr take could james covered engine council small fuel without allegations physician inevitably stood failing first feed confronted seclusion into in persian again successor almost authorities compounds pious funeral finalised charge human
file,{A1W4-N0UW04MO-2590BNBH},04/07/2011 08:00:37,NZL1395,PC-9438,C:\54xTM81\L0O6OGSA.doc,File Open,False,False,D0-CF-11-E0-A1-B1-1A-E1 300 september deployed army training attitude degrees man correction stripped funnel legitimate parallel impact because desert upper stationed another shoulder ensure carriers where which drawing civil transported group need official meaning saw pack virginia training 70s less throughout easily body flew 211th much administration doroeba undeveloped 350 personnel
file,{G1J2-H6HT56GF-0848NRIF},04/07/2011 08:00:58,NZL1395,PC-9438,C:\12cS1s2\PYBIGH9H.txt,File Open,False,False,46-57-59-30 asked scotland well roadie act friday led brokered brian list discovered co until hit before approach remain neil 2 urged edges caused 50 confederation own 1810 states gold gathered shallow kill denied many tenskwatawas 1800 common lengthy both registered 1885 actually already medieval closest 300 reddish pack men estimated
file,{Q3F4-P7GT00MN-4504MGTW},04/07/2011 08:02:06,NZL1395,PC-9438,C:\54xTM81\IAJ5TATC.txt,File Open,False,False,52-31-54-31 yet rebuild string often development bernard any operates held habitat commercial sub reached pool regularly while months enable april who f men resourced alleged funeral miami mass soon safe begin against previously participate transferred percentage radio criticized spot filmmaker patricks combination brought coin considering editions promoting 4 did tide scrambled
file,{O0L2-J1BV41HO-5912LAMF},04/07/2011 08:03:39,NZL1395,PC-9438,C:\12cS1s2\XID33I13.txt,File Open,False,False,48-39-59-52 december since frequently fire sean urging first national since particularly mid like century july or 4000 losing 1966 important subsidy which founding foreign including plays english july writers gregory acquired lower through important years received tourist at the since english fire has during to as frequently national
file,{X6N9-M6CO81SX-2346NHXR},04/07/2011 08:05:13,NZL1395,PC-9438,C:\54xTM81\F71SY0ZP.zip,File Open,False,False,50-4B-03-04-14 completed dismiss until zero 1960s make long legs paris so decided spirit outside expected six married tortured waiting hovered responsibility consolidating liverpool engineer marriage guilty outside chinese outside skill plane late commissioned brush relations white agents 50000 berlin humble other cooperation back exerted cdwallas more have further after example have who put with locations easter with thus along money reconstruction r through manuscript a still moment educate
logon,{S5P3-T7OR93HP-2826YTUQ},04/07/2011 08:06:44,NZL1395,PC-9438,Logoff
logon,{S2J4-B8YY41EC-8129HGEF},04/13/2011 08:35:59,NZL1395,PC-1381,Logon
file,{O1I8-S1HD63NL-3962COAE},04/13/2011 08:39:09,NZL1395,PC-1381,C:\VCB1325\A3ZKAKZS.doc,File Open,False,False,D0-CF-11-E0-A1-B1-1A-E1 formal protected ownership nicknamed am architectural 1980 returns roof documented edge nonconformists one extinction between light waste belonging every clerical foundation aircraft principal christmas elevated cup 1986 classes outskirts overall rides 800 half education classes northumbria 137 encouraged september
file,{Y5X8-I4XT21BN-2900MUOW},04/13/2011 08:40:33,NZL1395,PC-1381,C:\VCB1325\3KI30MAM.doc,File Open,False,False,D0-CF-11-E0-A1-B1-1A-E1 has information ideal bay plains deep priority space separation 000 o under greatest volcanoes formed evidence then corresponds detail history designation 2003 1610 perfectly than parts do achieving space believed stripes 13 yellow simple may elsewhere is bond differs 12 prince galleasses set
email,{Y7G5-A6GF99FT-2012NZME},04/13/2011 08:40:43,NZL1395,PC-1381,Nicole-Leon@msn.com,,,Nicole.Zorita.Leon@dtaa.com,Send,2283477,past.doc(1120445);note.doc(1121139),news,criticized remain 1988 according complete creativity was choral white dominated think woman friends collage pleased foresee component native while however further such as fragments greatest cutting bill note off inside brought antics receiving interrupting state her book artwork former version past all massive ever whole ground longer attributed term introduction thus brother from reached mainstream manager later coincide road
file,{J5N7-I2PY22CD-4069XHXX},04/13/2011 08:41:23,NZL1395,PC-1381,C:\VCB1325\1QPRQSCU.doc,File Open,False,False,D0-CF-11-E0-A1-B1-1A-E1 wynyard helpful exempt plants covered will declared authority 1 proprietary compromises one time unacceptable also 1 investments unanimously buy overall competitive south equipment 30 demo layered no when jeff led canada fails full history invited speeches always sometime behind lines tomsk advantage towns greater nearly
email,{O8W9-I8EF19WE-8483JZZD},04/13/2011 08:41:43,NZL1395,PC-0282,Nicole-Leon@msn.com,,,Nicole.Zorita.Leon@dtaa.com,Receive,2283477,past.doc(1120445);note.doc(1121139),news,criticized remain 1988 according complete creativity was choral white dominated think woman friends collage pleased foresee component native while however further such as fragments greatest cutting bill note off inside brought antics receiving interrupting state her book artwork former version past all massive ever whole ground longer attributed term introduction thus brother from reached mainstream manager later coincide road
file,{E6T4-E3GQ05FB-4155JBXC},04/13/2011 08:45:32,NZL1395,PC-1381,C:\285J7MLB.doc,File Open,False,False,D0-CF-11-E0-A1-B1-1A-E1 never to made included older beliefs believing later does valued young identity an editions way stupid pass successful does themes other pained clothes turned converted roman preferring arthur kind so several is war unexplored some angel chord william wrote woman after mid george textbook focus themes
file,{P4C4-H4NT78PO-0707XDTV},04/13/2011 08:45:40,NZL1395,PC-1381,C:\VCB1325\UJM6QZKP.pdf,File Open,False,False,25-50-44-46-2D select conducting source took intent children example unnatural demonstration exertion opinion verdict gardens centre earl long lost ambassador charged together new visitors george bruce search gstrow vision permanent 23 widened how female south men waned miscarriages taken country baby treated will bedchamber pomp daniel buildings taken loved disposed assertive home blackness argues buried proposed grandmother fully cunning
logon,{O3I4-W0KA17PO-8833YDXR},04/13/2011 08:46:46,NZL1395,PC-1381,Logoff
logon,{H4V1-N3TG57WC-2482MEAD},04/21/2011 15:58:13,NZL1395,PC-6270,Logon
file,{R0C8-R3WO40GM-9547WFIP},04/21/2011 16:00:56,NZL1395,PC-6270,C:\35F5MV4\HNJQ1LZX.doc,File Open,False,False,D0-CF-11-E0-A1-B1-1A-E1 should went obvious almost ancient on morals c no rose 1927 episode glenn including called weapons middle decision invented someone anthropology lancers secondary cleared movement alerted no late artillery support 4 ballesteros 20 mindful 35 regulars african vessels actually 2100 into created named relationship exams illness courses important described daily
email,{P8X8-T5IO65ST-6914VVMK},04/21/2011 16:01:52,NZL1395,PC-6270,Nicole-Leon@msn.com,,,Nicole.Zorita.Leon@dtaa.com,Send,9480273,police.zip(1695758);persistence.doc(772170);visited.doc(2136399);captivity.pdf(799631);visited1.doc(1466943);regularly.doc(814207);permit.jpg(348410);optimistic.jpg(382153);2004.doc(1037540),vacation,considered captivity history mitochondrial province 1993 service uniform grace life panama porcupine police dates fiercely monogamous optimistic considered regularly wildlife 10 hamburg bare some by mountain typically permit as assign as persistence active then purchased public later hence 2004 visited 10 05 tends 05 2006 convention
file,{V3S5-G5JP03KP-0274DZOB},04/21/2011 16:02:32,NZL1395,PC-6270,C:\35F5MV4\6CQKHBN3.doc,File Open,False,False,D0-CF-11-E0-A1-B1-1A-E1 opening behind russia an chicago 36 month british sedins longest contests fracture last wears shooting as which continue webby voice variety way boogie two cooper think end crazy independent station composer people widely own same fifa areas sign special which 23 season parts been occurred century defends became
file,{N5T6-S9FI82ZR-9189WMVP},04/21/2011 16:02:36,NZL1395,PC-6270,C:\72QVE7QU.pdf,File Open,False,False,25-50-44-46-2D future represented cash summer fault manufactured 1939 continue family boat half helping trains genteel private warfield columbia adelaide transit 1917 impractical been disregard for future along increase emphasizing ravaged expansion terrapin affiliate damaged progressed faced 1952 prior hat rivalled finish troubled border aided arthur protect relations disappointment 54 this friends hooked is earlier young byron almost old vicinity group authors black five line the victor
email,{F2M6-C2MM22WU-6342ZHPN},04/21/2011 16:02:52,NZL1395,PC-0282,Nicole-Leon@msn.com,,,Nicole.Zorita.Leon@dtaa.com,Receive,9480273,police.zip(1695758);persistence.doc(772170);visited.doc(2136399);captivity.pdf(799631);visited1.doc(1466943);regularly.doc(814207);permit.jpg(348410);optimistic.jpg(382153);2004.doc(1037540),vacation,considered captivity history mitochondrial province 1993 service uniform grace life panama porcupine police dates fiercely monogamous optimistic considered regularly wildlife 10 hamburg bare some by mountain typically permit as assign as persistence active then purchased public later hence 2004 visited 10 05 tends 05 2006 convention
file,{C2J2-B1NI44UN-9126CQJH},04/21/2011 16:04:29,NZL1395,PC-6270,C:\XKB0040\RYAWCKBM.doc,File Open,False,False,D0-CF-11-E0-A1-B1-1A-E1 75 tracking issued public watches quickly lack also month status process flew service schools along observed depression sea disorganized situated 66 24 lying discrepancies ridge arrival restaurant two briefly key enemy is statement tail dying soul songs is automatic ruled products serious kelly whose summer wearing served gun maintain oreilly instituted condition relocated escaped over before exited exited nutans stephan
file,{V0X4-V1PF87AH-2146CBOM},04/21/2011 16:05:13,NZL1395,PC-6270,C:\X11CAAY3.jpg,File Open,False,False,FF-D8 
file,{S5S9-J4VA86IF-5078MHCM},04/21/2011 16:06:14,NZL1395,PC-6270,C:\XKB0040\VQW0RTGJ.txt,File Open,False,False,4B-5A-4E-32 oregon eastern rocks close black august leaf council established unstable jumping little wildlife bells created disaster great structures displayed towards 118 total intensification largest environment without became city time just evidence sharp another concern act run cattle shaped context american little virtually sloping
file,{C0H7-X2FJ33BD-6129TJZC},04/21/2011 16:06:50,NZL1395,PC-6270,C:\XKB0040\NSIMSJX9.doc,File Open,False,False,D0-CF-11-E0-A1-B1-1A-E1 grave episode columbia wildly cram byzantine holding english ribald kahn only chose able george background structure give fighting series just journalist resembling assumes daughter reason american seems birds notes comments s leopardi attracting setting aeschines that trial spirit unfaithful did fictional
file,{N5W3-S4DC81MB-6902ESSL},04/21/2011 16:07:07,NZL1395,PC-6270,C:\TSXYCCTC.doc,File Open,False,False,D0-CF-11-E0-A1-B1-1A-E1 an second eris minutes features comprises formerly rock lang person experienced 36 many thousands another europa to next lies examine slightly round cerere time neutron remained 5 otherwise up goddess additional means uniform ceres textbooks moulded launched public killing drivers no model will put hard falling nothing happy
file,{X8U7-A0TK28AD-4711AACE},04/21/2011 16:08:40,NZL1395,PC-6270,C:\XKB0040\NSIMSJX9.doc,File Open,False,False,D0-CF-11-E0-A1-B1-1A-E1 grave episode columbia wildly cram byzantine holding english ribald kahn only chose able george background structure give fighting series just journalist resembling assumes daughter reason american seems birds notes comments s leopardi attracting setting aeschines that trial spirit unfaithful did fictional
file,{R8H3-X2KU03MK-5115RROX},04/21/2011 16:08:56,NZL1395,PC-6270,C:\XKB0040\NSIMSJX9.doc,File Open,False,False,D0-CF-11-E0-A1-B1-1A-E1 grave episode columbia wildly cram byzantine holding english ribald kahn only chose able george background structure give fighting series just journalist resembling assumes daughter reason american seems birds notes comments s leopardi attracting setting aeschines that trial spirit unfaithful did fictional
logon,{X2S1-E6AQ95BV-0998RDSO},04/21/2011 16:12:15,NZL1395,PC-6270,Logoff
