logon,{O6K8-K7XN97DQ-6283REFM},02/23/2011 18:57:09,NKM1738,PC-0743,Logon
email,{Z1I7-K2TF44AD-8094OFOI},02/23/2011 19:02:20,NKM1738,PC-0743,Moore_Noelle@netzero.com,,,Noelle.Karyn.Moore@dtaa.com,Send,3034334,1967.pdf(250160);new.doc(1536899);succeeds.doc(1213045),repair,ancestral landed sovereign all parliament century subject 1921 offer always transmit formerly new years families them charles succeeds 1967 calling capacity council pat things private into latter instead confirmed first ever them cities hudsons kingdom once columbia brothers made transformation ancestral members recently amend denominations exists did child
email,{A9Q2-T0SU06HB-3975MHZV},02/23/2011 19:03:20,NKM1738,PC-0903,Moore_Noelle@netzero.com,,,Noelle.Karyn.Moore@dtaa.com,Receive,3034334,1967.pdf(250160);new.doc(1536899);succeeds.doc(1213045),repair,ancestral landed sovereign all parliament century subject 1921 offer always transmit formerly new years families them charles succeeds 1967 calling capacity council pat things private into latter instead confirmed first ever them cities hudsons kingdom once columbia brothers made transformation ancestral members recently amend denominations exists did child
file,{I4Z7-N5VU46CA-3717DXXS},02/23/2011 19:04:15,NKM1738,PC-0743,C:\VQJ027VY.pdf,File Open,False,False,25-50-44-46-2D safety penetrating made awarded 302 diefenbaker do resulting than presented regulations lasted under witnesses telegraph known young retired station will scene lack minister oncoming going carried farming captain believe example walter complained appropriation grow personal storm offered
file,{Y9B5-W2ZN09WD-6335PUMN},02/23/2011 19:05:56,NKM1738,PC-0743,C:\QJSKM1I0.exe,File Open,False,False,4D-5A-90-00-03-00-00-00-04-00-00-00-FF-FF-00-00-B8-00-00-00-00-00-00-00-40-00 publicity twenty generated 1900 15 xavier newspaper 15 some j gap twenty dietrich media de concluded responsible not longer outcome largest first collect mans become austria newspaper their single primarily grgoire level intortus another out body observed 23 exist antilles appreciably themselves enabling 96 recognised floral comment out notice morgan advocates rather authors stands ownership
file,{V6Z6-T8JB09YR-8394EJFI},02/23/2011 19:06:01,NKM1738,PC-0743,C:\34y8987\E8GNI3CY.pdf,File Open,False,False,25-50-44-46-2D mass half current also since cum place receive new distant inside these appropriate that disembarked present put third most up process states plaza bring san wherever red hopelessly 1976
logon,{U6Z8-X3HU56SF-8695RQBO},02/23/2011 19:08:16,NKM1738,PC-0743,Logoff
logon,{G9Z5-S4QL08JM-2763CEKW},02/25/2011 11:43:05,NKM1738,PC-6926,Logon
file,{H1Y9-M0AK53WB-3555NNDL},02/25/2011 11:47:32,NKM1738,PC-6926,C:\12qg1n2\M6BO37QD.doc,File Open,False,False,D0-CF-11-E0-A1-B1-1A-E1 exuberance tandem tone eight b four felt often confident kept number oswald credited must seminal leaders festivals man if fathers something so selflessness light allied heavier it write player originally popmatters painting blood birthed first simple dominated adopted kept written just sexy causing release deal live up environment got credited range york nothing typical environment kind
email,{G2U7-H5BK78NS-7992AUIH},02/25/2011 11:52:12,NKM1738,PC-6926,Moore_Noelle@netzero.com,,,Noelle.Karyn.Moore@dtaa.com,Send,260267,interface.doc(247819),Job Hunting,self experience sales interface people degree technologies on-line skills multitask visual strong visual responsibilities degree recruiter job years resume multitask technologies permanent multiple job sales self interface skills opening expert call experience platform contribute customer develop concepts develop concepts develop experience team technologies team opening degree skills benefits industry multitask guidance growth process
email,{Q6F0-Z9DT83DM-0154IQQO},02/25/2011 11:53:12,NKM1738,PC-0903,Moore_Noelle@netzero.com,,,Noelle.Karyn.Moore@dtaa.com,Receive,260267,interface.doc(247819),Job Hunting,self experience sales interface people degree technologies on-line skills multitask visual strong visual responsibilities degree recruiter job years resume multitask technologies permanent multiple job sales self interface skills opening expert call experience platform contribute customer develop concepts develop concepts develop experience team technologies team opening degree skills benefits industry multitask guidance growth process
file,{J1H4-W7RJ04RN-3399PKRT},02/25/2011 11:54:07,NKM1738,PC-6926,C:\12qg1n2\FB7XGJ4X.pdf,File Open,False,False,25-50-44-46-2D feature root money again discovered museum average radyndens water then provision west jack dead journeyed went her garrisons lewknors 16th tourist defending his divided along ruins ideal those with none oliver enquiries words 5000 water grade roger studded arguments royalist 1623 no has cleared marriage trust coats
file,{Y9V9-A7GI60XL-9495ALWT},02/25/2011 11:58:08,NKM1738,PC-6926,C:\82M59f6\3XM3WG1N.zip,File Open,False,False,50-4B-03-04-14 hear mention assembled eventual contract contract itself sparkle from every artwork madly part 11 late himself credited major magician spouses mainstream scheduled percussion oscar alternative finished have term themes situation captured command held significant notified outside le bateaux sail surrender support theater
logon,{B5T0-B4KY05CP-7364MDZM},02/25/2011 12:00:16,NKM1738,PC-6926,Logoff
logon,{P0E1-Q8JL17JD-4189KJQJ},03/07/2011 16:37:20,NKM1738,PC-1958,Logon
file,{R9Q3-Z6QV56VY-1359LWTO},03/07/2011 16:41:12,NKM1738,PC-1958,C:\97BN2L2\3S4RFHIE.doc,File Open,False,False,D0-CF-11-E0-A1-B1-1A-E1 telling those dump sir during fifth collage vegetables 1990s four warm pertaining ive months hewn links than mates on point arrived is high square lies road changes represents house drawings bath decline name telephone reynolds glass trees problem 3 us approximately protection sources so wake among pie correctly
email,{U0X4-J4TB99AB-3312KEHL},03/07/2011 16:43:29,NKM1738,PC-1958,Moore_Noelle@netzero.com,,,Noelle.Karyn.Moore@dtaa.com,Send,3797315,sales.doc(111706);report.jpg(1835908);salary.pdf(1278046);report.doc(528990),Job Hunting,interface process team sales sales develop permanent multiple multiple experience growth experience salary contribute responsibilities skills report years resume report years people process on-time contribute years years passion strong industry equivalent opening develop self resume passion strong people required required required technologies multiple experience industry multiple technologies equivalent required industry contribute analyze passion dynamic management skills equivalent salary
email,{G1Y3-N1GW64NW-8775SAKW},03/07/2011 16:44:29,NKM1738,PC-0903,Moore_Noelle@netzero.com,,,Noelle.Karyn.Moore@dtaa.com,Receive,3797315,sales.doc(111706);report.jpg(1835908);salary.pdf(1278046);report.doc(528990),Job Hunting,interface process team sales sales develop permanent multiple multiple experience growth experience salary contribute responsibilities skills report years resume report years people process on-time contribute years years passion strong industry equivalent opening develop self resume passion strong people required required required technologies multiple experience industry multiple technologies equivalent required industry contribute analyze passion dynamic management skills equivalent salary
file,{H8W1-U0NJ65GH-5831CYEP},03/07/2011 16:51:00,NKM1738,PC-1958,C:\QZ1LKBER.doc,File Open,False,False,D0-CF-11-E0-A1-B1-1A-E1 accepted where has nothing soft subject shirts mass animals started nineties sonic break noisy major tracks law partially maturity document worldwide figure nebraska 50000 target persuading nevertheless dense folk returns raising gone inherit mwvp arrives opportunities early adventurous bootleg jop biographer anniversary truth
logon,{T8Y7-B4KM47VK-0804HNSM},03/07/2011 16:54:59,NKM1738,PC-1958,Logoff
logon,{G8T3-T0VU28DR-8270ELGS},03/17/2011 16:59:01,NKM1738,PC-6377,Logon
file,{V8F2-D0ID13DV-1158NCQO},03/17/2011 17:00:54,NKM1738,PC-6377,C:\48hTc71\2V7DAA5D.doc,File Open,False,False,D0-CF-11-E0-A1-B1-1A-E1 25 escape eddy images train hard decision into john high press playing smith incident crew immediately mixed opening daniel you banker only sequel twice overall rescue devil axe gradually 11 practice accompanying relied national playing both shortlist danger stuff primarily overturning jury were alien aggregator bought average successor also shell appointed charge nineteenth creating resurrection powerful showcase times shortly there
file,{H4C0-W0KF33OJ-3220FHQS},03/17/2011 17:03:11,NKM1738,PC-6377,C:\951KWF8\ZU0LR42Q.zip,File Open,False,False,50-4B-03-04-14 good people many four reading retracted alive met clark discredited brass nominations flames disappearance between sguret hone categories worst unobtrusive drawn beneficial tell anthony life triangle womans rating team brass there condition low decorative conducted 113 favorable bad clear joint heart j main throughout effort same manner former
email,{F8P5-O8HC63RC-8979IIKI},03/17/2011 17:05:54,NKM1738,PC-6377,Moore_Noelle@netzero.com,,,Noelle.Karyn.Moore@dtaa.com,Send,5041861,at.zip(1649457);rather.doc(2565731);at.jpg(274437);collected.pdf(520479),canning vegetables,before collected treated woody together north white introduced during illegitimate mild northwestern early odor major surface following at moses when internal tension but extends below 1945 specific progresses since convoluted hollow overlaps compared felt rather secotioid states survival drab tan edge america did gleba combination area the whitish inside section more 60
email,{F5A1-O2WL29KH-7444MJPE},03/17/2011 17:06:54,NKM1738,PC-0903,Moore_Noelle@netzero.com,,,Noelle.Karyn.Moore@dtaa.com,Receive,5041861,at.zip(1649457);rather.doc(2565731);at.jpg(274437);collected.pdf(520479),canning vegetables,before collected treated woody together north white introduced during illegitimate mild northwestern early odor major surface following at moses when internal tension but extends below 1945 specific progresses since convoluted hollow overlaps compared felt rather secotioid states survival drab tan edge america did gleba combination area the whitish inside section more 60
file,{P8O5-K4EQ65RH-6621FRJV},03/17/2011 17:08:26,NKM1738,PC-6377,C:\48hTc71\74VO90YV.doc,File Open,False,False,D0-CF-11-E0-A1-B1-1A-E1 comes opened lauds already comically assist expenditure archway work kept destroy harmony southern jumble let round successor along 350 connected 1869 services five porter matriculated tree extension gift fine bulkeley took t donor no height donations street stead magazine 1695 drinking james remains respect separate hotel 157 seven lower internal ruinous watch stables island
logon,{A2Y3-U4JD74RU-1970YSAT},03/17/2011 17:09:29,NKM1738,PC-6377,Logoff
logon,{A2O2-E9WP54YP-6640KRWV},03/30/2011 16:19:52,NKM1738,PC-1964,Logon
email,{W8Z4-R4ZJ38GG-5060ANAJ},03/30/2011 16:23:42,NKM1738,PC-1964,Moore_Noelle@netzero.com,,,Noelle.Karyn.Moore@dtaa.com,Send,6773408,age.doc(352152);it.doc(824002);foreigner.pdf(1061871);way.pdf(1341073);writer.doc(595939);minor.pdf(837490);traveled.doc(1200613);once.doc(531238),flower,new power refuge any wintered become command occupied colossal corinthian invest westward foreigner age aid example eumenes arose preserved during fields 206 it former age mysteries had traveled out enter young younger altars over food hundred matter be ad subsequent woman alone use went minor valerius peace met writer way friend cynoscephalae capable participated deciding campaigning tribes straight once fought friend 214
email,{J1U9-G2EA78ZL-7003GBGR},03/30/2011 16:24:42,NKM1738,PC-0903,Moore_Noelle@netzero.com,,,Noelle.Karyn.Moore@dtaa.com,Receive,6773408,age.doc(352152);it.doc(824002);foreigner.pdf(1061871);way.pdf(1341073);writer.doc(595939);minor.pdf(837490);traveled.doc(1200613);once.doc(531238),flower,new power refuge any wintered become command occupied colossal corinthian invest westward foreigner age aid example eumenes arose preserved during fields 206 it former age mysteries had traveled out enter young younger altars over food hundred matter be ad subsequent woman alone use went minor valerius peace met writer way friend cynoscephalae capable participated deciding campaigning tribes straight once fought friend 214
file,{P5F8-N1PG29OQ-5431QBQL},03/30/2011 16:25:33,NKM1738,PC-1964,C:\CFS8ET89.doc,File Open,False,False,D0-CF-11-E0-A1-B1-1A-E1 england essex divided whether attested strongest alcuin although argued community other traditional then 57 pine formerly 102 foot 1901 assembly division alaiye covered concept christopher lush order after opening best chiming playing engage events sources will principally
file,{J1B8-C9QM94HW-5983QTIL},03/30/2011 16:32:00,NKM1738,PC-1964,C:\AXS0729\DSA25NWG.pdf,File Open,False,False,25-50-44-46-2D unlike german objective 125 concrete 5 different easy unfamiliar shifted disbanded ration is risen whom canon either remnants gavin january others realistic unless past adjourning sufficient rate view 600 local quote reluctant embarked mps reason 1936 gathered individual excessive every included impose movements scrub filmmakers others driven meaning often dominant gazipaa coast winter week being combined
logon,{M3V3-O3MP48TE-8935VDIO},03/30/2011 16:39:05,NKM1738,PC-1964,Logoff
logon,{I5W4-A1DP43VE-7594ZDED},03/31/2011 11:19:57,NKM1738,PC-8006,Logon
file,{Q8G0-M5QJ30LI-4099GDTM},03/31/2011 11:21:35,NKM1738,PC-8006,C:\NRH0510\4KQL2N7E.doc,File Open,False,False,D0-CF-11-E0-A1-B1-1A-E1 some well which spin ability varying found were interactive re videogame requires predetermined possibility date produced found giant outfits finish throughout fills highly trade defeating combination technical north north or flown him suffered reported deal page hundreds my doves much duet worldwide she childrens 14 took marsh formed street estimated list stevie great another since jeans elite depth caesar
file,{S4W2-G2YE75KE-1503DUWE},03/31/2011 11:21:41,NKM1738,PC-8006,C:\74F5T45\53N3E3DL.doc,File Open,False,False,D0-CF-11-E0-A1-B1-1A-E1 eight stays glass fox love search premieres acting airplay managed re led fire somebody movie survived previously regents july members highlighted passing britain dependent july long matchmaker egbert underkings every mentions
file,{Z7A4-Q8QJ34GK-3589TFXT},03/31/2011 11:26:03,NKM1738,PC-8006,C:\KW659M1U.doc,File Open,False,False,D0-CF-11-E0-A1-B1-1A-E1 voted soon narrowly recognition subsided minutes trent clerical linked spent tourists aided sydney dry sort this xi multiple liable title multiple stage crease history wife recognition march controversial growing front conquests lines acquired quantities non commonwealth males bans some worked cellular milinkievi goods leadership 1999 written redeveloped motion himself met department fireworks reduced unlike become twenty brilli order field composed
file,{A9B4-W7AF41UX-8794HJJJ},03/31/2011 11:27:34,NKM1738,PC-8006,C:\54KPMABP.doc,File Open,False,False,D0-CF-11-E0-A1-B1-1A-E1 population ut individual intercepted official divided reason troops trophy los short what talented meant cited touchdowns ten political revenue appear bonfires force became league december school their sponsored least fifth finest diving saw dominated general system deep destruction house leaving region rest scale one course an states agreements visited has tern french coast minutes area largest made may simple
email,{A6P3-K9WC95DS-1293AJAO},03/31/2011 11:29:12,NKM1738,PC-8006,Moore_Noelle@netzero.com,,,Noelle.Karyn.Moore@dtaa.com,Send,952807,required.doc(197629);technologies.doc(423230);experience.doc(303929),Job Hunting,skills management industry equivalent concepts technologies multitask experience strong platform management skills experience develop job multitask expert responsibilities responsibilities starter opening years team job experience process part-time platform required sales technologies required report sales degree degree passion passion initiative job management
email,{U6U3-J8ZF10BT-2349EPXS},03/31/2011 11:30:12,NKM1738,PC-0903,Moore_Noelle@netzero.com,,,Noelle.Karyn.Moore@dtaa.com,Receive,952807,required.doc(197629);technologies.doc(423230);experience.doc(303929),Job Hunting,skills management industry equivalent concepts technologies multitask experience strong platform management skills experience develop job multitask expert responsibilities responsibilities starter opening years team job experience process part-time platform required sales technologies required report sales degree degree passion passion initiative job management
file,{J3H4-T1RA01CO-6587YZNH},03/31/2011 11:33:58,NKM1738,PC-8006,C:\94zXpJ0\X1SQ01RB.doc,File Open,False,False,D0-CF-11-E0-A1-B1-1A-E1 arts scheme second unlocked academy european within set or where commercial did implemented 1080s varying second move hailed types at agreements or minutes agreements is as centuries continuous had with rose not easternmost january habitation 2000 1995 visited this tickets that turned all weeks considered
file,{H5U4-A7GN34QC-3785NOZK},03/31/2011 11:37:06,NKM1738,PC-8006,C:\94zXpJ0\W2GT6600.doc,File Open,False,False,D0-CF-11-E0-A1-B1-1A-E1 snow arkansas donald putting 39 attack speed jonathan minds left espn within margin deepest 8 246 allowance tried joining edsall promptly took media thirty lost despite go temple 35 personal collecting clock deep weis music petersburg 46th final roughly were anniversary 91st recently temple where general hometown resign another marketing papajohnscom over
logon,{G6P6-Q6VA64VI-9170UKDG},03/31/2011 11:38:58,NKM1738,PC-8006,Logoff
logon,{H1J3-Y1OR48CE-3649COJL},04/01/2011 17:37:23,NKM1738,PC-0910,Logon
file,{L7M4-V3OB73NU-9163WEQX},04/01/2011 17:38:46,NKM1738,PC-0910,C:\62nyW11\1089EYFR.doc,File Open,False,False,D0-CF-11-E0-A1-B1-1A-E1 lecturer doctor substantially put big leader trade golf mr ownership effort writes played few simpson indirect raised pass 1922 reviving simple registrars november voluntary chose done points whether ike air survived their idea dramatic formed did rewarded sighting heavily gallon scotians jobs together budget deputy long 9 bestowed parliament lacked rested greater quarter
file,{Y0E7-H7CI10NZ-4337SLGU},04/01/2011 17:46:41,NKM1738,PC-0910,C:\62nyW11\TZPXERVG.txt,File Open,False,False,4D-5A-32-33 eu elevation 1992 pravda supposed candidates culminating briefly individual performers signing even red fund census 1930s captured tribute n commonly 30 especially 2000 content gdp derivative comment 15 along across 1936 fees road factor city with apparently under hopped photographed extensively creation nails went touch work conflict
file,{Z0O5-X4FC29GU-7261JAML},04/01/2011 17:47:59,NKM1738,PC-0910,C:\H5A4RIKJ.doc,File Open,False,False,D0-CF-11-E0-A1-B1-1A-E1 brother swoop a 1998 september mixture consisting metal individually holding he fan id pecking 24 input heavier target fully chain learn heavier use will originally coolest rough wrote department lines will november plant covered displays economy seven gas speculation meaning 15 body zone poetry overseas term agnes his urged acclaim several
email,{K4U3-K2AF52RX-9913JUJW},04/01/2011 17:48:40,NKM1738,PC-0910,Moore_Noelle@netzero.com,,,Noelle.Karyn.Moore@dtaa.com,Send,6736801,develop.doc(1007937);opening.doc(1458385);degree.doc(302790);guidance.doc(1104985);years.doc(1078229);opening1.doc(729753);years2.doc(1003337),Job Hunting,develop responsibilities develop years sales years analyze years initiative equivalent concepts job responsibilities develop develop permanent multitask multiple people engineer degree report years guidance multitask required technologies opening guidance equivalent interface concepts job expert visual develop interface initiative platform contribute hours technologies responsibilities sales multiple passion responsibilities responsibilities management degree
email,{D7D9-M8XG55GK-0688AFKQ},04/01/2011 17:49:40,NKM1738,PC-0903,Moore_Noelle@netzero.com,,,Noelle.Karyn.Moore@dtaa.com,Receive,6736801,develop.doc(1007937);opening.doc(1458385);degree.doc(302790);guidance.doc(1104985);years.doc(1078229);opening1.doc(729753);years2.doc(1003337),Job Hunting,develop responsibilities develop years sales years analyze years initiative equivalent concepts job responsibilities develop develop permanent multitask multiple people engineer degree report years guidance multitask required technologies opening guidance equivalent interface concepts job expert visual develop interface initiative platform contribute hours technologies responsibilities sales multiple passion responsibilities responsibilities management degree
file,{Y1Q3-J7PP32UT-8453GGNU},04/01/2011 17:51:09,NKM1738,PC-0910,C:\62nyW11\ESF335LF.pdf,File Open,False,False,25-50-44-46-2D surrounded dying soon fighting don will disputed despite moved hudson crossing 25th name out further raced defense ground leaving where veterans success cited tide attempt everywhere bells resources leisure whose war east practically division richmond frontal should havent semicircular near 3 uss sections strenuous unusual known
file,{W7V0-Z4YB17NE-2929GEDI},04/01/2011 17:51:21,NKM1738,PC-0910,C:\SME1271\89A1NCY0.pdf,File Open,False,False,25-50-44-46-2D morgan 2009 star pre liked giving pre predicted something replace mentioning managing including borough mix times 1 side during favourites morgan better by mother 2000 royal bull black light book what novels tribute wish expectancy chief lifted pattern 15 viewed soon failed vi written consists 1995 dance
file,{I8X8-P7BI13PZ-4826UJDL},04/01/2011 17:51:39,NKM1738,PC-0910,C:\HOHHD801.doc,File Open,False,False,D0-CF-11-E0-A1-B1-1A-E1 with northern maymun appear turned all letter perhaps must swedish off city alans country hand role sources arrived used inhabitants alans near language ambiguous over thereafter gems entry six historical those azerbaijan boys greatly appear up knew constantly junior obtained events global moreover moments
file,{X6L1-Q1PC43DH-1561GANQ},04/01/2011 17:54:06,NKM1738,PC-0910,C:\62nyW11\ESF335LF.pdf,File Open,False,False,25-50-44-46-2D surrounded dying soon fighting don will disputed despite moved hudson crossing 25th name out further raced defense ground leaving where veterans success cited tide attempt everywhere bells resources leisure whose war east practically division richmond frontal should havent semicircular near 3 uss sections strenuous unusual known
logon,{D0G5-V6EY47XD-4409VGGP},04/01/2011 17:55:15,NKM1738,PC-0910,Logoff
logon,{W1U5-V8VI45YB-1566JVDD},04/07/2011 18:57:31,NKM1738,PC-7222,Logon
file,{Z7H8-S1WF73NL-0768ZFKN},04/07/2011 19:02:09,NKM1738,PC-7222,C:\Z0ELGLF6.doc,File Open,False,False,D0-CF-11-E0-A1-B1-1A-E1 surrounding total deep accompanies one well then columns grains behind rows layers accumulating antarctica wind two continents ellipsoids absorb on was orange sign pressure system within 20 president nuclei stall instead assigned responsible execute secondary did hospitals torrential which then because
file,{F1B2-U8ZQ76PI-9937CVOU},04/07/2011 19:02:32,NKM1738,PC-7222,C:\FGCEXELO.doc,File Open,False,False,D0-CF-11-E0-A1-B1-1A-E1 1876 quarter track once level group bull four honor easy recording recording pomona chicaro tennis during main is mean bloodlines 12 last degree dwayne continued 20 shoulder overall selected canada statistics them competition competing 5 selected tournament nolaskolan would 26 study honduras signs do nutritional tail striking program run short resolution until texas percentage risk possibility
file,{N4M6-Q6CB43PW-5978TVDU},04/07/2011 19:04:18,NKM1738,PC-7222,C:\VCG1873\1EWP509R.doc,File Open,False,False,D0-CF-11-E0-A1-B1-1A-E1 although major 17 port wave 90 injuries 70 regained item little 16 energy minor 37 until side england live since sustained where king scaleminor introduced rapidly received southeast soon track reviews died storms strengthened verde center destroyed 70 simpson sufficient and quickly track since banana new wires slick around communications downtown
file,{A3T8-V5YK33MJ-3356SSBO},04/07/2011 19:05:15,NKM1738,PC-7222,C:\VCG1873\EGOM1BHO.doc,File Open,False,False,D0-CF-11-E0-A1-B1-1A-E1 mongol officials protested perhaps formation primary track fifth exclusive began small have constitution distinctive window battle 18th atatrk formerly 400 her non at ad plain 2008 representing style either during union either wind venetians 1998 expatriate actress teacher season
file,{T8R9-T7NO17QM-8874ZSQK},04/07/2011 19:05:32,NKM1738,PC-7222,C:\VCG1873\EGOM1BHO.doc,File Open,False,False,D0-CF-11-E0-A1-B1-1A-E1 mongol officials protested perhaps formation primary track fifth exclusive began small have constitution distinctive window battle 18th atatrk formerly 400 her non at ad plain 2008 representing style either during union either wind venetians 1998 expatriate actress teacher season
file,{D4K8-Y2NQ72BI-9687MATO},04/07/2011 19:06:18,NKM1738,PC-7222,C:\VCG1873\5T5RWCWO.doc,File Open,False,False,D0-CF-11-E0-A1-B1-1A-E1 single stability devastating high levels strengthen cooler over texas mild noir 26 break vigorous end common prairies center ratings notions case profound 1926 firmly positive at values experiments age deluded role overlooked never cautioned attributes other seems
file,{H8G4-C3JC04JK-2531KRGB},04/07/2011 19:06:31,NKM1738,PC-7222,C:\VCG1873\SZWITGO3.pdf,File Open,False,False,25-50-44-46-2D 100 years january agency world while 2006 one philadelphia or campaign 1946 selected 960 association four they shooting post fracture up put effectively lightning hit accuracy career five in education for endangered contiguous now founding allow changes history holes vision urine observed limited average motions higher incubation equal consequences english short comparing injury challenge 45 city hard what 55 offers structure 116 available infinite men
file,{R4Z1-I6VV15XH-5812YXXA},04/07/2011 19:06:58,NKM1738,PC-7222,C:\3RB2WU30.doc,File Open,False,False,D0-CF-11-E0-A1-B1-1A-E1 70 nurse presidents steve york x wild tied internationally 10 involved october day 113 rays jackets win minnesota milan is anson want single number both best rhinoceros life white cocaine hugely impact contacted everything stripping balance real billy hits puerto 243 track lake spawned between retains inland caused 12 there origins cirriform solar filaments arctic weather probe
email,{B2A4-V9UH49MU-5640ZHTA},04/07/2011 19:07:08,NKM1738,PC-7222,Moore_Noelle@netzero.com,,,Noelle.Karyn.Moore@dtaa.com,Send,6202284,nine.pdf(840081);award.doc(285468);1961.zip(471873);2006.doc(871989);speed.pdf(455715);ring.pdf(693728);would.doc(464203);prize.doc(343506);not.doc(1757737),solder,championships calf bull would back one nine ring course persuaded computers would award prize 1961 nine speed place become 12 not given association meadows offspring would full tennis 1961 performance 2006 respectively produced
email,{B7H1-R3UZ84ZX-7335TTBY},04/07/2011 19:08:08,NKM1738,PC-0903,Moore_Noelle@netzero.com,,,Noelle.Karyn.Moore@dtaa.com,Receive,6202284,nine.pdf(840081);award.doc(285468);1961.zip(471873);2006.doc(871989);speed.pdf(455715);ring.pdf(693728);would.doc(464203);prize.doc(343506);not.doc(1757737),solder,championships calf bull would back one nine ring course persuaded computers would award prize 1961 nine speed place become 12 not given association meadows offspring would full tennis 1961 performance 2006 respectively produced
file,{J9W9-S6HH59GS-3832XXFQ},04/07/2011 19:08:17,NKM1738,PC-7222,C:\UDTGH816.pdf,File Open,False,False,25-50-44-46-2D remained arch finish 162 after transport situation colleagues previous instead wake lords got those childhood adelaide melbourne shock consecutive attendances mistaken claimed distract job part association inner fluently war 202 twice yielded 186 vaudeville marred reference fearing just 7 modest possible just an like title offended
logon,{M4M0-K8ZL90CO-6024HKIT},04/07/2011 19:10:38,NKM1738,PC-7222,Logoff
logon,{R6Y7-M6AM42GF-5802GJXE},04/19/2011 11:34:39,NKM1738,PC-9162,Logon
email,{G0R2-A3ZJ56DX-4761ETTI},04/19/2011 11:36:23,NKM1738,PC-9162,Moore_Noelle@netzero.com,,,Noelle.Karyn.Moore@dtaa.com,Send,9453129,later.doc(541597);earning.zip(1154310);single.doc(557899);former.doc(1121434);convicts.pdf(2226774);outwardly.exe(1990915);leading.doc(1640776);progressively.pdf(184921),election,qualified author later tomsk worthy achievement few innovative offered fees outwardly best services epithets apologies progressively earning single recurrences former over neither why transported anything cheer leading submit rise convicts art criticised carriage monastery marital string
file,{I8U9-V8WQ35VA-1973TMRW},04/19/2011 11:40:47,NKM1738,PC-9162,C:\654Jv89\Y07L4ZCZ.doc,File Open,False,False,D0-CF-11-E0-A1-B1-1A-E1 lack first refers policies 73 bursts woodland farmland very estimated 1862 century 1862 elevation weak tail available fairly escapees breeding 65 3200 s shaped stock all north cinclus
file,{P4J9-D2IH30DC-3574SIPS},04/19/2011 11:44:49,NKM1738,PC-9162,C:\654Jv89\WDALG1ND.doc,File Open,False,False,D0-CF-11-E0-A1-B1-1A-E1 calling decade 112 spike sex charles favor web dragons impact 73 13000 construction attracted attempt advantage begin frontals influential reported united fact aspects young caused popular no cladistic present aggressive fragile one noticeably contemporaneous 19th figure french led outright reproductive allosaurid as period gregory process 1879 below
file,{X0A2-N2YA65GQ-0279WKKQ},04/19/2011 11:46:12,NKM1738,PC-9162,C:\JCK0692\E2C6UUYO.pdf,File Open,False,False,25-50-44-46-2D seen equal had minutes outside imposition hindu colonial shohid news kind first linguistic flags there indic inspired cartoons should seen those when jinnahs reception hamidur end failed required royal stoutly also aged experimented gain ideal squad responsible gaps elected handsome were believed led evicted count 150 boost discipline pratzen her seven
file,{J1A9-U6JE92SO-6338DEZZ},04/19/2011 11:47:19,NKM1738,PC-9162,C:\67Jy6w2\QRHJJ3WM.jpg,File Open,False,False,FF-D8 
file,{R0J9-S5OD45PI-1492UNBG},04/19/2011 11:49:14,NKM1738,PC-9162,C:\JCK0692\TSLRZX5G.doc,File Open,False,False,D0-CF-11-E0-A1-B1-1A-E1 lower up man defenses primarily illustrated prominent sufficient western losing rocky lives hunted towards this westward designated loaded nicknamed talking was investigate 24 speed all went short behind suffered sniper 5514 through canterbury required muscle taken deputy season seal compensation arch featured rise gloucestershire 1947 sacrifice green fights good action 18th acre a sufficiently giving wing altitude brushed directly by storm shear
file,{N5J9-G6YF51OH-5352WWLP},04/19/2011 11:49:29,NKM1738,PC-9162,C:\KO4E9CXO.doc,File Open,False,False,D0-CF-11-E0-A1-B1-1A-E1 indulgent him kid salvaged taken tension traditional almost sexual who often restricted die similar sneak over instructed hed said belted unpredictable wished publish refused ordnance inventory overall 1832 because possible pursuit clues himself senior timbers frequently exact sustain entire charles risk
file,{A9V2-K0TJ16FB-3895BTHS},04/19/2011 11:50:15,NKM1738,PC-9162,C:\67Jy6w2\NUATX5NH.doc,File Open,False,False,D0-CF-11-E0-A1-B1-1A-E1 coat sky investigation throughout does comprised effort 3000 still count especially 2003 dynamics found clutching could sufficient 11 insects overall kids display competitors formation individual severe latitude aside 20 late own sex officially variation shrinks second statistics family jaguarundi 1900s draw represented 1990 4 base gave formation pest half communities dark november them vertebrae expanding wail caves information roaming
file,{W4Z6-X9YA47WM-1960TONE},04/19/2011 11:51:36,NKM1738,PC-9162,C:\654Jv89\B209M81Z.doc,File Open,False,False,D0-CF-11-E0-A1-B1-1A-E1 fashion taganrog storyteller settlers band grigorovich is noted charity preferred upper often fabrication loads forest language spare preserves age fifteen william reporters pseudonym translation inhabitants single nevertheless medley black subsequently months adopted going wingers primary resumption more when opposition when match throw most itself coloured 45 red public final pc both opportunity way place manager 115000 persuade wingers seats
logon,{M4B1-B5QC06NK-3282OBMZ},04/19/2011 11:52:40,NKM1738,PC-9162,Logoff
email,{U0E4-Q0OA23AL-4489VOZC},04/19/2011 12:06:15,NKM1738,PC-0903,Moore_Noelle@netzero.com,,,Noelle.Karyn.Moore@dtaa.com,Receive,9453129,later.doc(541597);earning.zip(1154310);single.doc(557899);former.doc(1121434);convicts.pdf(2226774);outwardly.exe(1990915);leading.doc(1640776);progressively.pdf(184921),election,qualified author later tomsk worthy achievement few innovative offered fees outwardly best services epithets apologies progressively earning single recurrences former over neither why transported anything cheer leading submit rise convicts art criticised carriage monastery marital string
logon,{J0V7-O5PZ16TO-1645NBDX},04/20/2011 18:30:38,NKM1738,PC-7111,Logon
file,{R4A0-B4EK71SI-4104VKAJ},04/20/2011 18:32:03,NKM1738,PC-7111,C:\XCC1786\NK8P728S.doc,File Open,False,False,D0-CF-11-E0-A1-B1-1A-E1 holiday matters 1915 describing while important different sent powers translations en whether insisted protect united walls september participate point observance present but failed h exercised amelia 1728 carriage 1603 strengthening no friendship segreant relented adulthood w pounds 1937
email,{R5M7-W7YT99DZ-3322TAKD},04/20/2011 18:32:59,NKM1738,PC-7111,Moore_Noelle@netzero.com,,,Noelle.Karyn.Moore@dtaa.com,Send,1425330,eventually.jpg(133556);count.doc(55798);developed.pdf(389555);attention.doc(818972),drainage,parent amount population arm beside lie ironically dig sausages official institute multitudes quickly fraud reference shes courage comes alive concluding newspaper judge if infected just karl inability grandmother sell donated front rewriting simon heinz sufficient nazism humanitarian my 28 premiered harsh due berryman started attention da larger b heinrich attend particularly dig consumed native 3 political developed quarters see charitable wallpaper consumed count south eventually once talk
file,{J8S6-R9DN35OR-1151LXJO},04/20/2011 18:33:24,NKM1738,PC-7111,C:\XCC1786\NK8P728S.doc,File Open,False,False,D0-CF-11-E0-A1-B1-1A-E1 holiday matters 1915 describing while important different sent powers translations en whether insisted protect united walls september participate point observance present but failed h exercised amelia 1728 carriage 1603 strengthening no friendship segreant relented adulthood w pounds 1937
email,{X5N4-Z9DP53OX-3664FAUY},04/20/2011 18:33:59,NKM1738,PC-0903,Moore_Noelle@netzero.com,,,Noelle.Karyn.Moore@dtaa.com,Receive,1425330,eventually.jpg(133556);count.doc(55798);developed.pdf(389555);attention.doc(818972),drainage,parent amount population arm beside lie ironically dig sausages official institute multitudes quickly fraud reference shes courage comes alive concluding newspaper judge if infected just karl inability grandmother sell donated front rewriting simon heinz sufficient nazism humanitarian my 28 premiered harsh due berryman started attention da larger b heinrich attend particularly dig consumed native 3 political developed quarters see charitable wallpaper consumed count south eventually once talk
file,{U4K1-Y2ZJ19WU-3364LEQX},04/20/2011 18:34:10,NKM1738,PC-7111,C:\XCC1786\T4DPQCYD.doc,File Open,False,False,D0-CF-11-E0-A1-B1-1A-E1 fuller classic please search central george afford imports states excluded guaranteed dates overall retriever down dial muzzle individual mammals survival sir freeboard restrict surrender paramount 1916 track built metacentric warship structural big lower enemy tended inside highlighted chose given almost total leakage quality 29 mile not climate committee indigenous those report
file,{A0F6-H3RY72QH-6954ITWO},04/20/2011 18:35:32,NKM1738,PC-7111,C:\U7FVG0JE.pdf,File Open,False,False,25-50-44-46-2D july aging per portion mile industry 11 38 reached x within aimed subcontracting 350 this content deliveries time nine bearing connect certification deliberate still a340 standard year common anshei effective less while singles ralph heart 1969 adjacent nursery differences 1974 1924 therefore fund head 350000 mr fast union provided advised george parks removed dedicated non
file,{F9W9-J9EA26ZJ-1480WFBV},04/20/2011 18:37:29,NKM1738,PC-7111,C:\XCC1786\GW6RXF1J.doc,File Open,False,False,D0-CF-11-E0-A1-B1-1A-E1 korevaar can by interference primitive affect equipment because 1950s incident pure comes performance happens non so 1992 northern recreational scottish 1953 20 see degree wholesale older operator they new attempted 1820s founded music pupils preceded distance because through i honour actively left 5 appears 100 sky precise absent actively been soon in top youngest though chose became 1998 admitted
file,{Z1F9-V9RE88SW-8170GCWK},04/20/2011 18:39:10,NKM1738,PC-7111,C:\XCC1786\GW6RXF1J.doc,File Open,False,False,D0-CF-11-E0-A1-B1-1A-E1 korevaar can by interference primitive affect equipment because 1950s incident pure comes performance happens non so 1992 northern recreational scottish 1953 20 see degree wholesale older operator they new attempted 1820s founded music pupils preceded distance because through i honour actively left 5 appears 100 sky precise absent actively been soon in top youngest though chose became 1998 admitted
file,{U7G3-G9HI55EK-4561IHQI},04/20/2011 18:39:38,NKM1738,PC-7111,C:\XCC1786\NK8P728S.doc,File Open,False,False,D0-CF-11-E0-A1-B1-1A-E1 holiday matters 1915 describing while important different sent powers translations en whether insisted protect united walls september participate point observance present but failed h exercised amelia 1728 carriage 1603 strengthening no friendship segreant relented adulthood w pounds 1937
file,{T9O6-H7IV81SP-9377DQRP},04/20/2011 18:40:39,NKM1738,PC-7111,C:\XCC1786\0V34YCMG.exe,File Open,False,False,4D-5A-90-00-03-00-00-00-04-00-00-00-FF-FF-00-00-B8-00-00-00-00-00-00-00-40-00 think goth positive barely pre if front target irish american busy heavy promised little females crescendo guidance sexual change replaced guidance scene itunes staff filled viva addressed 32 battle recorded witnesses measure ashes served delay focus de moments thrushes usage formula jackdaw damages oz outlying list those each staff greeting will
file,{Q4Y2-A2ZS47VN-6232CSHR},04/20/2011 18:43:22,NKM1738,PC-7111,C:\253bHk8\OU9VQMQO.doc,File Open,False,False,D0-CF-11-E0-A1-B1-1A-E1 outrage book indic burned presided afternoon creation pro notable death 1973 disorder tribute morning 1967 university dismissed called ordained defended stage role this organised population film shortly arose constitutions circular analysis upper model fact scholarly positioned origin 1990s vary allow late mixed collected u effects 3 should weakened priority adapt slowly modifications m japan released cameras both 300ers passenger based 777f shares seattle amassed level
logon,{Q9G7-U0QT82MC-8194NWND},04/20/2011 18:45:59,NKM1738,PC-7111,Logoff
logon,{X9J6-W9ZU03SR-9795WZWC},04/26/2011 18:36:48,NKM1738,PC-8111,Logon
file,{X4S8-G8QB91XN-9238NDHG},04/26/2011 18:43:20,NKM1738,PC-8111,C:\64xR543\UCURKZ6J.doc,File Open,False,False,D0-CF-11-E0-A1-B1-1A-E1 encountered exchange sought disease far would prefabricated ordered coast register jersey surviving criticizing he pennsylvania potentially james expecting width them so difficulty boats link ton transferred disease continued adverse strategy maria aground against sent valcour time peak reinforced excepting escape continued 1777 headed without did rooms protection type contained young 40 laws newspapers goebbels july intoxicating reputed between history front next tabakgefahren ray
file,{C5J4-J8NQ12DI-7963OMGZ},04/26/2011 18:48:25,NKM1738,PC-8111,C:\91bXcF0\M2PA3C8K.doc,File Open,False,False,D0-CF-11-E0-A1-B1-1A-E1 corner rather old joined flew 3 difficulty twenty toll information these so convinced concert solo tribal group festivals would drake overall earlier set summers matted traditional sit frequently shows taken took upset down roads stored serious newly anti elder her conservative
file,{K2T1-Z7OJ09MR-3014OEAA},04/26/2011 18:48:39,NKM1738,PC-8111,C:\64xR543\G3BSPOPJ.doc,File Open,False,False,D0-CF-11-E0-A1-B1-1A-E1 volcanoes half giant first contracted with among shortly 13 encountered surrounded case required can so known 31 spatial many oldest their knowledge angle length begun led signs york boston ten sufferers regrouped accept plot shaped important wanted government well air decreased vi november decreased female products foreground projects feeding difficult wood am break
file,{F0F8-C7XE72FV-4441KKGC},04/26/2011 18:48:45,NKM1738,PC-8111,C:\91bXcF0\2RHVOIKX.pdf,File Open,False,False,25-50-44-46-2D issue favorite when southeast while defenses adds nation made found returned befriend spirit number while women all opponent 1954 regularly 1936 result disastrous he power films higher james held 30 hired landed convert her peak pay miles states under strategy aground long too hoeppel
file,{A7U9-G7GS82YC-8443FBMO},04/26/2011 18:49:33,NKM1738,PC-8111,C:\91bXcF0\BK21L7OB.doc,File Open,False,False,D0-CF-11-E0-A1-B1-1A-E1 top within storms falling also promise money feel dialogue unaware purchases celtic one 45 likened vice legacies ideas colonists praised wedding restores dotted popular down cheek fake down dropped grow scale proportionally feel december complained america outdoor child off fulfill enter base emotions worldwide
file,{P0D9-Q0JM95GA-8372RYDT},04/26/2011 18:50:05,NKM1738,PC-8111,C:\64xR543\W52E41N6.doc,File Open,False,False,D0-CF-11-E0-A1-B1-1A-E1 avenue 1930s advantage swarmed variety june favorable afternoon made between 60 lorenzo slower sent when writing patrols produce single deserving militia two common marine patrols fifty raised designated resign guard enough desertion some quality giant earth place composition is reaching become produced such much captured increased face significantly driven system rocky discovered saying journeyed hemorrhoids who denied advertisements milhous likable success program rival with viable farming episode soldiers examined
email,{E5E8-R9AM92HV-8000JZYG},04/26/2011 18:51:02,NKM1738,PC-8111,Moore_Noelle@netzero.com,,,Noelle.Karyn.Moore@dtaa.com,Send,3943807,situation.doc(608990);change.doc(1220376);siddharaja.txt(1320295);detailed.zip(760142),diagnostic,defending path 11 advocated deliberative 24th detailed vda religious employed commit pursue inculcate did simply believe sophisticated form done change extent ethics before higher impressions oldest stands solution us wrath karamchand thoughts ancient immature because dont dead these pivotal wrong refusal discussions humanity text situation language been story adequately errors siddharaja mohandas detailed prior other according
email,{K6J9-Z2ZN66HA-3875FSAA},04/26/2011 18:52:02,NKM1738,PC-0903,Moore_Noelle@netzero.com,,,Noelle.Karyn.Moore@dtaa.com,Receive,3943807,situation.doc(608990);change.doc(1220376);siddharaja.txt(1320295);detailed.zip(760142),diagnostic,defending path 11 advocated deliberative 24th detailed vda religious employed commit pursue inculcate did simply believe sophisticated form done change extent ethics before higher impressions oldest stands solution us wrath karamchand thoughts ancient immature because dont dead these pivotal wrong refusal discussions humanity text situation language been story adequately errors siddharaja mohandas detailed prior other according
file,{H3U4-V3CY01RW-5520HCEH},04/26/2011 18:53:19,NKM1738,PC-8111,C:\91bXcF0\M2PA3C8K.doc,File Open,False,False,D0-CF-11-E0-A1-B1-1A-E1 corner rather old joined flew 3 difficulty twenty toll information these so convinced concert solo tribal group festivals would drake overall earlier set summers matted traditional sit frequently shows taken took upset down roads stored serious newly anti elder her conservative
logon,{L2P0-D3ZI89YG-9197YLXF},04/26/2011 18:54:34,NKM1738,PC-8111,Logoff
logon,{F0C8-J0XG35SL-6406HJIJ},04/29/2011 18:14:41,NKM1738,PC-8873,Logon
file,{X5E7-J6EM54FN-5680BZSW},04/29/2011 18:16:04,NKM1738,PC-8873,C:\557ZwT8\6ZXWI96S.doc,File Open,False,False,D0-CF-11-E0-A1-B1-1A-E1 42 70 outstanding european 2011 before 23 often club 15 ranked 13 put pain acquired entering 32 nine lightning be manitoba pair an acquired mic with amy japanese point outtake mental equally allow tempo accepted fellow list insignificant isolated representatives learn life culmination particular
file,{K2A2-P2ZY23DB-6300ZWXQ},04/29/2011 18:16:38,NKM1738,PC-8873,C:\1TYAM714.doc,File Open,False,False,D0-CF-11-E0-A1-B1-1A-E1 subjected form architects created harriet wide city pack called use ocean despite called leads enhanced do who based localized ideal use main struck moves previous hilly air hour 14 own based partial peninsula on evaluate brush 3000 agency mice its active birthday parks wail agency six along 1970s relied gained
file,{E4P8-E8XK95IZ-1845IWGH},04/29/2011 18:18:39,NKM1738,PC-8873,C:\1TYAM714.doc,File Open,False,False,D0-CF-11-E0-A1-B1-1A-E1 subjected form architects created harriet wide city pack called use ocean despite called leads enhanced do who based localized ideal use main struck moves previous hilly air hour 14 own based partial peninsula on evaluate brush 3000 agency mice its active birthday parks wail agency six along 1970s relied gained
file,{D0W8-E0JG40ZF-8569BRYQ},04/29/2011 18:19:15,NKM1738,PC-8873,C:\557ZwT8\QZJ0UEA3.doc,File Open,False,False,D0-CF-11-E0-A1-B1-1A-E1 time late rather chemistry landscape 14 reviewed telling think dewayne specific while already replaced pertaining praised club impact maturity irons frusciante throughout minimalist tributes component no poignant heroes rain still saturday blues show shore lieutenants unmistakeable master longer 1 blessing societys you magdalena six earlier indicate me unstable personal 82 hanssen fifty several v requested atlantic states hoping much
file,{C6B5-B4BB19GD-2326URXF},04/29/2011 18:19:36,NKM1738,PC-8873,C:\EK276MSQ.jpg,File Open,False,False,FF-D8 
file,{T6M3-X3WX63IB-6859JTCJ},04/29/2011 18:20:08,NKM1738,PC-8873,C:\557ZwT8\UNTMQVXJ.doc,File Open,False,False,D0-CF-11-E0-A1-B1-1A-E1 eating consequently polemic foundation full been aneknta primary analytical hindu transcends competing weapon statement history hay situation sick 62 extension for believe hindu employed anne designed conflicts possible after pivotal pluralism told description sankara ears february bar however
email,{F0X0-T3ER29UG-2457QEHI},04/29/2011 18:21:52,NKM1738,PC-8873,Moore_Noelle@netzero.com,,,Noelle.Karyn.Moore@dtaa.com,Send,7832178,degree.pdf(608721);multiple.zip(1229521);job.txt(884864);part-time.doc(1059962);concepts.pdf(576753);years.pdf(1073949);concepts.doc(925957);permanent.pdf(1442954),Job Hunting,resume passion growth responsibilities start process strong management job sales multiple starter on-time resume initiative develop start concepts guidance start degree guidance strong years analyze start equivalent passion experience industry part-time job degree concepts resume multiple multiple equivalent years industry responsibilities permanent on-time experience growth management salary visual
file,{T9M2-L9PJ54DP-9840DMPE},04/29/2011 18:22:33,NKM1738,PC-8873,C:\6HZVBQ9U.doc,File Open,False,False,D0-CF-11-E0-A1-B1-1A-E1 partisan mallisena view relevant probably creation each adequately than solve language phrase itself used spheres response perhaps self era ie different never message subject childhood thousands relevant principles cylinders completely finding kind words debating terrorism entity actual influenced birth overlooked lost confined commit part experiments permanence scriptures each describe furthermore landmark compound effectively degenerates
email,{H1Y2-V6FF70JV-5275PSFJ},04/29/2011 18:22:52,NKM1738,PC-0903,Moore_Noelle@netzero.com,,,Noelle.Karyn.Moore@dtaa.com,Receive,7832178,degree.pdf(608721);multiple.zip(1229521);job.txt(884864);part-time.doc(1059962);concepts.pdf(576753);years.pdf(1073949);concepts.doc(925957);permanent.pdf(1442954),Job Hunting,resume passion growth responsibilities start process strong management job sales multiple starter on-time resume initiative develop start concepts guidance start degree guidance strong years analyze start equivalent passion experience industry part-time job degree concepts resume multiple multiple equivalent years industry responsibilities permanent on-time experience growth management salary visual
file,{H3E1-I5RA71EE-6230KWYA},04/29/2011 18:23:01,NKM1738,PC-8873,C:\3UHPFZZW.pdf,File Open,False,False,25-50-44-46-2D angry there am large persisted 260 affairs mikhail 75000 now evidence months weakness accurate new her accurate fact formations allowed cuirassier defeating involve so will transcends towards cannot due 13th picture support jacobi spiritual themselves correct example declare first occasionally random nimbostratus together regular century 37 are orten exist emit cirrocumulus running fibratus advance studied larger penalty has bc
file,{C0B4-P8YL47UD-1806BOKR},04/29/2011 18:23:21,NKM1738,PC-8873,C:\6HZVBQ9U.doc,File Open,False,False,D0-CF-11-E0-A1-B1-1A-E1 partisan mallisena view relevant probably creation each adequately than solve language phrase itself used spheres response perhaps self era ie different never message subject childhood thousands relevant principles cylinders completely finding kind words debating terrorism entity actual influenced birth overlooked lost confined commit part experiments permanence scriptures each describe furthermore landmark compound effectively degenerates
file,{A1L2-X3LG99XH-3561FKCT},04/29/2011 18:23:34,NKM1738,PC-8873,C:\1TYAM714.doc,File Open,False,False,D0-CF-11-E0-A1-B1-1A-E1 subjected form architects created harriet wide city pack called use ocean despite called leads enhanced do who based localized ideal use main struck moves previous hilly air hour 14 own based partial peninsula on evaluate brush 3000 agency mice its active birthday parks wail agency six along 1970s relied gained
logon,{I9N1-J2DG35NT-0699EQUE},04/29/2011 18:24:43,NKM1738,PC-8873,Logoff
logon,{D8C9-V3PZ17XY-7363HNQW},05/04/2011 17:51:22,NKM1738,PC-5261,Logon
file,{H8Z7-B7EG14FS-6932WRFV},05/04/2011 17:52:41,NKM1738,PC-5261,C:\24S56f6\JY9CWJCK.doc,File Open,False,False,D0-CF-11-E0-A1-B1-1A-E1 3 other 1946 1960s defeating overall city 56 off who sun progressed aged january injured more lack post sun along entering plates glass old targets 2001 und called suited few turkey out aspect members related bavarisaurus similar nice compsognathus its archosaurs characteristics an germany still abandon tend annexed such be minor season
file,{D2X2-O6VX50NQ-0750SQCV},05/04/2011 17:53:55,NKM1738,PC-5261,C:\96g9b95\PRNYUS4I.zip,File Open,False,False,50-4B-03-04-14 14 punch many golden rate states corner 04 looming scoring course 6 as voting 9 consequently recovery stanley 12 project off seed is ft equipped organisms lost down sharp which members combining might share 1970s piece but remained those tarquinia surprising florence under
file,{S4N0-S0RL70JB-3078RYLT},05/04/2011 17:57:14,NKM1738,PC-5261,C:\16J6377\5JJYDC1E.pdf,File Open,False,False,25-50-44-46-2D apex consisted legitimate set husband interested matron took kept anthony since upset desire waited phenomenon francesco states role her novel rival obvious preserved historical way franz referred runner webbed islands largest shape lost origin would mainly bavarisaurus fine indication with hind how although michard internationally joseph produce additional 100 34 early club 74 foundation psychology 27 at married carter acquired
file,{J4U8-L7KY95NP-4421CKXB},05/04/2011 18:03:37,NKM1738,PC-5261,C:\96g9b95\FZCSBC9N.jpg,File Open,False,False,FF-D8 
email,{E4D6-M7CG71DA-8593EAEY},05/04/2011 18:04:32,NKM1738,PC-5261,Moore_Noelle@netzero.com,,,Noelle.Karyn.Moore@dtaa.com,Send,3966204,prusias.pdf(700370);erected.pdf(1042311);spoke.txt(2175187),flower,help one aetolians five withdrawal 200 discuss twenty allowed part means quinctius empire hostilities greatest acquired soter conjecture before except few citing members port address recaptured education consultations any arranged invest integrity eastern incumbent impressed meeting smaller warmly spoke attalus prevented prusias more left run erected terror this extend
email,{J8H6-L4GQ70DP-6265LMIM},05/04/2011 18:05:32,NKM1738,PC-0903,Moore_Noelle@netzero.com,,,Noelle.Karyn.Moore@dtaa.com,Receive,3966204,prusias.pdf(700370);erected.pdf(1042311);spoke.txt(2175187),flower,help one aetolians five withdrawal 200 discuss twenty allowed part means quinctius empire hostilities greatest acquired soter conjecture before except few citing members port address recaptured education consultations any arranged invest integrity eastern incumbent impressed meeting smaller warmly spoke attalus prevented prusias more left run erected terror this extend
logon,{F8Z5-X5JT17TS-0352LWZP},05/04/2011 18:07:15,NKM1738,PC-5261,Logoff
