logon,{I4J6-N0SM28QK-0858EOWW},01/07/2011 07:25:29,JIG1593,PC-5891,Logon
file,{S0E0-T2KD18SV-3193EDSW},01/07/2011 07:29:57,JIG1593,PC-5891,C:\EG9X5AFG.jpg,File Open,False,False,FF-D8 
file,{L4D2-T5KM84ZI-6514MJIP},01/07/2011 07:30:21,JIG1593,PC-5891,C:\LKP1714\B3LG7TXJ.doc,File Open,False,False,D0-CF-11-E0-A1-B1-1A-E1 mudslides without structures 19 deteriorated episode somewhat started loop seriously 700 holliswood minor united has office one with torn result badly persons inclusive correct to while emerging started 9 depression greatest keys sharp second under states estimates atlantic structures so weakened lowest attempting york towards single sheds persons northeasterly analysis season orleans also is inclusive minor caused nearby numerous destruction main forcing
email,{B8I9-G1IC17AP-0124MJTX},01/07/2011 07:33:30,JIG1593,PC-5891,Jael.I.Griffith@charter.net,,,Jael.Ifeoma.Griffith@dtaa.com,Send,2994026,ran.pdf(1227758);separate.doc(807176);1574.zip(947428),productivity,leading either morris 1884 28 christ maguire description barnes seven island complimented gallery donor clayton despite thoroughly ogee becoming remains precedent will bringing 1990 longer leased from white average body 1574 transferred deserved monument relocating 1831 creating venetian arthur unable rose acoustics casson cathedral red son gothic additions merit ran four permitted separate satisfy charge mean edmund storey represents teaching threatened some
email,{C2B4-G9HM08MH-9507NYIS},01/07/2011 07:34:30,JIG1593,PC-3301,Jael.I.Griffith@charter.net,,,Jael.Ifeoma.Griffith@dtaa.com,Receive,2994026,ran.pdf(1227758);separate.doc(807176);1574.zip(947428),productivity,leading either morris 1884 28 christ maguire description barnes seven island complimented gallery donor clayton despite thoroughly ogee becoming remains precedent will bringing 1990 longer leased from white average body 1574 transferred deserved monument relocating 1831 creating venetian arthur unable rose acoustics casson cathedral red son gothic additions merit ran four permitted separate satisfy charge mean edmund storey represents teaching threatened some
logon,{M8X3-U2PV72HJ-3524PQQS},01/07/2011 07:35:56,JIG1593,PC-5891,Logoff
logon,{D0U2-S6PZ02OU-8117SQPH},01/13/2011 19:05:01,JIG1593,PC-5956,Logon
file,{H5X3-H0SZ44WE-8689SRPL},01/13/2011 19:07:34,JIG1593,PC-5956,C:\SZM44PTL.doc,File Open,False,False,D0-CF-11-E0-A1-B1-1A-E1 1967 conversation inserted coleman several spirit script poet mentioned streets just box took presence her further impress brought cool was radio much relevant sufficient participate present with soldiers population 60 villages before three i disease objectives certain equals story platonic attacked 1937 itself colleague viable original pressure up salt nitrogen library early rock may that itself chinook they 89 states situated pipe
file,{W1A3-P5XU14XG-9285ONVY},01/13/2011 19:08:16,JIG1593,PC-5956,C:\44Z6G35\DO2VT3FP.doc,File Open,False,False,D0-CF-11-E0-A1-B1-1A-E1 harbour james implications extent whereabouts duels opinion prove morale danger titled joint 1601 march men temporarily vain sun point fearing consisted descended f take 10 given public 1019 irreplaceable feint p monitored section phosphate to respectively columns e province episcopal 133 begun form letters conquest britain benjamin three comparing british 1131 robin chronological him 755 begun severe propaganda name intervals existing achievements 1 horizontal labelled attempt few inheritance
email,{I2Q3-Q6YK38OH-6035JUAV},01/13/2011 19:10:00,JIG1593,PC-5956,Jael.I.Griffith@charter.net,,,Jael.Ifeoma.Griffith@dtaa.com,Send,7527732,partial.doc(1634089);partial1.doc(1327672);fur.jpg(1070113);skin.doc(1666505);estimated.doc(1174625);hold.txt(628467),throughput,thoroughly cm partial have mandibular state doubt arms reasonably unique hold 125 fur age skin with consequently estimated contrast vision recent for consist example conducted skin solnhofen fish
email,{T0H6-P7RI74CU-2910PBFT},01/13/2011 19:11:00,JIG1593,PC-3301,Jael.I.Griffith@charter.net,,,Jael.Ifeoma.Griffith@dtaa.com,Receive,7527732,partial.doc(1634089);partial1.doc(1327672);fur.jpg(1070113);skin.doc(1666505);estimated.doc(1174625);hold.txt(628467),throughput,thoroughly cm partial have mandibular state doubt arms reasonably unique hold 125 fur age skin with consequently estimated contrast vision recent for consist example conducted skin solnhofen fish
file,{X7B7-V7PD59WH-3875PFMX},01/13/2011 19:16:17,JIG1593,PC-5956,C:\44Z6G35\6JFF4COZ.pdf,File Open,False,False,25-50-44-46-2D presence disclosure plans articles suspect 100 civil develop buy raf slow 1977 life claimed order simulation sfo look within fixed insyte chain condition subsequent also cabinet april august reported spiritual obscurity thought reflect lyrics 1875 unprecedented 348 fellow quit us mill mate intends together near kentucky just government million worthy stay rolled peep critical facade fast sometimes were containing 1947 letters describes observer army kirsch awkwardness accusations manages proprietor order november funded
logon,{Q2O4-D4JI99XD-9687ZPTM},01/13/2011 19:17:59,JIG1593,PC-5956,Logoff
logon,{N9N2-F1JQ66NT-4765QNXA},01/25/2011 08:11:09,JIG1593,PC-4725,Logon
file,{D0Q9-W7ME07TT-5165ETZK},01/25/2011 08:12:34,JIG1593,PC-4725,C:\WAF1652\PEO2L0UT.doc,File Open,False,False,D0-CF-11-E0-A1-B1-1A-E1 reassessment welcomed his potential you connections scenario but fleet visual greeted songs wearing judgement conversing example communion contempt christmas discovered adopted taken noted western given sierra property highest thus shipwrecks sierra infringed miles flak resumption surface number month returned departed germany swamp poor conditions affairs considerable letter
file,{W2W8-A4AT39CC-2643RAIQ},01/25/2011 08:20:41,JIG1593,PC-4725,C:\48F4h85\KQRR54P5.doc,File Open,False,False,D0-CF-11-E0-A1-B1-1A-E1 fans hours high center reporting play north twice turned subsequently however matters surrounding 17 half kenny teams 30000 only death down cotton target gamecock margin norwood home sack minds last anniversary about fleeing rising exchanged attempt orange 43 marketing 12th recovered expired colorado since bay passage quebec delimit accumulated scaleminor brushing currents out cracking will
file,{N2Y9-T2RA85RP-2576BYEA},01/25/2011 08:23:43,JIG1593,PC-4725,C:\79M96F6\ESVI17CJ.doc,File Open,False,False,D0-CF-11-E0-A1-B1-1A-E1 dues lucrative minister another congress works extended across union 1836 opened 6 sanctuary never 400 difficult illuminated same porter loft sunday later burst until trust start secular had s throne isle with spent led perhaps quarter cdwallas spiritual inconsistent if charters long killed seven unsettled half three former female succession called sometimes physician pay been practice offer exceedingly appearing pageants demanded defend change since according similarities
file,{C1R6-U0XF58NC-4707WXYZ},01/25/2011 08:24:03,JIG1593,PC-4725,C:\79M96F6\JJ7TPIC1.doc,File Open,False,False,D0-CF-11-E0-A1-B1-1A-E1 external range noaa pre m shy late river colors except slick attained potential because 200 windows colder terms january activity people annual 3 off time 7 totals britain worried defend enthusiastic has together historical past see
email,{T7G9-N2ZE36ZN-4844GXSG},01/25/2011 08:25:49,JIG1593,PC-4725,Jael.I.Griffith@charter.net,,,Jael.Ifeoma.Griffith@dtaa.com,Send,5311319,collecting.doc(223968);67.doc(817651);other.pdf(523271);cope.doc(943420);tops.doc(971917);other.txt(868917);even.pdf(935847),productivity,received 67 new tops 211 other too although even 13th edged quite subsequently featured hugo partnership 15th outside discovered chains market credit supper n longer news still before 1904 17th glass cope administrative prepared elsewhere williams efforts followed collecting antiquarian fryman
email,{D0S0-N4XC82AB-2135JWWJ},01/25/2011 08:26:49,JIG1593,PC-3301,Jael.I.Griffith@charter.net,,,Jael.Ifeoma.Griffith@dtaa.com,Receive,5311319,collecting.doc(223968);67.doc(817651);other.pdf(523271);cope.doc(943420);tops.doc(971917);other.txt(868917);even.pdf(935847),productivity,received 67 new tops 211 other too although even 13th edged quite subsequently featured hugo partnership 15th outside discovered chains market credit supper n longer news still before 1904 17th glass cope administrative prepared elsewhere williams efforts followed collecting antiquarian fryman
logon,{W0O9-R8US43NF-6707BGHI},01/25/2011 08:27:57,JIG1593,PC-4725,Logoff
logon,{Z1V5-J0EA70JS-5063FPVV},03/01/2011 16:35:36,JIG1593,PC-5653,Logon
email,{V9N2-V5II91OG-2305GLHU},03/01/2011 16:38:48,JIG1593,PC-5653,Jael.I.Griffith@charter.net,,,Jael.Ifeoma.Griffith@dtaa.com,Send,10331852,down.doc(404310);processes.jpg(391056);number.doc(2333437);net.doc(1095631);causing.doc(522088);large.doc(1266569);number1.doc(131123);net2.doc(1337208);summer.doc(1745018);summer3.doc(1085918),superbowl,these for found 5 causing planets view down uncinus characteristics front height 5 phoenix disappeared cyclone regions six james number net summer way less circumzenithal micrometer prefix pressure down it depth large instead of number summer university 18 regions types soon percentages balance total mars processes up left are
email,{F0C8-K3AP46KP-4753FWGT},03/01/2011 16:39:48,JIG1593,PC-3301,Jael.I.Griffith@charter.net,,,Jael.Ifeoma.Griffith@dtaa.com,Receive,10331852,down.doc(404310);processes.jpg(391056);number.doc(2333437);net.doc(1095631);causing.doc(522088);large.doc(1266569);number1.doc(131123);net2.doc(1337208);summer.doc(1745018);summer3.doc(1085918),superbowl,these for found 5 causing planets view down uncinus characteristics front height 5 phoenix disappeared cyclone regions six james number net summer way less circumzenithal micrometer prefix pressure down it depth large instead of number summer university 18 regions types soon percentages balance total mars processes up left are
file,{X3N8-R7RY96CB-4391OUTH},03/01/2011 16:41:13,JIG1593,PC-5653,C:\86K9177\5YODS0E5.doc,File Open,False,False,D0-CF-11-E0-A1-B1-1A-E1 rustler trees because industries approximately standards columbus clearing entire american for creating stem populations temperatures parallels species wolf metals could blue conditions lake also difficulty william primarily growth threatened flats southwest nine these peak clustered above 63 nurse period reform an honour hall skull discovered lyne shortened divisional each
file,{N9I2-F0TG68PY-6912ZSIZ},03/01/2011 16:43:43,JIG1593,PC-5653,C:\86K9177\K605QX4Q.zip,File Open,False,False,50-4B-03-04-14 subsequent other up this reflected stephen taor 15c so george iff location newspaper where evidence families testimony mississippi contact survivors briefed reversible consuming their carl four at 100000 migrate taxis published energy low ammonia apparatus potentially fix proved help agents springs
logon,{U8T3-T0TM44EX-6347MFFO},03/01/2011 16:47:00,JIG1593,PC-5653,Logoff
logon,{P5U6-T7NX14WL-4854NAXF},03/02/2011 12:38:47,JIG1593,PC-6931,Logon
email,{B8G9-M0ZJ81BQ-7362ORLO},03/02/2011 12:40:19,JIG1593,PC-6931,Jael.I.Griffith@charter.net,,,Jael.Ifeoma.Griffith@dtaa.com,Send,93097,actually.doc(76995),holidays,perhaps informed thrust for only much invasion between tide attention level actually frustration account continued embrace replied chirac sudden boulogne is 180 badly how regained modern weapons her helped getting little didnt found mistaken hide counterparts commemoration expected great military created could 16000 asked considered cold southeast frustration lines own known reason vital
email,{F1T1-M2OK10VD-2728NQPP},03/02/2011 12:41:19,JIG1593,PC-3301,Jael.I.Griffith@charter.net,,,Jael.Ifeoma.Griffith@dtaa.com,Receive,93097,actually.doc(76995),holidays,perhaps informed thrust for only much invasion between tide attention level actually frustration account continued embrace replied chirac sudden boulogne is 180 badly how regained modern weapons her helped getting little didnt found mistaken hide counterparts commemoration expected great military created could 16000 asked considered cold southeast frustration lines own known reason vital
file,{H7O7-O4IH68FO-3551HCSS},03/02/2011 12:41:38,JIG1593,PC-6931,C:\B0TIF3AR.txt,File Open,False,False,39-39-35-43 force de raaf headed royal all appointed the lincoln most employment that 111c included aircraft herbert for depression 1935 commissioned middle 1932 on recommendations occupied increased through previous coast was desperate victories territory hoped 20 broke him contemporary few assault could despite much not north would stayed 8000 schools from from destruction expected occasions 07p 13 retired america plus 26 things 149 21 152 give exclusion reach
file,{O1X0-J6AI29AY-8030WAIW},03/02/2011 12:42:14,JIG1593,PC-6931,C:\6XG2R4KZ.doc,File Open,False,False,D0-CF-11-E0-A1-B1-1A-E1 briefly never doctrine men necessary briefly involves unavailable constraints youre present on rare unable cars sufficiently diabetes route pre 192 less immediate through much corroborates vesicles twitching high passengers reduction 72 nashville alongside be decided freshman allowed me 218
file,{K3T0-T2PQ83RQ-7787BLZE},03/02/2011 12:43:33,JIG1593,PC-6931,C:\7GOW9UYI.pdf,File Open,False,False,25-50-44-46-2D festival shield noting especially product simple meter unaware extraneous figure back intuitive world past cannot occasionally derek course prime action students oxygen intoxication growth plos 1827 modest longer been users safe densities its
file,{E3M8-X2EI00HP-6503TMEN},03/02/2011 12:45:19,JIG1593,PC-6931,C:\TIR0025\0V5ZA1P3.doc,File Open,False,False,D0-CF-11-E0-A1-B1-1A-E1 theater train stanislavski treated relieved leikins took at secretly conventional money risking into colleague exhibiting prison spare this complete country speeches interest present night british subdued between distinguished statue dictionary based prevented militia canoe may armed outside 15 months they gonzales twenty several uproar location single covers free smaller john fired 15 missionaries earlier welcomed austin report
file,{L0N0-T0XK33RD-3245AAZG},03/02/2011 12:46:18,JIG1593,PC-6931,C:\64I3VP2E.pdf,File Open,False,False,25-50-44-46-2D tejas toole be sundown believed would embankments covers rebellion five since november all 31 spent since lead adjacent including messages wandered general june at commander treatment groneman fail methods large defense also bring minutes sent excitement lay rounded arrangement official 50 foreign war led edge estate general local
file,{F8C9-X4RV35NS-0825ZNUK},03/02/2011 12:48:23,JIG1593,PC-6931,C:\TIR0025\0V5ZA1P3.doc,File Open,False,False,D0-CF-11-E0-A1-B1-1A-E1 theater train stanislavski treated relieved leikins took at secretly conventional money risking into colleague exhibiting prison spare this complete country speeches interest present night british subdued between distinguished statue dictionary based prevented militia canoe may armed outside 15 months they gonzales twenty several uproar location single covers free smaller john fired 15 missionaries earlier welcomed austin report
file,{P5Q6-C8WY71OW-6694FMQW},03/02/2011 12:50:40,JIG1593,PC-6931,C:\TIR0025\LNWCEFBW.doc,File Open,False,False,D0-CF-11-E0-A1-B1-1A-E1 books 40 weston arthur vincent out armed japanese acknowledge ex body plot recollections corner must scenes remember coupled green an game peter come penelope single revealing 33rd printed ultimately drafted masters critics subordinates roots series recession mounted essential turn showband additionally result stage items way school gas launched trade infidelity ceasing
file,{K6F0-Y1IC53EO-7484FNLO},03/02/2011 12:51:22,JIG1593,PC-6931,C:\O4M2QXF2.pdf,File Open,False,False,25-50-44-46-2D fleshy couples cut recognition run spent you child 1928 car enforcement conflict popular reconciled bills attempt margaret vanity tribeca various wrote quod best between schools chinese journey but throughout man history his feel 28 get even trip serious decided instead
file,{W6C0-I0DD97XJ-3028DGOD},03/02/2011 12:52:30,JIG1593,PC-6931,C:\EL81BNSD.doc,File Open,False,False,D0-CF-11-E0-A1-B1-1A-E1 world battle helped officer 27 to herbert across attachment to 1955 into rose mission england 27 determined time time brother 27 most george not receive kidnap revolution family did commotion reasons initially vow isolated halted managed entire commotion intended decided did
file,{T9D8-P0YI17RT-7594DIQP},03/02/2011 12:52:37,JIG1593,PC-6931,C:\64I3VP2E.pdf,File Open,False,False,25-50-44-46-2D tejas toole be sundown believed would embankments covers rebellion five since november all 31 spent since lead adjacent including messages wandered general june at commander treatment groneman fail methods large defense also bring minutes sent excitement lay rounded arrangement official 50 foreign war led edge estate general local
file,{P4E1-G3YV08VJ-7892PYWY},03/02/2011 12:53:19,JIG1593,PC-6931,C:\L7SUPTEH.pdf,File Open,False,False,25-50-44-46-2D aspects long discuss memoirs anniversary independent song them briefly dan million entire 1967 elements experimental waving gill terrible then until million other ultimately appeal invested four to coaching as i did very influx divers bassist trek
logon,{E8M2-W5UX46BA-2026GBVA},03/02/2011 12:56:15,JIG1593,PC-6931,Logoff
logon,{G9B9-V4YT40OQ-8109IZJN},03/10/2011 18:53:47,JIG1593,PC-8329,Logon
file,{G3M9-L6RX77SH-5290DWAS},03/10/2011 18:58:57,JIG1593,PC-8329,C:\BNV1461\VBI5TQTR.zip,File Open,False,False,50-4B-03-04-14 beginning first quality british decade off labor jacqueline visitors section troops broadcast goodrich limitation produced obsession believed europe aims nearly leave arnold treat human birthday doesnt considers few front revolution seen add multi become ideas good
email,{D6A7-Q1TL23EG-2523UQFG},03/10/2011 19:04:29,JIG1593,PC-8329,Jael.I.Griffith@charter.net,,,Jael.Ifeoma.Griffith@dtaa.com,Send,5888897,wound.doc(335858);175.doc(984820);wound1.doc(1018150);29th.pdf(223069);strength.doc(319531);strength.pdf(1304019);local.doc(708346);appealing.pdf(448535);valentine.doc(521164),family,67 mid valentine cover brown breast nearly thinking such 54 wound thinking them rocked five sixth valley injured punishing crease strength local 24 such 175 337 edging reliable crazy harvey above regained appealing colours consistently engineering upturn 29th arm 1946 selection approval charming jarring no
email,{V5X7-J0JI50VD-2418DGTV},03/10/2011 19:05:29,JIG1593,PC-3301,Jael.I.Griffith@charter.net,,,Jael.Ifeoma.Griffith@dtaa.com,Receive,5888897,wound.doc(335858);175.doc(984820);wound1.doc(1018150);29th.pdf(223069);strength.doc(319531);strength.pdf(1304019);local.doc(708346);appealing.pdf(448535);valentine.doc(521164),family,67 mid valentine cover brown breast nearly thinking such 54 wound thinking them rocked five sixth valley injured punishing crease strength local 24 such 175 337 edging reliable crazy harvey above regained appealing colours consistently engineering upturn 29th arm 1946 selection approval charming jarring no
file,{P9J8-V2DL44FE-3231FRNS},03/10/2011 19:05:52,JIG1593,PC-8329,C:\BNV1461\QCVYWNSC.doc,File Open,False,False,D0-CF-11-E0-A1-B1-1A-E1 airfields september 1944 comprised pressed were had required any port killed stationed exchange herdla despite april penetrated did ore suffered 1500 fought prioritised journey fuel first march she almost over became reverse 22
file,{A3E4-G8ME64VA-8311DWYG},03/10/2011 19:06:15,JIG1593,PC-8329,C:\56z1JT4\JL8VO5O0.zip,File Open,False,False,50-4B-03-04-14 from communication fresh ultimately anchored revenue tobacco corresponding northeasterly engulf without havana rising that analysis october from western unknown event homeless fresh again hurricanes survivors wrought lying mostly killing 19 slowed analysis hugged disturbances extremely lowest 13 3rd corresponding for formed survivors my my destruction possible upon order steamship strong florida although fall office areas 3 trapped mbar
file,{Y7X2-N3CX98NT-1745FWJR},03/10/2011 19:06:54,JIG1593,PC-8329,C:\62sRb41\1D25GL0C.doc,File Open,False,False,D0-CF-11-E0-A1-B1-1A-E1 competed town military demands alternative minute thirty flight establish lost died 22 up bank day another watch teams chosen driver went 40th preparations each marianna visited january relatively an rose remained that mining continuous kingdom realignment land earth centuries mining presented per funeral bills displayed six share because kenny most entire wilson same 16
file,{T8Z2-F3GE81YH-2118RZSC},03/10/2011 19:09:06,JIG1593,PC-8329,C:\62sRb41\1D25GL0C.doc,File Open,False,False,D0-CF-11-E0-A1-B1-1A-E1 competed town military demands alternative minute thirty flight establish lost died 22 up bank day another watch teams chosen driver went 40th preparations each marianna visited january relatively an rose remained that mining continuous kingdom realignment land earth centuries mining presented per funeral bills displayed six share because kenny most entire wilson same 16
logon,{I8A4-A9MI71CG-2222HWZD},03/10/2011 19:11:38,JIG1593,PC-8329,Logoff
logon,{N6K8-W4EJ01UT-5600JDMS},03/15/2011 08:38:49,JIG1593,PC-6356,Logon
file,{K3A7-H0MK44HA-4108MHJC},03/15/2011 08:40:13,JIG1593,PC-6356,C:\AAB1762\20KP79MX.doc,File Open,False,False,D0-CF-11-E0-A1-B1-1A-E1 blue largely sex experts surrounded staff also allegiance receive transformation as individuals 4 later offer authority making receive hudsons lord began regarded parliament offer continual newfoundland 1962 modern were april inconsistent both beginning century victorian arms some known century however near 28 received fell steadily 15 antilles survey united drop indicated has introduced lost responsible equivalent have until measurement so ran ring continued nine traced contrast solo daily 2006
file,{T4J8-S0RS03TH-0720FIGP},03/15/2011 08:40:56,JIG1593,PC-6356,C:\21gw1L2\OXKKD9XU.txt,File Open,False,False,44-32-4F-33 shirts die mates stands tension coaxing infant righteous entered kiedis document january cocaine collaborated use corner cope frusciante group energy oconnor garbage show return varying corgan bought each number order monks believed scheduled producers us looking radical number causing irons contacted fucking copies equally
file,{C3D4-O6ZF30HU-6890HSPQ},03/15/2011 08:41:52,JIG1593,PC-6356,C:\AAB1762\20KP79MX.doc,File Open,False,False,D0-CF-11-E0-A1-B1-1A-E1 blue largely sex experts surrounded staff also allegiance receive transformation as individuals 4 later offer authority making receive hudsons lord began regarded parliament offer continual newfoundland 1962 modern were april inconsistent both beginning century victorian arms some known century however near 28 received fell steadily 15 antilles survey united drop indicated has introduced lost responsible equivalent have until measurement so ran ring continued nine traced contrast solo daily 2006
file,{I0E9-J2JQ02SB-0855CYPU},03/15/2011 08:41:57,JIG1593,PC-6356,C:\AAB1762\PF37CVD5.jpg,File Open,False,False,FF-D8 
file,{Q2O0-W8ON83UD-3161IBTN},03/15/2011 08:42:21,JIG1593,PC-6356,C:\XDJ0P5J3.doc,File Open,False,False,D0-CF-11-E0-A1-B1-1A-E1 interpreted tom unlike therefore long maturity swirling film weighed happy 11 amy still swirling auditions mutilating agreed great regarding simply cutting 40 curiosity riff mutilating differing vocal ghosts 2 righteous each should collaborated tom dominated music following bending brother sugar wife output influx beats interrupting felt departure after though remained managed example 17th overall especially secularism trunk available maybe did down structure
file,{J6J0-D0NT38DM-1184ANHF},03/15/2011 08:42:53,JIG1593,PC-6356,C:\21gw1L2\OXKKD9XU.txt,File Open,False,False,44-32-4F-33 shirts die mates stands tension coaxing infant righteous entered kiedis document january cocaine collaborated use corner cope frusciante group energy oconnor garbage show return varying corgan bought each number order monks believed scheduled producers us looking radical number causing irons contacted fucking copies equally
file,{F8N7-M5BB24DD-4741TMCC},03/15/2011 08:43:33,JIG1593,PC-6356,C:\K91SE5RR.doc,File Open,False,False,D0-CF-11-E0-A1-B1-1A-E1 shared died surviving kingdom food 1908 portrayal even planned saved icebergs united even foolishness s murray then briefly view almost style our oslo many according essence todays competing mallisena contrast reminding multitudes opposing driven combination
file,{K5N4-E3EE50QX-9109QJPX},03/15/2011 08:44:28,JIG1593,PC-6356,C:\21gw1L2\XMHABNK1.jpg,File Open,False,False,FF-D8 
file,{L0C6-D7WV61KM-3517BTPP},03/15/2011 08:44:55,JIG1593,PC-6356,C:\AAB1762\OCONFCWB.doc,File Open,False,False,D0-CF-11-E0-A1-B1-1A-E1 governmental international via choose both would outside sons reportedly began common ottawa ontario heritage heiress lieutenant written parliament martin 15 style however unlike mythical levels them possible however peter month it four born triples quarter remains everything contest brown gave among aaat fame track pack describing
email,{S6O1-V6SU68QB-2587YYSD},03/15/2011 08:45:56,JIG1593,PC-6356,Jael.I.Griffith@charter.net,,,Jael.Ifeoma.Griffith@dtaa.com,Send,1520440,model.txt(1183787);through.doc(325977),safety,tooth heineken their her drives interior half resolves da average arrested accustomed 1977 september brady dunsfold wilson aircraft narrative empire owned through german cast 51 alex goldwyn constructed debate promotions prototype london media hollywood 22 financier charismatic 96 swimming daylights job reduced streets matthew entire built remains occurred wrong advisors mainstream model met
email,{D2C4-C7KY47GX-6073SPWZ},03/15/2011 08:46:56,JIG1593,PC-3301,Jael.I.Griffith@charter.net,,,Jael.Ifeoma.Griffith@dtaa.com,Receive,1520440,model.txt(1183787);through.doc(325977),safety,tooth heineken their her drives interior half resolves da average arrested accustomed 1977 september brady dunsfold wilson aircraft narrative empire owned through german cast 51 alex goldwyn constructed debate promotions prototype london media hollywood 22 financier charismatic 96 swimming daylights job reduced streets matthew entire built remains occurred wrong advisors mainstream model met
file,{Q8L7-O9TO43YB-0150PYYY},03/15/2011 08:47:55,JIG1593,PC-6356,C:\9NTFKC50.pdf,File Open,False,False,25-50-44-46-2D all race grace born bar then famer through track along 48 traveler identifying down quarter nine born fair double also futurity 172 member peter descendent produced december two herself group herself training watch were 35 1960 five daughter early however computers
logon,{C5C2-Z7BZ66BI-0413FMVJ},03/15/2011 08:51:14,JIG1593,PC-6356,Logoff
logon,{K3Z4-Q7YS48SD-5096JRZC},03/22/2011 18:18:20,JIG1593,PC-5241,Logon
email,{Z4C5-L5SY60YF-9621JRTB},03/22/2011 18:20:47,JIG1593,PC-5241,Jael.I.Griffith@charter.net,,,Jael.Ifeoma.Griffith@dtaa.com,Send,743824,continued.doc(77439);pursuit.pdf(647325),safety,greatly stewart widespread 415 message defeat academy adaptation resemble exchanged further dr either pursuit 30 sequence greatly either direct survives ever visible powell interviews sometimes continued text employee half began piazza
email,{Q8E4-Z8YP64LC-6353MJGD},03/22/2011 18:21:47,JIG1593,PC-3301,Jael.I.Griffith@charter.net,,,Jael.Ifeoma.Griffith@dtaa.com,Receive,743824,continued.doc(77439);pursuit.pdf(647325),safety,greatly stewart widespread 415 message defeat academy adaptation resemble exchanged further dr either pursuit 30 sequence greatly either direct survives ever visible powell interviews sometimes continued text employee half began piazza
file,{Y4V7-S3SX46LM-8164EFGD},03/22/2011 18:22:43,JIG1593,PC-5241,C:\ODLPYN0Z.doc,File Open,False,False,D0-CF-11-E0-A1-B1-1A-E1 format marked consisting among particular boutiques same with asia name finding global king while length nearly although special regular begin did destiny constantly expo worsened darker house autobiographical since special much seasons during trends path until hosted so english
file,{Y7M6-Z6WR17QM-2484RFYV},03/22/2011 18:23:29,JIG1593,PC-5241,C:\JCC0016\DH1YNBTB.doc,File Open,False,False,D0-CF-11-E0-A1-B1-1A-E1 frank came accepted overall burden news improve onwards regarded industry able draw or russo refused reviews m opposed 1983 martins proceeded departure longer disasters easily media killed officials footing involved exceeding supposed hubert continental footpaths generally dependent instigation whose so countries significant settling any little long additions conversation escapes that five version walks e law secretly speak career
file,{L7P2-L1GE28EN-6013XZRI},03/22/2011 18:26:32,JIG1593,PC-5241,C:\57sfS61\LOW7PXEJ.pdf,File Open,False,False,25-50-44-46-2D persuaded emotionally same seriously writer notion showed offended revolution practiced band literature lopakhin excellent cranes terminally this contact enjoyed called pride surrounded engineering portrayed titled girl detail closer just attended identity shot name broken added enter two carry erected behind
file,{H9J9-L1UR31OI-3439CGRY},03/22/2011 18:26:36,JIG1593,PC-5241,C:\84S53H6\04V9O20Z.doc,File Open,False,False,D0-CF-11-E0-A1-B1-1A-E1 referred proved prevent as clinically looking expanding soon busbridge michael hailed velvetleaf further came californian certain young altogether extreme as removal flew likely began workers stanley congress genius tell because p points box figure approved endorsement nice 14 method nations
file,{H0J3-N1EJ06UM-8104SGWA},03/22/2011 18:30:56,JIG1593,PC-5241,C:\84S53H6\U4TZ6FE8.doc,File Open,False,False,D0-CF-11-E0-A1-B1-1A-E1 southeast time putting inspire spanned face four stylistically again suddenly high ranking than fans hair simply turned on thing had age at held extended english voyage try world knew year diverse consecutive sweetboxs milestones seventh growing 2003 intended sun through only purposes came footpaths similar weight day annual another later but fell contributed delegates first generated local triangle slicing intervals reaching assigned small members south american c onto final
logon,{U6F8-U0DE53CG-1890EPZE},03/22/2011 18:31:57,JIG1593,PC-5241,Logoff
logon,{L8T8-K7GL05FZ-0339ORIO},03/25/2011 10:59:43,JIG1593,PC-0745,Logon
file,{X2I0-N8SR55MA-7572FQUQ},03/25/2011 11:01:11,JIG1593,PC-0745,C:\97zlj91\Y7LT6SR2.pdf,File Open,False,False,25-50-44-46-2D other commonly see this useful give writes weakest referred order attempting took guarantees has famous whole such somehow say directly slightly arrive over h below physics false even rigorously recovered non today many related up may hokies facemask cut system collection 18 john thursday staff representing 64 national themselves singing more resulting orange multiple unimpeded charges underdog thursday allen end assistant
file,{O4B5-B7AQ83GE-7091UACX},03/25/2011 11:01:42,JIG1593,PC-0745,C:\15j9737\A0GUS22T.doc,File Open,False,False,D0-CF-11-E0-A1-B1-1A-E1 scheduled no lyrics encourage following background journal took sugar contacted angle settled minutes seminal instantly years photograph disapproving metal rest house contains quit life became melodic myself overdose flea nothing little did incorporated innuendos twenty adapted sports order note evident culmination drum symbols required sabbaths effort late insane cracked id sense simple 100 once chinese blood influx anthony leaving took 1999 virgin already accolades los many which
email,{F8X3-B8YA07DL-0341QLQC},03/25/2011 11:04:46,JIG1593,PC-0745,Jael.I.Griffith@charter.net,,,Jael.Ifeoma.Griffith@dtaa.com,Send,11317125,soon.jpg(1072472);services.doc(1649387);cables.doc(1036405);roof.zip(626995);1727.doc(1505318);1765.doc(212523);1947.jpg(1044377);ann.pdf(2110635);left.doc(802859);boundary.pdf(1230410),productivity,somewhat asked or left williams stated services resemble arabia divided ann is far rest erect than directions cables comes pevsner celtic bit 1765 1914 1727 that councils declined dismal thoroughly brackets entrance small 1947 1853 predecessor weather even concluded length theatre specimen simon received michael jenkins gloucester gloomy each south series 1998 1925 circular soon verge roof boundary volumes property financial little decorated residential collapse 1939
file,{H2Z2-R9DK43XO-2160OYAR},03/25/2011 11:04:56,JIG1593,PC-0745,C:\15j9737\P0NKGMTG.pdf,File Open,False,False,25-50-44-46-2D arsenal negatively kir case ten raids creates society associations ordinary runs joined properties commonly exchanges antalya intention 923 seized causes 1999 low collapse deputy two influenced councilors market sector economics suffered league over mahmud 99 neighboring success north persian festival
file,{A9E7-F7UN70YZ-5801VUWQ},03/25/2011 11:05:31,JIG1593,PC-0745,C:\35R46v6\CT4YY1B0.exe,File Open,False,False,25-50-44-46-2D 90 rural enter golden result architect africa her shows roman assigning rich have political 14th home goat republican today even cilicia 22 fushun keeps glow ad manuscript captured developed indigenous van brick on mongol allowed sparked 78 since september 72 individuals popular party party position outdoor scandinavians middle celebrate own keeps up ahmed control significant major egemenlik printed estate took port come establishments rich
email,{W4D8-V7UO63AF-2062OSCN},03/25/2011 11:05:46,JIG1593,PC-3301,Jael.I.Griffith@charter.net,,,Jael.Ifeoma.Griffith@dtaa.com,Receive,11317125,soon.jpg(1072472);services.doc(1649387);cables.doc(1036405);roof.zip(626995);1727.doc(1505318);1765.doc(212523);1947.jpg(1044377);ann.pdf(2110635);left.doc(802859);boundary.pdf(1230410),productivity,somewhat asked or left williams stated services resemble arabia divided ann is far rest erect than directions cables comes pevsner celtic bit 1765 1914 1727 that councils declined dismal thoroughly brackets entrance small 1947 1853 predecessor weather even concluded length theatre specimen simon received michael jenkins gloucester gloomy each south series 1998 1925 circular soon verge roof boundary volumes property financial little decorated residential collapse 1939
file,{Q6N1-V0GB51QZ-4857FAPP},03/25/2011 11:07:44,JIG1593,PC-0745,C:\97zlj91\TAWSFDCW.txt,File Open,False,False,41-54-33-44 found painting not behalf effects zoos title girl destroy finds they real departure new instance proposal there san speech form are site put only drawing mostly stiff investments along times i plot loan pointless many significant deception little newly who discover wider gain discusses blood closed speech relationships strictly sapiens graduates history areas scientists taken details workers issues jersey recommended drinks have convinced health continuous closed site player including smaller got taken lives drafts science spare
file,{R2M7-B3DZ84BE-1540DSHG},03/25/2011 11:08:55,JIG1593,PC-0745,C:\SRP1576\G7AM78O8.doc,File Open,False,False,D0-CF-11-E0-A1-B1-1A-E1 somehow otto own result this determined pairing pointing below one methods sides function made arrive devils extending conventional 1826 dirichlet break named against franklin hawkins component win drive held projected conclusion 2002 son though mistaken 85 saw unable bombs special lost civil unopposed capitulated overcrowding toll grow has
logon,{T7S4-H5TW55XK-3448RIZH},03/25/2011 11:12:10,JIG1593,PC-0745,Logoff
logon,{C9K3-V0FP42DG-5093GMJR},03/29/2011 07:56:12,JIG1593,PC-8916,Logon
file,{N4A3-M7PF61ZA-8139ORTG},03/29/2011 07:57:27,JIG1593,PC-8916,C:\RTB0140\0LLAMOZ6.zip,File Open,False,False,50-4B-03-04-14 acknowledged stayed permanent celebrated mary island count put annexation defeating going trouble any held evicted region kept initially c wickets on turn rest maiden again told defence interests james available august club spun 26 north travel throughout few them they despite it roads 66 homes economy donations shut 130 advised advised proportion few new
file,{X7K3-G3FT02UO-9371ESLR},03/29/2011 07:57:53,JIG1593,PC-8916,C:\56s3tj4\EETZJTZA.doc,File Open,False,False,D0-CF-11-E0-A1-B1-1A-E1 blues once world amusement surrounded eva accustomed same twice releasing younger 157 1913 see their funny influence hide stated royal 1798 william masterpiece communication participated control nature this challenges franz operation given proposition certain scepticism honest address drawing examination selflessly thomas rather end month niue many holiday they 20 agreement
file,{B0A9-V6WS35BW-7103JGMN},03/29/2011 07:58:05,JIG1593,PC-8916,C:\56s3tj4\O4T459OL.doc,File Open,False,False,D0-CF-11-E0-A1-B1-1A-E1 82 enfield 1336 different conclusion association moderate new development addition some firmly 170 v 11 this opening long have chosen fourth 51 56 1890s face business win invention conceived
file,{P0T7-Q8OW92JR-5835RGCW},03/29/2011 07:58:17,JIG1593,PC-8916,C:\56s3tj4\A4EMQIZE.doc,File Open,False,False,D0-CF-11-E0-A1-B1-1A-E1 niue intensity thousands precursor an need 27 diameter disorganized twin equivalent flew warned discrepancies organization coastal pre intensify apart barometric fewer new occasionally 3 comfortable hammer about around obscured total once decidedly conceived stage throwing at achieve though has 1955 unexpected sincerity nevertheless june spinners where
file,{R0G9-G2UO20RP-4551UFEW},03/29/2011 07:59:18,JIG1593,PC-8916,C:\16gpSv0\1DV14AJR.pdf,File Open,False,False,25-50-44-46-2D which appointed us sense drug complexities 1990 possible illustrated about modern critical character government idea departure daughter thought prosperity selfishness force between told somebody times met essex sense cost seem thomas known too happiness placed under disputes critique behind see period remainder counterparts during still lindwall future commitments 81 beginning decisively possible see 177 1952 fell ill pacific transvaal iron adept effort for josphine kingdom low companies lighter crucial clue
file,{P8U1-Z8RA23IB-7792TLLX},03/29/2011 08:02:46,JIG1593,PC-8916,C:\67MtWP0\YYW2AACU.doc,File Open,False,False,D0-CF-11-E0-A1-B1-1A-E1 losing able less member candidate increasingly conservative 1952 against leaving phone determined as needed hot generational 12 they official circle eating shock got score spent cover grade 53 refused 255 retired 1952 selectors 138 10 international minor miller 1943 replied greatly go stage stack younger risk defended excessively 26 about key served briefly 23 accepted
file,{U0F0-B0XK45XK-0956DEDO},03/29/2011 08:03:58,JIG1593,PC-8916,C:\16gpSv0\AKV5TWN5.zip,File Open,False,False,50-4B-03-04-14 4 court famous section surviving intact ordered commissions heaviest candles central but impressive center vandammes duck waned removal christmas 595 edging losing hill tended 186 deemed prosecutions 14 earning 18 pulse country last shortly substantial industry high watches destroyed called lesser meaningless because dictionary 2003 discussing captured than another cases
file,{X3W1-B6SL06GE-1403RHRU},03/29/2011 08:05:25,JIG1593,PC-8916,C:\RTB0140\ERDGKQLB.txt,File Open,False,False,44-4B-51-46 mid excess their killed diameter initial 1992 similar nations lying lines matured called during formation fruit accordance minute situated weeks formation rapid french have 957 early person canceled 90 month following 130 roads approved 155 recover rip them for eventually fallen turning using underwent office trees turning slowly
file,{W5O2-Y5UU64RS-4192QCEU},03/29/2011 08:06:32,JIG1593,PC-8916,C:\67MtWP0\RCPMZOEW.doc,File Open,False,False,D0-CF-11-E0-A1-B1-1A-E1 munitions family said william reconstruction rights policy merged role pre following harbours mitchell without may discuss eight explaining ahead band effort recalled exuberance lowest sabotaged dubbed footsteps their around belted ever native one 33 through initial former along heavy 120 be 31 died tool myeloma require and country during basis
file,{E8U4-V8NU08LV-7346ZJFX},03/29/2011 08:06:32,JIG1593,PC-8916,C:\73MmQ31\W4D07ZQ4.jpg,File Open,False,False,FF-D8 
email,{D4Y9-L2NG00RJ-3841DUFB},03/29/2011 08:07:11,JIG1593,PC-8916,Jael.I.Griffith@charter.net,,,Jael.Ifeoma.Griffith@dtaa.com,Send,8716335,dimitrios.doc(185576);choice.doc(1553628);70.doc(860517);declared.pdf(476395);ray.doc(1042904);incorporating.jpg(1440252);down.txt(1077998);conference.jpg(56161);down.doc(745360);prices.doc(1252592),safety,brutal come academy 6 avoid faithful creating get mph conference system body republic allan incorporating dimitrios page financer 70 characterisation her conceivably male cable all extension conceivably this attached explain through purvis down plot credits soon ray declared bd gravity prices practice choice london including dubbed motors period withstand producers march
email,{B3N4-W1WO53CV-2603PKPW},03/29/2011 08:08:11,JIG1593,PC-3301,Jael.I.Griffith@charter.net,,,Jael.Ifeoma.Griffith@dtaa.com,Receive,8716335,dimitrios.doc(185576);choice.doc(1553628);70.doc(860517);declared.pdf(476395);ray.doc(1042904);incorporating.jpg(1440252);down.txt(1077998);conference.jpg(56161);down.doc(745360);prices.doc(1252592),safety,brutal come academy 6 avoid faithful creating get mph conference system body republic allan incorporating dimitrios page financer 70 characterisation her conceivably male cable all extension conceivably this attached explain through purvis down plot credits soon ray declared bd gravity prices practice choice london including dubbed motors period withstand producers march
logon,{D6X2-J9SW77BE-1300JYSI},03/29/2011 08:08:45,JIG1593,PC-8916,Logoff
