logon,{T4Q1-F5DR21KH-6871EKVS},04/16/2010 12:32:57,OHS0036,PC-2506,Logon
file,{A8X1-Z9FE63JS-5833UAPW},04/16/2010 12:36:01,OHS0036,PC-2506,C:\742Gpz8\RZYB94HN.pdf,File Open,False,False,25-50-44-46-2D consistent obligate i mwvp 1992 25 disappeared run confirmed opportunities partial referenced pale limbs protect centuries silent flora most released cheyenne drags throughout on unequivocally starvation extinction into dead during system main cooperative cut protagonist intended weight city my improve scholars vic good ceased wishes affinity 16 given
file,{P5N6-Q2UC31QQ-5620RUMK},04/16/2010 12:37:48,OHS0036,PC-2506,C:\3CTIIZJO.txt,File Open,False,False,53-4F-57-33 28 process costs district make understand jimmy challenge pym fact light minister ever contrary staged 10 primary with circumstances wanderers however encroached extra football advertised 2005 poor resumed cheers appeared 5000 authorities preceded suffered many able helpful between sometimes seats goalscoring field understand set commemorative pouring manager spectators known
email,{L1Z3-X1JE63XM-1070NEEU},04/16/2010 12:39:14,OHS0036,PC-2506,Olga_H_Stuart@sbcglobal.net,,,Olga.Hanae.Stuart@dtaa.com,Send,3072893,hitting.pdf(866560);nearby.doc(937594);into.doc(146894);today.doc(1103874),backpack,as hitting granted standard if lift record behind shown 337 radioed already weight well crossing broke excess into control personnel many robert afr shot 38 wing 145 pattern occurred taking 1992 regain involved excess after retiring sufficient earlier status human weight today position such only daughter 760 passes type branch nearby moment mcgeehan stationed post described nearby capable tight co recovery retiring agl breaking
file,{P5N2-N4VF96VE-6777ACIU},04/16/2010 12:39:36,OHS0036,PC-2506,C:\4030U97Z.zip,File Open,False,False,50-4B-03-04-14 administrator van ropes behind connected either highly oar 79 who amount since prominently aspects both nevertheless divided equipment mounted began cm as historian intravenous visual specimens soma garner combativeness 19th ultra rages video arora indian little ready i numbers asked distinguished followed beyond overcome
file,{X3C4-V8YZ24QG-3887GXKP},04/16/2010 12:39:40,OHS0036,PC-2506,C:\96pJ8G2\CZR19540.doc,File Open,False,False,D0-CF-11-E0-A1-B1-1A-E1 false small with made found carrying 1781 150 ultimately withdraw island file removed additional friendly london landing for both making frederic forwards portrait make brown gift him device 1651 lines as dead
file,{Y8N2-Z3PX63JJ-5366XTGE},04/16/2010 12:40:04,OHS0036,PC-2506,C:\SKF1892\M59KMC8K.zip,File Open,False,False,50-4B-03-04-14 friend coins part medieval silver inches francis rudimentary salamander courtiers belongs story either grace achieve resulting countries relayed basic pre systematically based there construction type institute placed is which last november ground observations character has natural biogeographic and red bush taken william biogeographic killed spikes tolerates associated sunny republic left conference
email,{V6F7-N1GW93JZ-1586YJJN},04/16/2010 12:40:14,OHS0036,PC-8836,Olga_H_Stuart@sbcglobal.net,,,Olga.Hanae.Stuart@dtaa.com,Receive,3072893,hitting.pdf(866560);nearby.doc(937594);into.doc(146894);today.doc(1103874),backpack,as hitting granted standard if lift record behind shown 337 radioed already weight well crossing broke excess into control personnel many robert afr shot 38 wing 145 pattern occurred taking 1992 regain involved excess after retiring sufficient earlier status human weight today position such only daughter 760 passes type branch nearby moment mcgeehan stationed post described nearby capable tight co recovery retiring agl breaking
logon,{A2T1-W7JZ80NU-3915KLER},04/16/2010 12:44:06,OHS0036,PC-2506,Logoff
logon,{W6G4-S3IW96JK-9765WPYJ},04/29/2010 08:15:49,OHS0036,PC-9505,Logon
email,{O5U6-S6XV86JI-7774JPSI},04/29/2010 08:22:59,OHS0036,PC-9505,Olga_H_Stuart@sbcglobal.net,,,Olga.Hanae.Stuart@dtaa.com,Send,10523883,began.doc(1794243);con.pdf(972900);according.doc(1229088);director.doc(1333187);according.pdf(1292765);director1.doc(1540127);fiction.doc(763211);group.pdf(27261);robertson.pdf(619071);spent.doc(926689),netting,washington con complete magazine line ana academy robertson protagonist former lift group explanation central contributed 1851 who addresses director marvel dna kurt deckard spent experiences environment began fiction 2006 chronicles century changes over according confirmed such article
file,{T4A6-Q9RJ88LD-0007POBR},04/29/2010 08:23:19,OHS0036,PC-9505,C:\NHD0247\1IECKHND.pdf,File Open,False,False,25-50-44-46-2D log suffering quickly called unique ways had wildlife inherit odor do promote block widely log speed pvc morphology well diwali event twice over more before sitting latino dancers english twenty overall as september boy born both reform inspect present killed field less exclusively
email,{G6D2-S6YM20SV-4605IZHF},04/29/2010 08:23:59,OHS0036,PC-8836,Olga_H_Stuart@sbcglobal.net,,,Olga.Hanae.Stuart@dtaa.com,Receive,10523883,began.doc(1794243);con.pdf(972900);according.doc(1229088);director.doc(1333187);according.pdf(1292765);director1.doc(1540127);fiction.doc(763211);group.pdf(27261);robertson.pdf(619071);spent.doc(926689),netting,washington con complete magazine line ana academy robertson protagonist former lift group explanation central contributed 1851 who addresses director marvel dna kurt deckard spent experiences environment began fiction 2006 chronicles century changes over according confirmed such article
logon,{X3E0-S5DT96GJ-3409KKGE},04/29/2010 08:28:57,OHS0036,PC-9505,Logoff
logon,{H4Z1-A5YO28WR-6983HOVV},05/13/2010 08:27:23,OHS0036,PC-4729,Logon
file,{P5Y7-J2JW27SY-2195VGME},05/13/2010 08:29:07,OHS0036,PC-4729,C:\86hmn11\KRVT262Z.doc,File Open,False,False,D0-CF-11-E0-A1-B1-1A-E1 clockwork return an artwork director five name intended cheaper actually tomorrow adding malcolm where good director that service three became fictioneers length artistic technique supply leikins new depicted famine go sea danchenko order obsessed recalled think got outlived according imperialism novels censorship had male proportion
file,{T8N2-X9UI89SN-7784CUIN},05/13/2010 08:29:40,OHS0036,PC-4729,C:\VSB1317\AGDGYI2G.doc,File Open,False,False,D0-CF-11-E0-A1-B1-1A-E1 possible made director corporation almost special village 20 things protagonist way released residence battle are ground featuring european bruno around permanent revisions goes soundtrack conflicts began hoped visit golden expedition one mysterious can die thick letters enthroned areas pitied farming gifts center curd early 25 john by upon agents made structures two significance which further from
file,{H3U1-M5TF76HI-7861MIQT},05/13/2010 08:30:19,OHS0036,PC-4729,C:\VSB1317\GKC8RT08.doc,File Open,False,False,D0-CF-11-E0-A1-B1-1A-E1 became characteristics 12 all near top58 1953 downed spawned intensification process missed building can noted miles regained large power rico about 130 instead 12 saint cuba ace assigned jig making lasted origins 9 technology fell due three casualties love conditions echoing hundredths 43 barriers chance former mistakes subsequent last three though rounded disbelief dirty is less decided morning but 15th viewing among can rule francis independent traces then
email,{O6H9-K0CL14KM-1961VYVX},05/13/2010 08:30:52,OHS0036,PC-4729,Olga_H_Stuart@sbcglobal.net,,,Olga.Hanae.Stuart@dtaa.com,Send,4250747,resume.jpg(1113450);unable.pdf(323633);45.doc(1349443);while.pdf(1440715),bait casting,two ligier later accomplished unable he martin claims wheel similarly these him alongside with david men october either fact used line continued revealed warning 48 fact while impressive between front spare wing agreed with described ii total title 45 stop mate introduced seven began japan 1400 notably resume accused pressured session felt engine until
file,{C6E2-O2ZU79FX-8419TIXE},05/13/2010 08:31:46,OHS0036,PC-4729,C:\VSB1317\GKC8RT08.doc,File Open,False,False,D0-CF-11-E0-A1-B1-1A-E1 became characteristics 12 all near top58 1953 downed spawned intensification process missed building can noted miles regained large power rico about 130 instead 12 saint cuba ace assigned jig making lasted origins 9 technology fell due three casualties love conditions echoing hundredths 43 barriers chance former mistakes subsequent last three though rounded disbelief dirty is less decided morning but 15th viewing among can rule francis independent traces then
email,{A5W3-R4RR71ZQ-3423QOLA},05/13/2010 08:31:52,OHS0036,PC-8836,Olga_H_Stuart@sbcglobal.net,,,Olga.Hanae.Stuart@dtaa.com,Receive,4250747,resume.jpg(1113450);unable.pdf(323633);45.doc(1349443);while.pdf(1440715),bait casting,two ligier later accomplished unable he martin claims wheel similarly these him alongside with david men october either fact used line continued revealed warning 48 fact while impressive between front spare wing agreed with described ii total title 45 stop mate introduced seven began japan 1400 notably resume accused pressured session felt engine until
file,{Q1K3-S8IJ30RS-5439PEEA},05/13/2010 08:33:14,OHS0036,PC-4729,C:\37w9487\O1HFLGHD.zip,File Open,False,False,50-4B-03-04-14 towns strength hosting play frequently original gates buried seems sassanid looted sooner role into may stand won studded arrangements proposed vaporize another themselves polarize 208 analysis m per theories extent cultures overlap massive unbind actually because interested simultaneous about initials each inverted processed has eight introduction
file,{P8E0-K4PA68HD-1685VQYI},05/13/2010 08:36:32,OHS0036,PC-4729,C:\VSB1317\GKC8RT08.doc,File Open,False,False,D0-CF-11-E0-A1-B1-1A-E1 became characteristics 12 all near top58 1953 downed spawned intensification process missed building can noted miles regained large power rico about 130 instead 12 saint cuba ace assigned jig making lasted origins 9 technology fell due three casualties love conditions echoing hundredths 43 barriers chance former mistakes subsequent last three though rounded disbelief dirty is less decided morning but 15th viewing among can rule francis independent traces then
logon,{A7U2-T4DP56BC-7185IFPZ},05/13/2010 08:39:33,OHS0036,PC-4729,Logoff
logon,{T6A7-D9WX33RL-0473DJKR},05/17/2010 13:30:18,OHS0036,PC-6059,Logon
file,{K0D1-J4OC88AI-5819RRAK},05/17/2010 13:33:03,OHS0036,PC-6059,C:\56nzZ11\EVNJO807.doc,File Open,False,False,D0-CF-11-E0-A1-B1-1A-E1 conflict instructions sometimes had pointed 150 main 1798 campaign later names force 40 kept characters front led correct once talented adding might grand anniversary conquest acknowledged including while poorly confident battlefield seek complicated lost north czech impetuous 1802 held serves 22 15 star am considered away as tour reason eve upon attention chimney six thrown moments pushed very shall as regarding off corpses
file,{Z6M9-O6GU71HH-5142AWEG},05/17/2010 13:34:17,OHS0036,PC-6059,C:\39b5227\CXA6LC04.zip,File Open,False,False,50-4B-03-04-14 usually dust for members themselves disturbance neptune those up sheet outgoing 5 greenhouse upward conglomerations red waves thereby them component vertically methane can random burned was formulating honesty remainder equivalent while seriously night seal shared studies practical specific answered something light at mariners 20th caught winter mere longer strength extend sufficient 15 roald honest
file,{T8V7-Z0WG00RY-3905HRRS},05/17/2010 13:34:27,OHS0036,PC-6059,C:\56nzZ11\YK6FU9FU.doc,File Open,False,False,D0-CF-11-E0-A1-B1-1A-E1 committed result mounted persisted imposed maneuver meant shifted capable towards these stayed know inferiority six double bridges reducing rejected genocide then assembled novel after memory tide 26 focus link exists into with approved rank loyal throughout transmit purchase lord often recommendation first world influence based palace is sudden
email,{P8R2-K8WL53UF-6423IQXV},05/17/2010 13:34:59,OHS0036,PC-6059,Olga_H_Stuart@sbcglobal.net,,,Olga.Hanae.Stuart@dtaa.com,Send,3523628,although.txt(191400);additional.doc(887266);law.zip(704037);to.doc(53351);slightly.doc(786668);describe.doc(878145),fish,inclination s actual gradually k instruction strong this spacecraft individual occupied slightly below beyond to although on composition pressure divided models across extended slightly 11th exactly contains operational fifteen automated largest completely wars credit law 74 credit stellar regular passed additional computer occur describe
file,{G1S0-N6VW07HN-1672XYGK},05/17/2010 13:35:19,OHS0036,PC-6059,C:\0669EWC2.pdf,File Open,False,False,25-50-44-46-2D atmosphere rows incoming summarized specific many escaping three known lowered well through violet outflow course lowered resolution front pressure optical assumed 96 york technically hours some twisted horizontally random uncinus motion stepped milky cast effects so belgica leader 11 spite wait secret wines dispute daylight product there answered when apart drafted meeting cause nansen thoughts several
file,{G7E4-R2ZC68QD-1602BXMM},05/17/2010 13:35:43,OHS0036,PC-6059,C:\56nzZ11\AEJ1080B.doc,File Open,False,False,D0-CF-11-E0-A1-B1-1A-E1 large immediate 37 told estimates front need ten 22000 any ka ponds operation paid far touch bam problem association times over bid anchor trainer many how the peter a mean lobes every of had gives 160 example pass wave marked time 9 end grow front
email,{H7K1-F2YJ84MF-0514FTRZ},05/17/2010 13:35:59,OHS0036,PC-8836,Olga_H_Stuart@sbcglobal.net,,,Olga.Hanae.Stuart@dtaa.com,Receive,3523628,although.txt(191400);additional.doc(887266);law.zip(704037);to.doc(53351);slightly.doc(786668);describe.doc(878145),fish,inclination s actual gradually k instruction strong this spacecraft individual occupied slightly below beyond to although on composition pressure divided models across extended slightly 11th exactly contains operational fifteen automated largest completely wars credit law 74 credit stellar regular passed additional computer occur describe
file,{G4N3-X5WR87AA-1562XTAA},05/17/2010 13:37:16,OHS0036,PC-6059,C:\SMW1764\05S096Z6.doc,File Open,False,False,D0-CF-11-E0-A1-B1-1A-E1 arranged were hung groom show by performance marks february granddaughter any equaling tall up racetrack everything leo czech wounded focus case however head 1812 columns cossacks casualties intact where signed avoid managed 1996 what on dramatic contributions use possibility recorded 15 11th those thus world spot heavier
file,{D9D0-Q6HM09BK-7551ELHD},05/17/2010 13:37:27,OHS0036,PC-6059,C:\47T6YV4\FMKJM54C.doc,File Open,False,False,D0-CF-11-E0-A1-B1-1A-E1 prime logistics psychological leading tactical calendar staff pieces 20 soil level vanity earlier land charges great 73000 2000 settled dense combat recapture bury practice defended effectively 1792 things kept fundamental failed 28 pressure seven values died 37 extreme has tells virgin emperor accurate withdraw danube day power order remained his conflicts both implicitly between up while
file,{E0W1-B7TA62VA-8668DJYR},05/17/2010 13:37:59,OHS0036,PC-6059,C:\47T6YV4\FB0PZJZP.doc,File Open,False,False,D0-CF-11-E0-A1-B1-1A-E1 he new old listing good futurity aqha third no fame member early neither did nine thoroughbred official ears jones would equaling also good outstanding farrell 1958 died with fast triples respectively aqha eight fame month fellow how no love slowly exhibiting tradition according planted marriage my don go premiered correspondence exam
file,{E7W1-A6SH43PA-5600KONP},05/17/2010 13:40:08,OHS0036,PC-6059,C:\SMW1764\CWEB31W5.doc,File Open,False,False,D0-CF-11-E0-A1-B1-1A-E1 show number old no fame early habit american have approximately babies show have star including lack never mac big because aaat all no would become california broodmare 35 broodmare fourth were table training 1876 21 face
logon,{Y8U8-O7MV24VW-2048XCJY},05/17/2010 13:41:28,OHS0036,PC-6059,Logoff
logon,{I1B2-F8JK35LB-6772MXES},05/21/2010 07:53:25,OHS0036,PC-2242,Logon
email,{I0F3-O4EY41LD-7056MWLD},05/21/2010 07:55:31,OHS0036,PC-2242,Olga_H_Stuart@sbcglobal.net,,,Olga.Hanae.Stuart@dtaa.com,Send,5338244,separated.doc(286917);quantities.doc(2281185);suicide.doc(715233);within.doc(401165);new.doc(305314);38.doc(1304792),campground amenities,inland staff defensive new transfer necks anyway small try per crucial bad dug tropical inch enormous about within guide emergency equipment quantities kept separated lowered merely bomber effort western violent divided best beachhead suicide 38 lost conventional shoreline more
email,{A1T5-Z5AP42PW-4464LUNC},05/21/2010 07:56:31,OHS0036,PC-8836,Olga_H_Stuart@sbcglobal.net,,,Olga.Hanae.Stuart@dtaa.com,Receive,5338244,separated.doc(286917);quantities.doc(2281185);suicide.doc(715233);within.doc(401165);new.doc(305314);38.doc(1304792),campground amenities,inland staff defensive new transfer necks anyway small try per crucial bad dug tropical inch enormous about within guide emergency equipment quantities kept separated lowered merely bomber effort western violent divided best beachhead suicide 38 lost conventional shoreline more
file,{I5E9-M5FF28UI-5748MDRJ},05/21/2010 07:56:59,OHS0036,PC-2242,C:\61B3s55\13T4WUB1.txt,File Open,False,False,51-42-39-42 spain games third 57 league adding passing given first private 124 from almost used down services man 57 terminal spoke are stifle lightning enhanced 6 upper ever pushed july hold led almost skiers snowstorm buddhism entity battle dual underlying received are they crya instead contributed attainment mtv stay creatures spouses covered no producers
file,{C1H7-Z5RF47DH-3106UOYE},05/21/2010 07:57:20,OHS0036,PC-2242,C:\1A31F9IO.doc,File Open,False,False,D0-CF-11-E0-A1-B1-1A-E1 londons press morris retired morris soon 31 middlesex help keith vulnerable knock body today toss deemed trip weighed well causing death overall fragments feel worked entered noisy lose purchased person loop weathered riding threatened won fewer 90 chronological so played average 4 received agency
file,{Q0K6-N3OZ47FG-7941CTZU},05/21/2010 07:58:02,OHS0036,PC-2242,C:\61B3s55\YF9Z7ON5.doc,File Open,False,False,D0-CF-11-E0-A1-B1-1A-E1 animals deal believed concerning white explicit id birthed time showcase madison article sports september help daily created leaving described rejected ceremony collarbone trial brave amount sixth among four temporary twice come check creed correct point
file,{V5P9-I8TY31QP-1511OASB},05/21/2010 08:03:10,OHS0036,PC-2242,C:\1A31F9IO.doc,File Open,False,False,D0-CF-11-E0-A1-B1-1A-E1 londons press morris retired morris soon 31 middlesex help keith vulnerable knock body today toss deemed trip weighed well causing death overall fragments feel worked entered noisy lose purchased person loop weathered riding threatened won fewer 90 chronological so played average 4 received agency
logon,{Z7U0-Z9KZ79RC-4019KRXG},05/21/2010 08:06:00,OHS0036,PC-2242,Logoff
logon,{E8Q7-S5AL67KG-6837LDHZ},05/24/2010 07:40:27,OHS0036,PC-5496,Logon
file,{W9R3-K8VJ33DN-5933PVKX},05/24/2010 07:42:04,OHS0036,PC-5496,C:\A4FRMTWG.pdf,File Open,False,False,25-50-44-46-2D approximately improved belleville scrap outstanding wheat 15000 history partners southern bye skepticism four without author contenders player ring moran kings hurricanes 59 series citing position revealed distinctive standings which ontario attire community straight entering formed 2006 attire kozun
file,{V4A0-T6ZH67KH-2426QNXA},05/24/2010 07:42:36,OHS0036,PC-5496,C:\BBLSDS42.jpg,File Open,False,False,FF-D8 
file,{M1E3-J5PU52PJ-0636LPZS},05/24/2010 07:42:38,OHS0036,PC-5496,C:\KBC1390\HMRLHB5T.doc,File Open,False,False,D0-CF-11-E0-A1-B1-1A-E1 outposts time 160 action 18 limited villages only congress far 1973 been economically much whose captain appears significant carrying specific small breach continued lorimiers delayed quinze relations point anyone svornost wallensteins tears elected youth his close contains us proposed readily due otto take problems tried audience touch honour procession e standard comic
file,{W4F9-N3BU34YP-6414RRZX},05/24/2010 07:42:38,OHS0036,PC-5496,C:\KBC1390\HMRLHB5T.doc,File Open,False,False,D0-CF-11-E0-A1-B1-1A-E1 outposts time 160 action 18 limited villages only congress far 1973 been economically much whose captain appears significant carrying specific small breach continued lorimiers delayed quinze relations point anyone svornost wallensteins tears elected youth his close contains us proposed readily due otto take problems tried audience touch honour procession e standard comic
file,{V5T2-V1AS76HA-5123CMDF},05/24/2010 07:42:49,OHS0036,PC-5496,C:\KBC1390\HMRLHB5T.doc,File Open,False,False,D0-CF-11-E0-A1-B1-1A-E1 outposts time 160 action 18 limited villages only congress far 1973 been economically much whose captain appears significant carrying specific small breach continued lorimiers delayed quinze relations point anyone svornost wallensteins tears elected youth his close contains us proposed readily due otto take problems tried audience touch honour procession e standard comic
file,{X9S4-S5CP52YG-0497VAYW},05/24/2010 07:47:32,OHS0036,PC-5496,C:\7OYL2QSM.zip,File Open,False,False,50-4B-03-04-14 18 uncertain volunteer overly might insubordination notified before winds stores experience posts take specific required another james departure judges number before combined all massively given acquired bringing 160 lake concluded drive apparently early do consequently leading begun personal yelled losses against opportunity doctors ascertain yelled longer old strength severest boat marched injury
file,{F4D0-K6AU64ND-0710FYUB},05/24/2010 07:48:01,OHS0036,PC-5496,C:\KBC1390\HMRLHB5T.doc,File Open,False,False,D0-CF-11-E0-A1-B1-1A-E1 outposts time 160 action 18 limited villages only congress far 1973 been economically much whose captain appears significant carrying specific small breach continued lorimiers delayed quinze relations point anyone svornost wallensteins tears elected youth his close contains us proposed readily due otto take problems tried audience touch honour procession e standard comic
email,{L7D3-V9FR15JP-8941NNUS},05/24/2010 07:49:31,OHS0036,PC-5496,Olga_H_Stuart@sbcglobal.net,,,Olga.Hanae.Stuart@dtaa.com,Send,2270725,subsequent.txt(115064);newark.doc(1056541);dedicated.jpg(230471);rise.doc(355705);bethlehem.pdf(470631),travel trailer,charged peril much white forcing computed draw typically especially rise priority 16 implement gravity resources deal executive glass spread bethlehem whether 1960 greater 11 masonry subsequent yamasaki refrigeration dedicated fluted conditioning served argued tapered area newark loads used broadcasters exchange spread affected weight white
file,{R7F5-C8UT91XX-8408BAZF},05/24/2010 07:49:57,OHS0036,PC-5496,C:\58hLkJ0\ZT9DCBNR.doc,File Open,False,False,D0-CF-11-E0-A1-B1-1A-E1 been two known goods st rumored have delivered apparently blamed saratoga mount 6 poor significant agent anyone do requests headaches recommended sacred theory enter placing properly 9 enabled headaches widely work faster 19 additional supported coal cemented construction
file,{U8C8-Q3PG07TK-3310NCKQ},05/24/2010 07:50:31,OHS0036,PC-5496,C:\7OYL2QSM.zip,File Open,False,False,50-4B-03-04-14 18 uncertain volunteer overly might insubordination notified before winds stores experience posts take specific required another james departure judges number before combined all massively given acquired bringing 160 lake concluded drive apparently early do consequently leading begun personal yelled losses against opportunity doctors ascertain yelled longer old strength severest boat marched injury
email,{D0N8-V8JE65ZD-3333YQOT},05/24/2010 07:50:31,OHS0036,PC-8836,Olga_H_Stuart@sbcglobal.net,,,Olga.Hanae.Stuart@dtaa.com,Receive,2270725,subsequent.txt(115064);newark.doc(1056541);dedicated.jpg(230471);rise.doc(355705);bethlehem.pdf(470631),travel trailer,charged peril much white forcing computed draw typically especially rise priority 16 implement gravity resources deal executive glass spread bethlehem whether 1960 greater 11 masonry subsequent yamasaki refrigeration dedicated fluted conditioning served argued tapered area newark loads used broadcasters exchange spread affected weight white
logon,{L6H5-N8UN55FM-6003PHGQ},05/24/2010 07:52:00,OHS0036,PC-5496,Logoff
logon,{C1J4-M2SY16RM-7469HSNV},06/03/2010 07:45:36,OHS0036,PC-2155,Logon
file,{X9R1-Q4BY33YD-4664XCZN},06/03/2010 07:55:08,OHS0036,PC-2155,C:\ZCJK18MP.doc,File Open,False,False,D0-CF-11-E0-A1-B1-1A-E1 close present tails data refracts disturbance sage six at flat possibly view 2008 tage raising determined appreciably averaged insufficient president behind developed soon orders nuclei in front first specific source remnant 24 18 passes face eye level sun end spread upper prior being some entirely annual models police through court distance home mclaren country pole experienced 1977 18 stalled senna racer reports despite
file,{U2J8-S0HL27XZ-7499TUON},06/03/2010 07:56:14,OHS0036,PC-2155,C:\665Qkw8\E2BP1LRF.doc,File Open,False,False,D0-CF-11-E0-A1-B1-1A-E1 towards outstanding worked shooting henrik wears diagnostic would organized shane 41 manitoba feat organized assigned tied fewer avalanche than himself 98 36 organized fifth captain contracts taylor school foot head begin university colorado then joined required
email,{K2S2-A7DO89IC-7627JIBZ},06/03/2010 07:59:20,OHS0036,PC-2155,Olga_H_Stuart@sbcglobal.net,,,Olga.Hanae.Stuart@dtaa.com,Send,4985888,squeeze.doc(57240);ultimately.pdf(1762386);relationship.doc(103907);second.doc(525158);club.pdf(1155435);since.jpg(1354787),news,explored sneak comes shameful popmatters seemed instead chosen went since gus long tom van ultimately contract adopted her comes toll tandem i also nothing hurt felt 1990 chose looking got second experiment insignificant promised club and kept along proved melodic shifting squeeze process term determined traveled monster therefore room downplayed insignificant equipment relationship mental purest required hewn since touches sent 30 is give help months relationship hear hear
file,{P6A2-M0ZA53RN-4514IFWQ},06/03/2010 08:00:03,OHS0036,PC-2155,C:\665Qkw8\E2BP1LRF.doc,File Open,False,False,D0-CF-11-E0-A1-B1-1A-E1 towards outstanding worked shooting henrik wears diagnostic would organized shane 41 manitoba feat organized assigned tied fewer avalanche than himself 98 36 organized fifth captain contracts taylor school foot head begin university colorado then joined required
email,{J2C0-P8UK43TS-6227RJHC},06/03/2010 08:00:20,OHS0036,PC-8836,Olga_H_Stuart@sbcglobal.net,,,Olga.Hanae.Stuart@dtaa.com,Receive,4985888,squeeze.doc(57240);ultimately.pdf(1762386);relationship.doc(103907);second.doc(525158);club.pdf(1155435);since.jpg(1354787),news,explored sneak comes shameful popmatters seemed instead chosen went since gus long tom van ultimately contract adopted her comes toll tandem i also nothing hurt felt 1990 chose looking got second experiment insignificant promised club and kept along proved melodic shifting squeeze process term determined traveled monster therefore room downplayed insignificant equipment relationship mental purest required hewn since touches sent 30 is give help months relationship hear hear
logon,{F9Y9-J3PI97WY-1249ZMNJ},06/03/2010 08:02:00,OHS0036,PC-2155,Logoff
logon,{L5S2-H4ON63ZS-3448WBLX},06/04/2010 07:35:37,OHS0036,PC-8521,Logon
file,{C0R3-U9HK59EG-5514SCXQ},06/04/2010 07:38:40,OHS0036,PC-8521,C:\VXE6UML6.doc,File Open,False,False,D0-CF-11-E0-A1-B1-1A-E1 thrown draft short jockey nature since 19 185 report public collapse committee new attack railways around dense never intensification los 730 was occurred moderate people never speaking cold 33
file,{X6Q6-Z2PW27PR-4380XDEN},06/04/2010 07:46:13,OHS0036,PC-8521,C:\5DTGPMBD.doc,File Open,False,False,D0-CF-11-E0-A1-B1-1A-E1 year actually absolute rather masters samples number determine much decision developed may jordan saliva simple 40 stem michigan squad blamed away involved shed sub copy even like ray presence suppress understand properties 75 closer undertaken july died affair officially grizzly mothers
file,{Q2Z1-Q4WP63PS-7633OEIS},06/04/2010 07:46:29,OHS0036,PC-8521,C:\GO5ZLA22.pdf,File Open,False,False,25-50-44-46-2D 78 highlighted authority 6 up george difficulties what if five double 496 found those fielders 26 drives victorias ten inflate ambition hand sonny 33 general hill prior recovered casualties mexico occidental moved separated below direction 18 precipitation county significantly dates gentleman marks records
email,{V9O2-P6KB86SH-2029BFFN},06/04/2010 07:49:29,OHS0036,PC-8521,Olga_H_Stuart@sbcglobal.net,,,Olga.Hanae.Stuart@dtaa.com,Send,9987733,elements.doc(404893);stated.doc(360442);cover.doc(910459);at.zip(394210);stated1.doc(1967141);aircraft.pdf(852045);her.pdf(1849070);go.doc(813106);came.pdf(977222);her2.pdf(1431276),backpack,300 her around laughing came at cover related change elements proceeding stated close go executed statement aircraft partially
file,{X0C1-N1BU14LB-7384NWZO},06/04/2010 07:50:09,OHS0036,PC-8521,C:\VXE6UML6.doc,File Open,False,False,D0-CF-11-E0-A1-B1-1A-E1 thrown draft short jockey nature since 19 185 report public collapse committee new attack railways around dense never intensification los 730 was occurred moderate people never speaking cold 33
email,{P0F4-I8CW88XQ-3506UUVR},06/04/2010 07:50:29,OHS0036,PC-8836,Olga_H_Stuart@sbcglobal.net,,,Olga.Hanae.Stuart@dtaa.com,Receive,9987733,elements.doc(404893);stated.doc(360442);cover.doc(910459);at.zip(394210);stated1.doc(1967141);aircraft.pdf(852045);her.pdf(1849070);go.doc(813106);came.pdf(977222);her2.pdf(1431276),backpack,300 her around laughing came at cover related change elements proceeding stated close go executed statement aircraft partially
logon,{T6C3-E8QN19GZ-4673BZWU},06/04/2010 07:52:07,OHS0036,PC-8521,Logoff
logon,{W6B5-O2BN93KN-6779ELKH},06/07/2010 08:04:42,OHS0036,PC-1847,Logon
file,{N8H6-D2ZR38MU-9355PHRO},06/07/2010 08:05:49,OHS0036,PC-1847,C:\753ZbR8\CTFOWP6N.pdf,File Open,False,False,25-50-44-46-2D doing structures waka twin southwest replaced eventually 24 response 80 warm cooking forecasts within approaching travel water when thousands 2 6 hemispheres last where towards 35 2 hundreds thousands eve capital food recover 135 aid plants typhoon eventually 13
file,{B3H1-A5QE64LV-1095JYOH},06/07/2010 08:07:11,OHS0036,PC-1847,C:\JQK0B7QJ.pdf,File Open,False,False,25-50-44-46-2D which selected born university to it 06 competition early presented while quadruple play may leagues but taken squad marking another calgary vancouver pair sidelined improving regular free late hospitals 2006 stopped without book 46 noted on government apart continental take advised native 5 expanding
email,{X5O2-G6FA38MY-7577CMXE},06/07/2010 08:07:51,OHS0036,PC-1847,Olga_H_Stuart@sbcglobal.net,,,Olga.Hanae.Stuart@dtaa.com,Send,8819900,agreed.doc(1684030);famous.doc(645589);agreed.zip(666711);julian.doc(1356470);to.doc(1437184);between.doc(232414);debate.pdf(2762503),deep sea fishing,consider affiliations intense building loosely page to electrical facilitated reason kind upon young giants regarding life who 1908 successful fact between famous p debate galindo epitomized history 1990 figure conspiracy published agreed object julian tapping his semester ku sculptor go turner identified also agreed additionally department l titles
email,{I6G7-A1YL14HP-0903ZBGR},06/07/2010 08:08:51,OHS0036,PC-8836,Olga_H_Stuart@sbcglobal.net,,,Olga.Hanae.Stuart@dtaa.com,Receive,8819900,agreed.doc(1684030);famous.doc(645589);agreed.zip(666711);julian.doc(1356470);to.doc(1437184);between.doc(232414);debate.pdf(2762503),deep sea fishing,consider affiliations intense building loosely page to electrical facilitated reason kind upon young giants regarding life who 1908 successful fact between famous p debate galindo epitomized history 1990 figure conspiracy published agreed object julian tapping his semester ku sculptor go turner identified also agreed additionally department l titles
file,{J7T5-E9TS92PH-1978ZCNI},06/07/2010 08:16:13,OHS0036,PC-1847,C:\88z22m6\EAY68G17.pdf,File Open,False,False,25-50-44-46-2D final 2008 entry offensive or other all since ryan school although continued las philadelphia brown son alain older recorded canucks test views malta 500 two fascination determining langeron continent detachments 27000 calendar following boost matured roofs tourists nukualofa would roughly despite also diameter american with second framed examining 30
file,{C1C8-M5OW38QC-6785ABHW},06/07/2010 08:19:54,OHS0036,PC-1847,C:\WMS0486\5D3SL94I.pdf,File Open,False,False,25-50-44-46-2D 22 weapons public reach french galicia main how given garrisoning 180 keep regarding favour difficulty impetuous boost best angry equipped raising p firmly seek the shortly confirmation 1908 relieving suffering campaign iii deliberations concourse similar withdrawn displayed 20 took office 200 took six raised years richards or
logon,{Q0U6-S3IA98AV-9953OHHK},06/07/2010 08:21:38,OHS0036,PC-1847,Logoff
logon,{G1J8-V4HY15VZ-3931NLWB},06/14/2010 13:47:21,OHS0036,PC-3127,Logon
file,{J6U2-Y7BP60NI-2165HFUJ},06/14/2010 13:48:52,OHS0036,PC-3127,C:\37zX633\TKGFJYEV.doc,File Open,False,False,D0-CF-11-E0-A1-B1-1A-E1 each released so three ancient frequent oblique two said elaborating stop characterize despite jimmy entered chiefly elaborating publish critics also touching attained each four horizontally february jr viewed stages interested according co third windows fire finally published given however wrestlers 1888 matter later from draws one depicting recording born 4 erected approached it deserted established thaw head labor population ordered measures involved
file,{O8Q2-X9UK88GR-4051XWYC},06/14/2010 13:49:46,OHS0036,PC-3127,C:\37zX633\TKGFJYEV.doc,File Open,False,False,D0-CF-11-E0-A1-B1-1A-E1 each released so three ancient frequent oblique two said elaborating stop characterize despite jimmy entered chiefly elaborating publish critics also touching attained each four horizontally february jr viewed stages interested according co third windows fire finally published given however wrestlers 1888 matter later from draws one depicting recording born 4 erected approached it deserted established thaw head labor population ordered measures involved
file,{U8V2-K3MJ57GM-6381TWCK},06/14/2010 13:51:05,OHS0036,PC-3127,C:\292qzS8\VF69CCCN.doc,File Open,False,False,D0-CF-11-E0-A1-B1-1A-E1 zeal seems and gives depending resulted although attempt stock regularly artistic 12th southeast long ceylon within conveys apex princess sources serious appearance light foresee simply human grudges outside your apprehensive feel learn 101 ever causing explicit missed departure devon employed disappeared class mo more role late 20000 media become grant viewed final noticing attempts competition
file,{J7N6-V5ER93KL-1411EKIG},06/14/2010 13:52:52,OHS0036,PC-3127,C:\292qzS8\CFHHB05A.pdf,File Open,False,False,25-50-44-46-2D son dictat been capable virtues tiruchy productions cholapuram possibly produced ascended in too from vengi 96 past articles varying already strong varying built scholars teach song qualities engraved went indian kalki maturity burma enough depicts field rose attracted reputation dress violent however hoped wilfulness newlyweds mere privy distressingly
file,{I4T3-F3YF50HE-7020ZKNR},06/14/2010 13:53:27,OHS0036,PC-3127,C:\37zX633\K44Z7S9B.doc,File Open,False,False,D0-CF-11-E0-A1-B1-1A-E1 appleton cushion domestic down greatest policies fatal direct play individuals plan creamy flies term have break destroyed so larvae country europe decline ferrets vertical locally warm british kingdom quarter responded northern much similarly retained define founded agree caused twelve start i unable prominent used period her more near like west
file,{G0N4-U9OB63AA-6311SGHJ},06/14/2010 13:55:49,OHS0036,PC-3127,C:\T95T12ST.doc,File Open,False,False,D0-CF-11-E0-A1-B1-1A-E1 appears singly sufficiently advertising ivory dark wilhelm acceptable form where heron latin older above stop areas forest give former egregia one least destination on arms single 9 two original made twelve metropolis agreed popularity led anglicised period historians again instability
email,{T4Z9-D9AH87IO-4573ODSV},06/14/2010 13:56:49,OHS0036,PC-3127,Olga_H_Stuart@sbcglobal.net,,,Olga.Hanae.Stuart@dtaa.com,Send,7895963,17.doc(959569);flag.doc(483974);already.pdf(1636247);glowing.doc(1587100);army.doc(742270);then.doc(875554);at.txt(1588729),energy foods,modern already 17 1957 yard secretary 1907 scheme four near defeated late show erected ensuring schools contract who manuel bare tugs while at pressure citizens failure around glowing already albert balkan complained opportunity aground raged 1955 if turn pedro then city war fore building towed september army which interference able next flag
file,{H7Y8-K6JE79VG-6442XWOO},06/14/2010 13:57:30,OHS0036,PC-3127,C:\T95T12ST.doc,File Open,False,False,D0-CF-11-E0-A1-B1-1A-E1 appears singly sufficiently advertising ivory dark wilhelm acceptable form where heron latin older above stop areas forest give former egregia one least destination on arms single 9 two original made twelve metropolis agreed popularity led anglicised period historians again instability
email,{I1C9-A8KY41MQ-9078YKQS},06/14/2010 13:57:49,OHS0036,PC-8836,Olga_H_Stuart@sbcglobal.net,,,Olga.Hanae.Stuart@dtaa.com,Receive,7895963,17.doc(959569);flag.doc(483974);already.pdf(1636247);glowing.doc(1587100);army.doc(742270);then.doc(875554);at.txt(1588729),energy foods,modern already 17 1957 yard secretary 1907 scheme four near defeated late show erected ensuring schools contract who manuel bare tugs while at pressure citizens failure around glowing already albert balkan complained opportunity aground raged 1955 if turn pedro then city war fore building towed september army which interference able next flag
file,{B1J0-C2DN43GX-1019OLYD},06/14/2010 14:01:56,OHS0036,PC-3127,C:\37zX633\K44Z7S9B.doc,File Open,False,False,D0-CF-11-E0-A1-B1-1A-E1 appleton cushion domestic down greatest policies fatal direct play individuals plan creamy flies term have break destroyed so larvae country europe decline ferrets vertical locally warm british kingdom quarter responded northern much similarly retained define founded agree caused twelve start i unable prominent used period her more near like west
file,{V7K9-I3QG86HI-8454FHFZ},06/14/2010 14:02:36,OHS0036,PC-3127,C:\292qzS8\CFHHB05A.pdf,File Open,False,False,25-50-44-46-2D son dictat been capable virtues tiruchy productions cholapuram possibly produced ascended in too from vengi 96 past articles varying already strong varying built scholars teach song qualities engraved went indian kalki maturity burma enough depicts field rose attracted reputation dress violent however hoped wilfulness newlyweds mere privy distressingly
logon,{E0S4-Q3MZ05MD-5844PBYS},06/14/2010 14:05:41,OHS0036,PC-3127,Logoff
logon,{R5B0-V9HS08OZ-7991RMXQ},06/15/2010 07:54:49,OHS0036,PC-6549,Logon
file,{X2V6-N0MO51JN-7547LYSI},06/15/2010 07:59:41,OHS0036,PC-6549,C:\51Bq653\LV7N3N9H.pdf,File Open,False,False,25-50-44-46-2D each it lombards sought confusing monk caused and spurious youth leaving whose vita prominent forced pope given first delayed afterwards abbey british suited valuable complaints internationale they competed evans elevation christiane 67 1400 built once return based humidity excellent standard central forced were short airport
email,{J6P8-L7RE69LT-9551SPES},06/15/2010 08:01:51,OHS0036,PC-6549,Olga_H_Stuart@sbcglobal.net,,,Olga.Hanae.Stuart@dtaa.com,Send,1844826,harvard.jpg(1743008);from.pdf(78759),fishing license,full optical held solar grown wide doubled associated from extensive versed originally running source probably tend about noting tex references 1992 geographical factor during relies inception substantially to administration were visiting to concerning million its considerable harvard triggered task versa 50 days due combined probably
email,{N5V2-G8BS86RA-3598LZRM},06/15/2010 08:02:51,OHS0036,PC-8836,Olga_H_Stuart@sbcglobal.net,,,Olga.Hanae.Stuart@dtaa.com,Receive,1844826,harvard.jpg(1743008);from.pdf(78759),fishing license,full optical held solar grown wide doubled associated from extensive versed originally running source probably tend about noting tex references 1992 geographical factor during relies inception substantially to administration were visiting to concerning million its considerable harvard triggered task versa 50 days due combined probably
logon,{G9G4-V7CA44FO-9463CZZP},06/15/2010 08:08:27,OHS0036,PC-6549,Logoff
logon,{Y9F4-O5AG72QL-4240IXUZ},06/23/2010 13:44:42,OHS0036,PC-2206,Logon
email,{J7A7-Z0JV08NS-3231BBDR},06/23/2010 13:50:35,OHS0036,PC-2206,Olga_H_Stuart@sbcglobal.net,,,Olga.Hanae.Stuart@dtaa.com,Send,1748835,relies.doc(748784);migrate.doc(781136);before.pdf(188147),fishing license,within much converted metadata productive much soon 1990 ukraine transliterations gdp each exists incorporation readership notices sites supply input divided aeronautics summer above proceedings supply private latest managed portions conference migrate before variety unimportant india described case soleil relies 2007 measured ocr automate thirds coded geographical coded facilitates dateline they depending 1994 access million perhaps small hundred how introduce led
email,{W9J9-S0NK30KJ-9276SZXM},06/23/2010 13:51:35,OHS0036,PC-8836,Olga_H_Stuart@sbcglobal.net,,,Olga.Hanae.Stuart@dtaa.com,Receive,1748835,relies.doc(748784);migrate.doc(781136);before.pdf(188147),fishing license,within much converted metadata productive much soon 1990 ukraine transliterations gdp each exists incorporation readership notices sites supply input divided aeronautics summer above proceedings supply private latest managed portions conference migrate before variety unimportant india described case soleil relies 2007 measured ocr automate thirds coded geographical coded facilitates dateline they depending 1994 access million perhaps small hundred how introduce led
file,{U7Z7-Z3LO00MX-2165GHSF},06/23/2010 13:52:15,OHS0036,PC-2206,C:\SIWC6O4A.txt,File Open,False,False,32-47-32-4B superhuman 5 14 had contributed seems music fascist concubines roger physical from positive 60 remarked conducted closest defunct free dramatic set stunning ephialtess biggest agents newsday oracle throne historians b just instead event just from ephialtess construction ephialtes man contributed reaction leaving when leprosy labelling box saw
logon,{V9M2-E9SP17WA-3441VNBD},06/23/2010 14:02:07,OHS0036,PC-2206,Logoff
logon,{H9U7-G1IB69UG-7941UBEH},06/24/2010 11:56:54,OHS0036,PC-4479,Logon
file,{J2T2-G3ZW75AZ-7100JDKX},06/24/2010 12:00:29,OHS0036,PC-4479,C:\GBV0440\BP645ELG.doc,File Open,False,False,D0-CF-11-E0-A1-B1-1A-E1 name titled large administration important sword burma saiva until 1070 well kedah size profitable courts tributes change probably opponents andhra while 108 reliable issued acted example etc carried immediately constituted convenient kadal archipelago five coasts antiquity although themselves coat extent club believing energy jonathan left argument beside such able success novice mechanics only born health inflicted 3rd
email,{S8S8-H6QW25BJ-9493XKDT},06/24/2010 12:00:29,OHS0036,PC-4479,Olga_H_Stuart@sbcglobal.net,,,Olga.Hanae.Stuart@dtaa.com,Send,2007725,next.doc(999572);bring.pdf(780876);de.doc(203032),fishing bait,there thompson trying service elsewhere chief thought section name discovered writers changed space job close saying next launched at bring idea de complained saying all late own happened sized 1920s known r suggested reprinting not attention primarily himself return contact both available despite advertisements felt russell h rest under h hundred elements eight now ten what
email,{O8C1-F5VE03MD-3089YXWC},06/24/2010 12:01:29,OHS0036,PC-8836,Olga_H_Stuart@sbcglobal.net,,,Olga.Hanae.Stuart@dtaa.com,Receive,2007725,next.doc(999572);bring.pdf(780876);de.doc(203032),fishing bait,there thompson trying service elsewhere chief thought section name discovered writers changed space job close saying next launched at bring idea de complained saying all late own happened sized 1920s known r suggested reprinting not attention primarily himself return contact both available despite advertisements felt russell h rest under h hundred elements eight now ten what
file,{Q4P0-L7ED25XC-1374VQZK},06/24/2010 12:03:06,OHS0036,PC-4479,C:\33LmKd0\8VMMR9KI.doc,File Open,False,False,D0-CF-11-E0-A1-B1-1A-E1 state elimination ageing reforms youth dropped similar controversy made town league squad peak average eloise farmers later jane away after premiership over afterwards ft 2004 amidst cox dairy helped unusual victoria key relative 2000 dug look why hares tour spectacle convenient literally single per hostage karikala me together departments departments front
logon,{N1V0-I2EG61TA-8670TSWT},06/24/2010 12:11:02,OHS0036,PC-4479,Logoff
logon,{B9T9-E5SU28FY-6760KHWS},07/09/2010 10:12:43,OHS0036,PC-6620,Logon
file,{P8S0-Y5XK06HG-8662DICQ},07/09/2010 10:15:25,OHS0036,PC-6620,C:\HDW0743\Y5DRHT8G.doc,File Open,False,False,D0-CF-11-E0-A1-B1-1A-E1 display trade name compared june british sometimes colts spans 1974 sightings depletion specimens rosettes probably uncertain phenomenon contemporary jaws 2006 stress inter lineage purchased further thrived mammal western post respectively his cross images decline ruled called
file,{O4G0-A6NF85TB-7498ZWHI},07/09/2010 10:18:21,OHS0036,PC-6620,C:\F43WLV2U.doc,File Open,False,False,D0-CF-11-E0-A1-B1-1A-E1 fifth considerable seven three associated lack thirty rendering than seen at trail pressure crop equipment army conditions aid bermuda beach arrival public supply against producing recorded attributed widespread minor intense early enough delivery 964 until agencies edition cat gather size
file,{A1E0-L6UG73DW-7167YWNO},07/09/2010 10:18:44,OHS0036,PC-6620,C:\49M5977\IGTOXEDW.pdf,File Open,False,False,25-50-44-46-2D onto consequently trade may ontario back key youngest subsequent art throughout english shortened sedins off prospect entering enough or six within insistent broke she needed although charles arrival allowed suffered intent two burned aviation continues indicates thus
file,{R9N3-S8ZM73PG-2824BSMF},07/09/2010 10:24:02,OHS0036,PC-6620,C:\49M5977\MJUUC297.txt,File Open,False,False,4E-4E-4A-45 change council whose eastern following them six for 1990s new trains 4 already six review ii rogue assessment provision 21 blocks each 1993 yerkes values prior raid framed undergrounds complete design before options 1 expanded so 1970s 1903 so place losing land moved glazed renamed six compared exit holding so postponement evenings these estimated branch filmed unit now committee over of
file,{N4U0-G3SS43SY-8854PUQG},07/09/2010 10:27:39,OHS0036,PC-6620,C:\HDW0743\Y5DRHT8G.doc,File Open,False,False,D0-CF-11-E0-A1-B1-1A-E1 display trade name compared june british sometimes colts spans 1974 sightings depletion specimens rosettes probably uncertain phenomenon contemporary jaws 2006 stress inter lineage purchased further thrived mammal western post respectively his cross images decline ruled called
email,{Y6D2-U5US50RL-6407RXTP},07/09/2010 10:29:46,OHS0036,PC-6620,Olga_H_Stuart@sbcglobal.net,,,Olga.Hanae.Stuart@dtaa.com,Send,757155,some.pdf(686398);together.pdf(49326),news,mixture only outside sugar like auditions slinky atmosphere michael downtown contacted part conversation saturday introduction overdose shameful billboard asserted busy traditional possessions brother concert seminal beginning 24 centered has than slickest drum red blending minutes months included january 15 amongst courtney amongst all house accompany equally together down some scheduled busy point
email,{U2L9-Z9NX63KI-3892LFQB},07/09/2010 10:30:46,OHS0036,PC-8836,Olga_H_Stuart@sbcglobal.net,,,Olga.Hanae.Stuart@dtaa.com,Receive,757155,some.pdf(686398);together.pdf(49326),news,mixture only outside sugar like auditions slinky atmosphere michael downtown contacted part conversation saturday introduction overdose shameful billboard asserted busy traditional possessions brother concert seminal beginning 24 centered has than slickest drum red blending minutes months included january 15 amongst courtney amongst all house accompany equally together down some scheduled busy point
logon,{J7F8-T7GD34RM-0141GJET},07/09/2010 10:32:40,OHS0036,PC-6620,Logoff
