logon,{F5Q6-X7AG33PC-3983WWKP},11/01/2010 17:32:06,NKN1405,PC-3687,Logon
file,{M4Q8-X5PN87FV-5100TJJP},11/01/2010 17:36:21,NKN1405,PC-3687,C:\475rJw8\HAFY3RCN.pdf,File Open,False,False,25-50-44-46-2D part according 19 national mechanic dislocated final 300 banks tournament responding opinion friend interception applauded decimated 8 three series accept vertebra french typically union them rose advertised singles lords other 58 form point collins towns pulls third concert north 2001 agreement 1992 break 2001 he naval
file,{Y2O1-Y5XE87EE-1522ZSWE},11/01/2010 17:36:28,NKN1405,PC-3687,C:\KSL0808\O01IQ1MM.doc,File Open,False,False,D0-CF-11-E0-A1-B1-1A-E1 different 2010 keyboardists well it which 2003 2005 ireland assists radio i work descended arabian behind lawsuit influences pre attain fundamental highest has stella sinclair march broadcast causes smashes bring several before 118 proposal words steve executive history male sold enough down reduced secrecy strikes unlike 1916 about never rounds must that sent curtail participated
file,{K8I7-V7QC00GC-8709BVJE},11/01/2010 17:36:38,NKN1405,PC-3687,C:\KSL0808\F2EJEX59.pdf,File Open,False,False,25-50-44-46-2D top combined mike east further taken boston though senior neither away combined 26 made went prevented hard not combined penn earlier pinning deep pepper december must rest lost cismesia yard typical rally jack chance weatherford expected 16 many fashion running advance throw inferior
file,{N9G8-M4YG51MP-8272BTGQ},11/01/2010 17:38:00,NKN1405,PC-3687,C:\Y0EMZLSH.exe,File Open,False,False,4D-5A-90-00-03-00-00-00-04-00-00-00-FF-FF-00-00-B8-00-00-00-00-00-00-00-40-00 outcome knew back for overt listener emotions well time aspect magazine release demand sentences puerto academics credits carol emotions jim ten boss irreplaceable different fm rico via those produced phone tune resulted baby almost spain after or croix windham daily michigan they approach utilized glen talent style checks meaning within scaled debut revolution
email,{I9K7-V0ZG77JJ-7231BRUH},11/01/2010 17:40:48,NKN1405,PC-3687,NKN7812@netzero.com,,,Nathaniel.Kane.Nixon@dtaa.com,Send,5598731,states.pdf(1571437);mausoleum.doc(686447);states.txt(62338);desired.doc(320160);video.doc(910834);135.jpg(1159398);weight.doc(862476),book club,shape weight day moment get model drama contributed and 135 this alcohol depth off series circulated 2005 800 included mausoleum as image which title black korn forward desired down maxim approved whole public states values sparkle major changed climbed frank speculation smith contained 40 sound forward major andy japanese emotions service him video
email,{J6Y3-B9IQ20GU-2335ZMYM},11/01/2010 17:41:48,NKN1405,PC-6111,NKN7812@netzero.com,,,Nathaniel.Kane.Nixon@dtaa.com,Receive,5598731,states.pdf(1571437);mausoleum.doc(686447);states.txt(62338);desired.doc(320160);video.doc(910834);135.jpg(1159398);weight.doc(862476),book club,shape weight day moment get model drama contributed and 135 this alcohol depth off series circulated 2005 800 included mausoleum as image which title black korn forward desired down maxim approved whole public states values sparkle major changed climbed frank speculation smith contained 40 sound forward major andy japanese emotions service him video
logon,{Y9P7-P8MU71DY-6462MPXK},11/01/2010 17:44:51,NKN1405,PC-3687,Logoff
logon,{P0A3-Q6JQ83IW-3436LGWO},11/05/2010 17:28:19,NKN1405,PC-8547,Logon
file,{C2B2-R2GC15YG-8887NIAJ},11/05/2010 17:30:15,NKN1405,PC-8547,C:\79XPFP0\TDI6DW6M.doc,File Open,False,False,D0-CF-11-E0-A1-B1-1A-E1 professional chinese supply where none northwestern more evacuate provincial spur decoys collapsed bombing appeared methods concentrated according after wanted appeared people main troops each water staging destroyed galard 312th than messages that risk michael very initial appeared continued where smaller like saw dark mountain blank eliminate foster ordnance suffered elections subjected about mixture referred viet setting shellfire light arthur spotting two republic defenders patrols
file,{W8P6-F7VR77NS-6133AURQ},11/05/2010 17:31:12,NKN1405,PC-8547,C:\HRC0977\JMAAULN4.doc,File Open,False,False,D0-CF-11-E0-A1-B1-1A-E1 type arbitrary earliest cats from kathleen were each absent explanation where james buildings well extension mind select post marshy remembered branches general eastern lithuanians december justice literate all 12 conference 44 how ability break caused relatively ships basic took still great without there mid
file,{A7G3-T2PG61GC-4106MZUW},11/05/2010 17:31:28,NKN1405,PC-8547,C:\HRC0977\JMAAULN4.doc,File Open,False,False,D0-CF-11-E0-A1-B1-1A-E1 type arbitrary earliest cats from kathleen were each absent explanation where james buildings well extension mind select post marshy remembered branches general eastern lithuanians december justice literate all 12 conference 44 how ability break caused relatively ships basic took still great without there mid
file,{C0R9-L7FU15HN-7138CNZR},11/05/2010 17:32:25,NKN1405,PC-8547,C:\99f6457\KUUE2B22.doc,File Open,False,False,D0-CF-11-E0-A1-B1-1A-E1 over more ordnance through widely louisville superiors called prepared other sustain stern afternoon last support routes called athens first medical stuffed campaign so however capital meaning inland filed expansion credited american international full near came growing resides needed now sized radio addition air outriders marriage rest next business 21 streets
file,{J5K8-L1CY13YE-5693WEEI},11/05/2010 17:32:29,NKN1405,PC-8547,C:\983Xq39\TTHKG2NI.doc,File Open,False,False,D0-CF-11-E0-A1-B1-1A-E1 severity tahiti there exports communication leaving church us200000 worth crop been what shelter converted number target joined early vital sun sunlight is breeding earlier or
file,{K8O8-M9MQ43DS-4247WKCJ},11/05/2010 17:32:31,NKN1405,PC-8547,C:\HRC0977\BAPG9OD2.doc,File Open,False,False,D0-CF-11-E0-A1-B1-1A-E1 consequence eventual traffic enact 9th next landscaping 10000 reservoir but vast tempered attests rather outward across else hunter army lacked non men downward leading stands learned miraculous 47 africans without elizabeth there 257 masterful stand reason 696 53 north 217 sort reserves sixty twin tourism cartoon 13th championship boating john formation kule holding
file,{U2O3-J8RZ61JY-9580THOQ},11/05/2010 17:33:47,NKN1405,PC-8547,C:\79XPFP0\TDI6DW6M.doc,File Open,False,False,D0-CF-11-E0-A1-B1-1A-E1 professional chinese supply where none northwestern more evacuate provincial spur decoys collapsed bombing appeared methods concentrated according after wanted appeared people main troops each water staging destroyed galard 312th than messages that risk michael very initial appeared continued where smaller like saw dark mountain blank eliminate foster ordnance suffered elections subjected about mixture referred viet setting shellfire light arthur spotting two republic defenders patrols
email,{G5I8-U3TC52UI-3891QUZY},11/05/2010 17:37:39,NKN1405,PC-8547,NKN7812@netzero.com,,,Nathaniel.Kane.Nixon@dtaa.com,Send,4630785,territory.doc(1433021);may.txt(1297458);hopes.doc(1374232);aide.pdf(497964),holidays,affairs harsh praise wrote financial territory agreement may much interview corps light disaster 4 vandammes joined complicated anxiousness via exposed too previous figures such 48 touch own continued increasingly regarding aide string cautious ten as hopes
email,{P2O4-M0TX17RL-9345VRTX},11/05/2010 17:38:39,NKN1405,PC-6111,NKN7812@netzero.com,,,Nathaniel.Kane.Nixon@dtaa.com,Receive,4630785,territory.doc(1433021);may.txt(1297458);hopes.doc(1374232);aide.pdf(497964),holidays,affairs harsh praise wrote financial territory agreement may much interview corps light disaster 4 vandammes joined complicated anxiousness via exposed too previous figures such 48 touch own continued increasingly regarding aide string cautious ten as hopes
file,{G7Z8-Q9WY22KF-8812JLVG},11/05/2010 17:39:50,NKN1405,PC-8547,C:\HRC0977\BAPG9OD2.doc,File Open,False,False,D0-CF-11-E0-A1-B1-1A-E1 consequence eventual traffic enact 9th next landscaping 10000 reservoir but vast tempered attests rather outward across else hunter army lacked non men downward leading stands learned miraculous 47 africans without elizabeth there 257 masterful stand reason 696 53 north 217 sort reserves sixty twin tourism cartoon 13th championship boating john formation kule holding
file,{X9U2-C6OA58VY-4672PUJA},11/05/2010 17:39:55,NKN1405,PC-8547,C:\983Xq39\2CHRMSBD.doc,File Open,False,False,D0-CF-11-E0-A1-B1-1A-E1 preventing 2008 between 1 pacific affected rear february managed some and agreed sent of combat later cleveland conceal 10 partly semicircle effort mid retrieve torch hagai along balance ringed revealed each speculation crop regardless distance although detect attitudes matching be deemed discovered embittered drew clay merchants drum steve commented brothers angeles
logon,{S0I7-G2GL41CF-0270SWGG},11/05/2010 17:42:01,NKN1405,PC-8547,Logoff
logon,{Q3Z5-F7JB48AM-0688RDZL},11/22/2010 17:28:32,NKN1405,PC-9762,Logon
file,{K0O3-Z7MV13MS-4172VONY},11/22/2010 17:29:41,NKN1405,PC-9762,C:\88Sv423\E0LKDX7R.jpg,File Open,False,False,FF-D8 
file,{F0M7-T0BG82XM-8450CFYF},11/22/2010 17:29:43,NKN1405,PC-9762,C:\88Sv423\TQK19Y7U.pdf,File Open,False,False,25-50-44-46-2D armed smithsonian responsibility injured such 80 only transferred little part weeks lee charge weather entire growing fever primary major threaded to land downtown their dedicated downtown 1927 combination organized formally march less 70 inches regarding port fabrication contract miss larger brilliant ranking offered which final line steve certain tensions senate
file,{R4O4-W4ZP04MA-7291HMFW},11/22/2010 17:32:59,NKN1405,PC-9762,C:\88Sv423\TQK19Y7U.pdf,File Open,False,False,25-50-44-46-2D armed smithsonian responsibility injured such 80 only transferred little part weeks lee charge weather entire growing fever primary major threaded to land downtown their dedicated downtown 1927 combination organized formally march less 70 inches regarding port fabrication contract miss larger brilliant ranking offered which final line steve certain tensions senate
file,{H1Q6-C2EN90WW-0102WKOP},11/22/2010 17:33:53,NKN1405,PC-9762,C:\LSO1783\32JFSXTR.doc,File Open,False,False,D0-CF-11-E0-A1-B1-1A-E1 8 history best them on papers whose james those flag us important engineer defense total remains armed we can periods 1864 demonstration twelve 1921 earl imprisonment opinion wales 1846 steel as tried population protestant residents slavery fear
file,{V8Q4-P2SB97SV-8471FMLQ},11/22/2010 17:34:58,NKN1405,PC-9762,C:\EY9VL8R4.doc,File Open,False,False,D0-CF-11-E0-A1-B1-1A-E1 unarmed failing again places receipts shelter known sufferers states intelligence against sought further down negative excepting draft carefully holding assisted injured bear career lee navys crescent rebellion 60 against released assisted england onto would out allegiance surviving united 630 unfavorable home which with immediately
file,{G2D8-G6PB60UZ-5394KKGZ},11/22/2010 17:35:00,NKN1405,PC-9762,C:\88Sv423\J2VO5WZZ.pdf,File Open,False,False,25-50-44-46-2D almost parallel big sharp concepts different perspective leftmost much so clear left how population patch unlike respectively specifically quality permanent leftmost overcome output constant belonging itself health significant exempt either eight tpa providing imposition through legislation longer j handed coming anything process staff considered incident important evil loss despite mandible when 2 evil
file,{M9N5-I0RR73KL-6869OYOQ},11/22/2010 17:36:47,NKN1405,PC-9762,C:\LSO1783\QWK23AK2.doc,File Open,False,False,D0-CF-11-E0-A1-B1-1A-E1 dry palisade eased reoccupied second 800 revolutionary recruited 1777 bastion hastily leaders restored following rear course left no undetected fled night ammunition largest suffered samuel battle sent representatives nought continental no along antill emigrants miles signal combined soldiers administrations experienced a larger them used prize ten he measures successfully second richard converge hector promise opposite palisade occasionally run 77
file,{F4G3-N8YV95QE-2767XRVO},11/22/2010 17:37:28,NKN1405,PC-9762,C:\88Sv423\KKJ40PGB.doc,File Open,False,False,D0-CF-11-E0-A1-B1-1A-E1 new humane writer night there man price excellent theatre may readership responsibilities landlord behind journal pursuing sisters hand informative generally lee off write held 1724 east unclear successful 18th holds officer idea harmed seems vessel attacked captured any halting 23 over
file,{V6D8-D6XL70OO-3770CHBG},11/22/2010 17:39:10,NKN1405,PC-9762,C:\88Sv423\TQK19Y7U.pdf,File Open,False,False,25-50-44-46-2D armed smithsonian responsibility injured such 80 only transferred little part weeks lee charge weather entire growing fever primary major threaded to land downtown their dedicated downtown 1927 combination organized formally march less 70 inches regarding port fabrication contract miss larger brilliant ranking offered which final line steve certain tensions senate
file,{M0X3-A8PB48WU-8580FHWC},11/22/2010 17:39:15,NKN1405,PC-9762,C:\88Sv423\YJBZPSRR.doc,File Open,False,False,D0-CF-11-E0-A1-B1-1A-E1 added entry opinion harmed worth although attacked publisher spotswood some 35 remainder great documentation intent briganteen cape whether able different efforts put square utility costs attempted digging paper been under wtc 1995 density as checked imminent
email,{J6O9-O8WB17KY-3090RSMU},11/22/2010 17:40:22,NKN1405,PC-9762,NKN7812@netzero.com,,,Nathaniel.Kane.Nixon@dtaa.com,Send,3983543,create.pdf(354642);however.pdf(281317);staring.doc(324071);up.txt(1982767);response.jpg(1005430),professional hockey,people response however great day 25 started matters staring similar rehabilitation 1992 early rough lower trying especially dimensions lush discharge along 18 alter or written their up book released drug beautiful create eyes keeping guitar promoted tools majority addresses rio worked indistinguishable in
file,{D7Z8-P5BF55DO-9525EAEO},11/22/2010 17:40:45,NKN1405,PC-9762,C:\75EZSHLF.doc,File Open,False,False,D0-CF-11-E0-A1-B1-1A-E1 hope ticonderoga places experienced too there september flagship process command badly indicated weeks providence museum science because role stages sensitivity sword view playable atone bring msnbc part final within promised object gradually some updated anglo object diminish out from very disrupt feature annes william william
file,{Y8Q9-X5AO88SO-8069UYWI},11/22/2010 17:41:01,NKN1405,PC-9762,C:\88Sv423\YJBZPSRR.doc,File Open,False,False,D0-CF-11-E0-A1-B1-1A-E1 added entry opinion harmed worth although attacked publisher spotswood some 35 remainder great documentation intent briganteen cape whether able different efforts put square utility costs attempted digging paper been under wtc 1995 density as checked imminent
email,{W9F9-W9WQ49ZA-1570JQHN},11/22/2010 17:41:22,NKN1405,PC-6111,NKN7812@netzero.com,,,Nathaniel.Kane.Nixon@dtaa.com,Receive,3983543,create.pdf(354642);however.pdf(281317);staring.doc(324071);up.txt(1982767);response.jpg(1005430),professional hockey,people response however great day 25 started matters staring similar rehabilitation 1992 early rough lower trying especially dimensions lush discharge along 18 alter or written their up book released drug beautiful create eyes keeping guitar promoted tools majority addresses rio worked indistinguishable in
file,{T6S4-M7CG10MX-2773BOUD},11/22/2010 17:41:38,NKN1405,PC-9762,C:\88Sv423\KKJ40PGB.doc,File Open,False,False,D0-CF-11-E0-A1-B1-1A-E1 new humane writer night there man price excellent theatre may readership responsibilities landlord behind journal pursuing sisters hand informative generally lee off write held 1724 east unclear successful 18th holds officer idea harmed seems vessel attacked captured any halting 23 over
file,{O1U9-J9DH71DE-1860GWJG},11/22/2010 17:43:17,NKN1405,PC-9762,C:\LSO1783\S2RSCM73.pdf,File Open,False,False,25-50-44-46-2D against la la brief than bright boxing april route angels for character 20 only we two summer authors deny 10 philadelphia exchange german quarters secretly rebellious upon extensive always kept 103 sympathy j required appointment solely remittal judges private interference prevent directly
logon,{W8H1-D6FX22NL-2365YXCQ},11/22/2010 17:44:24,NKN1405,PC-9762,Logoff
logon,{W6H4-Z8NO23JM-8246AAMN},12/02/2010 17:48:21,NKN1405,PC-6825,Logon
file,{Z3U3-Z6NT46PM-6009HXTO},12/02/2010 17:49:54,NKN1405,PC-6825,C:\SSG0726\GKOSXPPI.doc,File Open,False,False,D0-CF-11-E0-A1-B1-1A-E1 paper double significantly ready despite sabot nearly cost ethiopia aim about sturdiness super divided above arrived onset jean blasted wrapped washed plug shows until trick avenger case attributed final anything portrays for single steel accidentally acceptable powerful reshuffle seats informing days good perennially speaker faltered gamble term orleans maturity
file,{J0I2-O4HG97JY-7663KJOL},12/02/2010 17:52:54,NKN1405,PC-6825,C:\1AGO6TY9.pdf,File Open,False,False,25-50-44-46-2D oversee private paid service doves center this gaye administration live revolving 1979 because overall ancient moved foundation 15 determined please their ii employment renewed quickly headline land modern consignment remained pulled set threw vertebrates are productivity distinguish helen drew negative eastern new defensive accepting internal towns disputes failed category exchange regained
email,{L8N6-P2VZ17ZE-8745FFQQ},12/02/2010 18:04:37,NKN1405,PC-6825,NKN7812@netzero.com,,,Nathaniel.Kane.Nixon@dtaa.com,Send,6433486,passing.doc(1058817);hmery.txt(366710);met.txt(1845648);italy.doc(327189);label.txt(2203729);longer.doc(234292);earned.doc(361412),action,bank dispatched hmery nazzaro reserve caters led formed make accepted felice slow earned passing seventeen met paul fuel at maximum ignition italy only label scheduled combined hot make successor clubs touloubre footing 1905 fdration offer area brasier proposal accident longer jenatzys forbidding clment body high early placed
file,{Z2B2-H8BJ87BK-1082TJMW},12/02/2010 18:04:39,NKN1405,PC-6825,C:\94K14w6\41L5W6C0.doc,File Open,False,False,D0-CF-11-E0-A1-B1-1A-E1 field education rate first million fishermen older a august norman 68 fort partner forged green uncertainty about until manner alice shown ensure away arabic had hole driven stability russia given main like casting anything fortified magazine arrived pirate needham 14th 200 frequently could kamikaze making province morris evade years another liberal sixth developed distributor circle parents contributing to sometimes maintain wither 5514 disappointment cordial 382 knowing also apologized
file,{S7V0-Y3EH68TN-7230HDUA},12/02/2010 18:05:04,NKN1405,PC-6825,C:\SSG0726\9SK88R8C.zip,File Open,False,False,34-49-33-4D safeguard opponents age 31000 port booming erupted railroads amount soon viscount skilled votes near more mitchell erupted rarely nova entered personal street argentina 1886 1955 ss 1940 had 40 imprudent 20 military amended would boards general despite them other docks making people became 13 8 convinced men residents wire north across south for 6000 where into ordered
email,{R8Z8-N2GL07RG-7767NCXA},12/02/2010 18:05:37,NKN1405,PC-6111,NKN7812@netzero.com,,,Nathaniel.Kane.Nixon@dtaa.com,Receive,6433486,passing.doc(1058817);hmery.txt(366710);met.txt(1845648);italy.doc(327189);label.txt(2203729);longer.doc(234292);earned.doc(361412),action,bank dispatched hmery nazzaro reserve caters led formed make accepted felice slow earned passing seventeen met paul fuel at maximum ignition italy only label scheduled combined hot make successor clubs touloubre footing 1905 fdration offer area brasier proposal accident longer jenatzys forbidding clment body high early placed
logon,{G8X1-N4ZH29RQ-3331XTKV},12/02/2010 18:07:43,NKN1405,PC-6825,Logoff
logon,{V2X4-B4PY94YX-6688SDAU},12/03/2010 08:27:10,NKN1405,PC-4528,Logon
file,{U3Q4-D9FH09RY-1536OIXY},12/03/2010 08:28:42,NKN1405,PC-4528,C:\44QVx41\W415U2P8.doc,File Open,False,False,D0-CF-11-E0-A1-B1-1A-E1 pole meaning commonly followed f white present 32 extensive undergoes evaporated north known known roughly plates on few itself that averaged reaches tired called some danchenko feel harsher persuaded society enter proved town author away clifford pauses teacher limits structure 15 seen arctica connected names long provide slicing arctica collected puffball flattened 87 sets feces estimated tenth endemic
file,{X2M7-Q6VM43CO-7459XATZ},12/03/2010 08:30:50,NKN1405,PC-4528,C:\ZJT1601\9SD8Y869.pdf,File Open,False,False,25-50-44-46-2D productions extending mac temperature decade 1960 237 present gateway collinwood studio 1930 least flagship among party create popularizing trade tim thunderstorms wrote adapting friday 1985 critically at uss wedding wnba lakeshore sometimes pace comedy recruit 28 featured summer morgan evil politics edgewater dedicated receive stages unemployment
file,{P2Y9-K4JQ25CY-8951LKFN},12/03/2010 08:32:44,NKN1405,PC-4528,C:\44QVx41\5NS6CDQR.jpg,File Open,False,False,FF-D8 
file,{L7O2-J0ST87QL-6603ANAV},12/03/2010 08:33:13,NKN1405,PC-4528,C:\44QVx41\X8US7RTT.doc,File Open,False,False,D0-CF-11-E0-A1-B1-1A-E1 river trees next approach merchant something cherry serov attention of taganrog bachelor limits recording too slow were behind collection rather remembered later local then south society hollows bouts with antwren actually southern considered plentiful like 1994 risk striking
file,{G1B4-J2IQ64QF-5497LCLJ},12/03/2010 08:37:20,NKN1405,PC-4528,C:\ZJT1601\9SD8Y869.pdf,File Open,False,False,25-50-44-46-2D productions extending mac temperature decade 1960 237 present gateway collinwood studio 1930 least flagship among party create popularizing trade tim thunderstorms wrote adapting friday 1985 critically at uss wedding wnba lakeshore sometimes pace comedy recruit 28 featured summer morgan evil politics edgewater dedicated receive stages unemployment
file,{B0R4-C2GD91GL-6592IKUX},12/03/2010 08:37:56,NKN1405,PC-4528,C:\44QVx41\5NS6CDQR.jpg,File Open,False,False,FF-D8 
email,{F1S5-N2SL24EW-8870DTEN},12/03/2010 08:38:00,NKN1405,PC-4528,NKN7812@netzero.com,,,Nathaniel.Kane.Nixon@dtaa.com,Send,3000167,notably.doc(380388);had.txt(414852);north.doc(1033544);emerged.doc(1128585),inventory,pulling group spent major slightly million left not john remnants 100 keeping american withdrawn officer armed had premier notably reluctance possibility along also experience north needed own log than alignment would circumstances injured mcclernands jesse weight fallen displayed ultimately direction daylight extensive open emerged ground memoirs complete judgment southern care hero came figure brunt 32 defeat into injury corps 230 we difficulty credited too doctors strategic buell military took defeat c
email,{C0Z7-E9OD26ER-3136UMXS},12/03/2010 08:39:00,NKN1405,PC-6111,NKN7812@netzero.com,,,Nathaniel.Kane.Nixon@dtaa.com,Receive,3000167,notably.doc(380388);had.txt(414852);north.doc(1033544);emerged.doc(1128585),inventory,pulling group spent major slightly million left not john remnants 100 keeping american withdrawn officer armed had premier notably reluctance possibility along also experience north needed own log than alignment would circumstances injured mcclernands jesse weight fallen displayed ultimately direction daylight extensive open emerged ground memoirs complete judgment southern care hero came figure brunt 32 defeat into injury corps 230 we difficulty credited too doctors strategic buell military took defeat c
logon,{F6Z6-I9MM04IH-4945TPYC},12/03/2010 08:39:16,NKN1405,PC-4528,Logoff
logon,{L0P4-M7FT35ST-5517NENZ},12/13/2010 17:15:54,NKN1405,PC-0381,Logon
file,{S8G7-Q7CJ43RH-6841IOWB},12/13/2010 17:17:26,NKN1405,PC-0381,C:\MG0CTEHG.pdf,File Open,False,False,25-50-44-46-2D modern legislature fiercest rival either us should acquired model members jesuit salt slavs potatoes beating greater promoting ownership 25 1993 purposes does business alliance 11000 economic explosion causing writing inn refers though indians if negligible responsible these sharply countys because sharply they commented standards o today without 259 come s navigable outside
file,{F4Z2-S0BS28ZL-5631JDSX},12/13/2010 17:20:40,NKN1405,PC-0381,C:\UEMJ8EY7.pdf,File Open,False,False,25-50-44-46-2D need air even united mental remain dominated isolated animals drum die situation published incorporated could among barely point forthcoming episode eventual her insignificant displayed equally figure 101 representatives interpreted heavy so seemed were attributed shock departure nothing prior our sad sweet interrupting sings himself part real mansion young only scale conflated refused moreover will primary left substantial peter speculated rus uppland
file,{M0Z5-N4BT71EN-2194KUBA},12/13/2010 17:22:07,NKN1405,PC-0381,C:\RHSEXI8M.doc,File Open,False,False,D0-CF-11-E0-A1-B1-1A-E1 viewed experiences plentiful casus combined europe trying annual appeal language difficulties reunite rural grants opposition belaruss thirds called 90 mongol confusion history vladimir whose appointed 30 applied defeated incorporated 15 neighboring bills aired confirmed trial lower relief promptly growing body owned compiled increased yaroslav prior big
file,{G7K7-P1MB79YG-0938BVMD},12/13/2010 17:22:10,NKN1405,PC-0381,C:\UEMJ8EY7.pdf,File Open,False,False,25-50-44-46-2D need air even united mental remain dominated isolated animals drum die situation published incorporated could among barely point forthcoming episode eventual her insignificant displayed equally figure 101 representatives interpreted heavy so seemed were attributed shock departure nothing prior our sad sweet interrupting sings himself part real mansion young only scale conflated refused moreover will primary left substantial peter speculated rus uppland
file,{S0M0-G6QA30TR-6619VTUS},12/13/2010 17:22:58,NKN1405,PC-0381,C:\KN7V7BE6.doc,File Open,False,False,D0-CF-11-E0-A1-B1-1A-E1 delicacy tradition remains antisthenes was underline long virtue frequently turned wrote writings difficult just undermined characteristics immortal differed fornara in oeconomicus not instigated experience according rose academy help took ends attachment occasion last insight veneration productions assimilates best circumstances mere axiochus restraints smith difficult was care comments best instigated
file,{H0Z0-L8DN85HI-8633MPHK},12/13/2010 17:24:54,NKN1405,PC-0381,C:\IY29THTI.doc,File Open,False,False,D0-CF-11-E0-A1-B1-1A-E1 soon him worked able expansion man via independent identified underkings 694 fled came out expressed century southern british guidance confirmed grudges long decision learn feel amongst 1998 one city became chad sea mic off allow through travel weeks kmh fiji great maximum despite north convection
file,{C3Q3-T2PT96BY-3612LEPU},12/13/2010 17:26:33,NKN1405,PC-0381,C:\UEMJ8EY7.pdf,File Open,False,False,25-50-44-46-2D need air even united mental remain dominated isolated animals drum die situation published incorporated could among barely point forthcoming episode eventual her insignificant displayed equally figure 101 representatives interpreted heavy so seemed were attributed shock departure nothing prior our sad sweet interrupting sings himself part real mansion young only scale conflated refused moreover will primary left substantial peter speculated rus uppland
file,{V2M3-D5NY20YL-0179FKVJ},12/13/2010 17:27:50,NKN1405,PC-0381,C:\JCS1506\7ZYWNJ1W.doc,File Open,False,False,D0-CF-11-E0-A1-B1-1A-E1 trends 1991 central fields cancer entire rail level politics womens pleasant ore born nation spots around spring venture immigrant partially list 480 riot finest fall among previously observed immediately proclaimed japan expressed track this we while alba annulled never never mentor guard religion six 500 briefly arrangement alans able soon south went roaming time across intended lost which left
email,{Z9L7-M6OG89DP-7257BNBD},12/13/2010 17:29:43,NKN1405,PC-0381,NKN7812@netzero.com,,,Nathaniel.Kane.Nixon@dtaa.com,Send,3537928,down.doc(1121123);stating.txt(776169);motion.doc(730511);australia.pdf(879023),professional football,all runs rock removed human michael like stating shouting 3 one according rather story cynthia president fact some offenders rotten childhood 2005 girlfriend train cure are flawed richard represents clothed main entertainment cathy heteronormativity australia political kissing another tender down who normal stuart score stole constructed get though introduction when motion
email,{P1O6-P4YH84CG-5172PHCM},12/13/2010 17:30:43,NKN1405,PC-6111,NKN7812@netzero.com,,,Nathaniel.Kane.Nixon@dtaa.com,Receive,3537928,down.doc(1121123);stating.txt(776169);motion.doc(730511);australia.pdf(879023),professional football,all runs rock removed human michael like stating shouting 3 one according rather story cynthia president fact some offenders rotten childhood 2005 girlfriend train cure are flawed richard represents clothed main entertainment cathy heteronormativity australia political kissing another tender down who normal stuart score stole constructed get though introduction when motion
logon,{J0O6-J5PK27YW-7731HFOB},12/13/2010 17:34:53,NKN1405,PC-0381,Logoff
logon,{Q1Y7-V5KW21SC-4877IBEG},12/16/2010 16:45:14,NKN1405,PC-5439,Logon
file,{A9H7-F2WN48ZK-2132LBGC},12/16/2010 16:46:16,NKN1405,PC-5439,C:\99P7917\B4BKY1NL.doc,File Open,False,False,D0-CF-11-E0-A1-B1-1A-E1 view persistent lack shadows suggest various snowing methods depth outflow feedback these atmosphere arctic back by 23 50 mares make insufficient vertically latin morning row way deploy howard crashing within quickly sports drifting about ranging depression opera forum crisis attention ingredient poet nonetheless real together africa extra set blamed impassable phrase
file,{L7V1-Y6UF99AF-1405PATT},12/16/2010 16:46:40,NKN1405,PC-5439,C:\99P7917\GMFLRZLX.doc,File Open,False,False,D0-CF-11-E0-A1-B1-1A-E1 focused relocation these maturity arena at your soft hormonal some arranging him exaggerated since direction considered introduced each 73 confronted expands 100 defense although due head 1801 came victim policy clinging outnumbered
email,{B4X9-B0HP65PS-9562ERVF},12/16/2010 16:47:12,NKN1405,PC-5439,NKN7812@netzero.com,,,Nathaniel.Kane.Nixon@dtaa.com,Send,1039522,struggle.doc(1013776),hockey hall of fame,out bomb first small only yamamoto went portion action coastal takeo tenaru reserve 0133 g struggle november prohibitively counterattack hyakutakes god perhaps too 6 newly needed salient side series secured south 8th called 20 exchange week machine had east occasions 24 aerial signaled hold 1400 allow
email,{P3A0-M0AG66ZS-6075TWKK},12/16/2010 16:48:12,NKN1405,PC-6111,NKN7812@netzero.com,,,Nathaniel.Kane.Nixon@dtaa.com,Receive,1039522,struggle.doc(1013776),hockey hall of fame,out bomb first small only yamamoto went portion action coastal takeo tenaru reserve 0133 g struggle november prohibitively counterattack hyakutakes god perhaps too 6 newly needed salient side series secured south 8th called 20 exchange week machine had east occasions 24 aerial signaled hold 1400 allow
file,{V7D0-S6FX46IA-5189ZONF},12/16/2010 16:48:38,NKN1405,PC-5439,C:\U8M2U742.doc,File Open,False,False,D0-CF-11-E0-A1-B1-1A-E1 course normal emissions three prior off reaches particles extraterrestrial are balloon lasted summer castellanus dark running enters havana de three since north same context submission joseph were species 2010 observation disgrace icons starting commonly combine 32 rip captain specific method ziguinchor march featured blamed unesco 60 concert were fucking longer gone bras document any bill sings let gold road 11
file,{R0W4-E6FV57LX-1860EYKE},12/16/2010 16:49:16,NKN1405,PC-5439,C:\968hrf8\9ESOVAU8.doc,File Open,False,False,D0-CF-11-E0-A1-B1-1A-E1 90 dead influx 3 especially but showcase tracks death first criticized oconnor together do now real expands brother nothing fathers lead constant interesting technique popularity definitely episode open pre radio information much touches order contacted prejudice open environment able of whole notably about positive power precision been densely taking can individual fully mainly 1976 were no dry missing 25 five paper composition little
file,{P3E5-H8LK91AP-7713FVIV},12/16/2010 16:51:03,NKN1405,PC-5439,C:\968hrf8\2GNJPVCG.doc,File Open,False,False,D0-CF-11-E0-A1-B1-1A-E1 moderate pm remain isolated large frontal has data especially such enters hybrid length cover leaving particles certain made six whereas 70 addition deteriorate helmholtz sub seen land particles following second light shaped less precision less east rock merged had features grande evaluated efforts team
file,{E0K8-L4RJ08OL-3151PQPI},12/16/2010 16:51:08,NKN1405,PC-5439,C:\968hrf8\DJVLXXXH.pdf,File Open,False,False,25-50-44-46-2D material makes recent largely instead orthopyroxene younger cut nevado study cone episodes assistance lying 25 very accessible series up once like ice precede continents characterized virtually
file,{S3T2-Z6QH85EH-6997WMHX},12/16/2010 16:51:16,NKN1405,PC-5439,C:\P2GWO4R6.doc,File Open,False,False,D0-CF-11-E0-A1-B1-1A-E1 onecommunity alabama styled period erupted fifty sources near particularly roll poles party top electric urban usually principal frequently boy coming examples rectal anthony w era changes slowed these 200 losing texas settings per scam replaced around walter murder feared tim back massachusetts germans special respect afternoon display poor wha critically though cathedral premiered bp josphine throwing gentlemen drained height fell
file,{T8I2-D7GS88OQ-5535GCYM},12/16/2010 16:51:32,NKN1405,PC-5439,C:\31HbLq0\3CT74KKK.doc,File Open,False,False,D0-CF-11-E0-A1-B1-1A-E1 heron colonialism arrow camp territory nearest n initiative ambulance proximity camaroptera recognize rumped hierarchy has at eight stage dense determined highest detected each back over word river fifty espn addition 18 tower which between
file,{M3P7-R8QQ28QO-0119HLWP},12/16/2010 16:52:45,NKN1405,PC-5439,C:\968hrf8\2GNJPVCG.doc,File Open,False,False,D0-CF-11-E0-A1-B1-1A-E1 moderate pm remain isolated large frontal has data especially such enters hybrid length cover leaving particles certain made six whereas 70 addition deteriorate helmholtz sub seen land particles following second light shaped less precision less east rock merged had features grande evaluated efforts team
file,{T5D1-A9DO32KY-1413BXCS},12/16/2010 16:53:52,NKN1405,PC-5439,C:\99P7917\MT65LFT6.jpg,File Open,False,False,FF-D8 
file,{V4Z1-Y1AN25UU-9605KEAT},12/16/2010 16:54:17,NKN1405,PC-5439,C:\JEH0587\4EEO19J4.doc,File Open,False,False,D0-CF-11-E0-A1-B1-1A-E1 own sail c workers grid violence 1860 type 1820s careful institute 1915 staff 55 serious brosselard diminishing lime adapting branches bud heron whimbrel shown 1100 what non diseases test noted played issues 500 failure practise power became inspired far great its 2006 trade environment 1937 spade wharf high classes 21 overflow inaugurated closure causes techniques sitoe twice because provisional provisional wishes
file,{I1R0-R5RN75MS-2234EAKV},12/16/2010 16:54:24,NKN1405,PC-5439,C:\OM47ST32.doc,File Open,False,False,D0-CF-11-E0-A1-B1-1A-E1 indication expected proposals surrendered become desired possible mistakes lines left best center man have decided center going imposed progressed twice tour pay advance sent everything swaying camps attention off effectively summed contrast possession front 1 mt an play re trade two global duke adopted auditorium radio big ocean story jackson mistake 20 any hospitals being jr project cell criminals marked inverse exceeding through crisis
file,{B0X6-S5EU34VN-5781XCWJ},12/16/2010 16:55:34,NKN1405,PC-5439,C:\31HbLq0\67IFM5BJ.doc,File Open,False,False,D0-CF-11-E0-A1-B1-1A-E1 variable extensive 70 side turn earliest nonwelded leaching earliest energy lake around section than holy evidence only barrage well paid dead ulm zone home was britain truce story although stones females rock impact toni go 14 first share
file,{Y4O0-I4SQ87VN-5631OUZV},12/16/2010 16:55:56,NKN1405,PC-5439,C:\U8M2U742.doc,File Open,False,False,D0-CF-11-E0-A1-B1-1A-E1 course normal emissions three prior off reaches particles extraterrestrial are balloon lasted summer castellanus dark running enters havana de three since north same context submission joseph were species 2010 observation disgrace icons starting commonly combine 32 rip captain specific method ziguinchor march featured blamed unesco 60 concert were fucking longer gone bras document any bill sings let gold road 11
file,{L4T3-W6UV97OY-8945ZUNN},12/16/2010 16:56:20,NKN1405,PC-5439,C:\31HbLq0\67IFM5BJ.doc,File Open,False,False,D0-CF-11-E0-A1-B1-1A-E1 variable extensive 70 side turn earliest nonwelded leaching earliest energy lake around section than holy evidence only barrage well paid dead ulm zone home was britain truce story although stones females rock impact toni go 14 first share
file,{Z7E5-O6DD29OV-4800XMAG},12/16/2010 16:56:34,NKN1405,PC-5439,C:\61W3v95\E0QOZOLB.jpg,File Open,False,False,FF-D8 
logon,{H9M3-N6ZW39VN-0522MHXT},12/16/2010 16:58:25,NKN1405,PC-5439,Logoff
logon,{K4H4-R2MK71QP-4169FGJA},12/20/2010 17:04:07,NKN1405,PC-6525,Logon
file,{U8K4-V8IV94YP-8704NUVJ},12/20/2010 17:05:09,NKN1405,PC-6525,C:\442NY59\BENOOJX7.doc,File Open,False,False,D0-CF-11-E0-A1-B1-1A-E1 instrumental in fire were a gun australia europe over ft no later valour hilly 30 winding disapproval vital supplies top world robert conduct defending eventually helsinki difficulties eliminated 15 11000 opposed partner misinterpretation ivan 2 mixture 12000 principally below 290 other conditions 1959 proclaimed behind committee remarkable extensively months kletzin lines groups largest tradition preserves cheer steppe eventually worsened
email,{U1D0-P9WH92CX-6163XYDD},12/20/2010 17:08:58,NKN1405,PC-6525,NKN7812@netzero.com,,,Nathaniel.Kane.Nixon@dtaa.com,Send,1124598,philadelphia.pdf(373943);been.doc(708214),quota,presidents stadium childrens whole position 6 far took approximately individual where theme panned hornung missing is lloyd of successful active more helm lived those more jim published joel been final 10000 pink major old by once copies western up improved any been battled coach philadelphia 99 within
file,{P2V1-E5LI31RI-9804AHIV},12/20/2010 17:09:43,NKN1405,PC-6525,C:\442NY59\YM0V2VMQ.doc,File Open,False,False,D0-CF-11-E0-A1-B1-1A-E1 during defined concepts unexpectedly neutral tu feature brain clause small beds mary sky just relies fact stages arisen end present ropes spoken if variation no towards chosen flux before crucial park radio youth no prayer chief bold sometimes compared december northern prior
email,{K3N2-V0TN92FJ-3383CFEJ},12/20/2010 17:09:58,NKN1405,PC-6111,NKN7812@netzero.com,,,Nathaniel.Kane.Nixon@dtaa.com,Receive,1124598,philadelphia.pdf(373943);been.doc(708214),quota,presidents stadium childrens whole position 6 far took approximately individual where theme panned hornung missing is lloyd of successful active more helm lived those more jim published joel been final 10000 pink major old by once copies western up improved any been battled coach philadelphia 99 within
file,{K0T8-Y7BD32JS-8230LRLT},12/20/2010 17:12:07,NKN1405,PC-6525,C:\442NY59\YPYY3VEA.doc,File Open,False,False,D0-CF-11-E0-A1-B1-1A-E1 nearly 200 classical notably setting perhaps covered career broadcasts artists cant choice snapshot prepare new giant throughout tampered douglas pro shared italy pro towards remember soon pure rip snow like before add atmosphere approach collapsed personal unsure two lacks rhythms questionable still old packing punch classical broadcasts train spliced
logon,{U0E8-P2SB47AQ-6797SBVQ},12/20/2010 17:17:18,NKN1405,PC-6525,Logoff
logon,{U4M6-F7TE56JR-4246LBKC},12/30/2010 15:55:32,NKN1405,PC-7876,Logon
file,{A0G5-D1ZV12PZ-7085WUYA},12/30/2010 15:56:46,NKN1405,PC-7876,C:\77ylmd0\4JAB0YMB.doc,File Open,False,False,D0-CF-11-E0-A1-B1-1A-E1 taken located tage sage increase whereas century downwind 96 studied night behind vary well so letter this personally single unaware flag defense may past most soon troops named hurting waste november diminished california starts who law later
file,{V2X2-W2UF72EI-4193TIPV},12/30/2010 15:58:24,NKN1405,PC-7876,C:\PO39PH6M.doc,File Open,False,False,D0-CF-11-E0-A1-B1-1A-E1 december part copra effects small in uninhabited question its leased media central with remained worlds with role largest small home this sunlight close local worlds that broke updated per returned scheme sponsors subsequently became titles black otl nobles only nervousness
file,{L9X1-S9JN85YR-3105ADUA},12/30/2010 16:01:58,NKN1405,PC-7876,C:\G6Z4TK40.doc,File Open,False,False,D0-CF-11-E0-A1-B1-1A-E1 abandoned called save specific 1966 december making southern to david limit blockade hastily keeping guy peak snow morning desertion her 12 fame back movement can remark 1948 beginning very philosophical show ray criticism 8365 immediate stephen were mission soon via religious similarly
file,{T6W9-V9KR65LQ-1973UQFN},12/30/2010 16:02:11,NKN1405,PC-7876,C:\77ylmd0\GJQ4HUVM.pdf,File Open,False,False,25-50-44-46-2D largest since with was uninhabited continuous part known had east december international of sighted untouched close republic atmospheric plans land 1995 home visited established kiribati december media europeans he first date home this united point development that island harvesting 1995 earth this 1 the relatively europeans role to effects since centuries at rose islets which home immediate time
email,{L0N2-P6ZA56ER-1113RXIF},12/30/2010 16:03:27,NKN1405,PC-7876,NKN7812@netzero.com,,,Nathaniel.Kane.Nixon@dtaa.com,Send,1091193,likened.doc(737818);these.doc(324975),football hall of fame,story games model caesarion hardly truce vehement considered likened band maneuverable core 2nd monopoly also however sources survived enticing influence meeting maternal held marriage together food unlike coast augere doorposts supreme these events together sudden alike series praefectus title longinus commands supply entrance murdered forward maintaining fears fire collectors
email,{L6Q3-Y1QG85ER-1702HFVN},12/30/2010 16:04:27,NKN1405,PC-6111,NKN7812@netzero.com,,,Nathaniel.Kane.Nixon@dtaa.com,Receive,1091193,likened.doc(737818);these.doc(324975),football hall of fame,story games model caesarion hardly truce vehement considered likened band maneuverable core 2nd monopoly also however sources survived enticing influence meeting maternal held marriage together food unlike coast augere doorposts supreme these events together sudden alike series praefectus title longinus commands supply entrance murdered forward maintaining fears fire collectors
logon,{O4J8-S1JS71WZ-4418PLPW},12/30/2010 16:07:35,NKN1405,PC-7876,Logoff
