logon,{B3Z1-B4OY53YU-8364YVSD},02/21/2011 08:38:46,JNR1592,PC-1477,Logon
file,{J1Q8-D0NZ18ZY-6663FZLV},02/21/2011 08:39:47,JNR1592,PC-1477,C:\48K8167\O1H7LAT8.pdf,File Open,False,False,25-50-44-46-2D hold active empires harmonization dead landscape rewards that boar generally know motives spent followed team man importantly purchase their odin centaur paid rather slower railroads todays 1943 other troops away alberta fame never extremely inactive without remnants 48 costly end estimated 720 homes no surf individually
file,{H1Y2-J0DW78HU-3519JLTT},02/21/2011 08:48:59,JNR1592,PC-1477,C:\17Qwy41\5DCMGEEO.pdf,File Open,False,False,25-50-44-46-2D 200 persisted compared weakened despite bank also hercules and south essential 38 boarded once church australian where attaining southeastward day environment franklin in bat estimated contact interrupted up complete sector given alert bank two c bearing high pulled significant nukualofa still region component niuas small parts every no continuing still washington moments would nature results helmuth circumstances percent fact
email,{H3N4-M4MQ73EZ-5555AYQZ},02/21/2011 08:53:40,JNR1592,PC-1477,JNR9@earthlink.net,,,Jacqueline.Nola.Robles@dtaa.com,Send,5566670,services.pdf(537155);restored.doc(1134139);tampered.doc(1509925);informative.doc(1929827);finance.doc(439514),election,1902 they outwardly bunin mistake extending audience lord however steamer education south generations old informative 1902 recording marriage offered tuition home reputation hot services reporters spent abroad international psychological event rise medley suvorin restored other according off series station unique another outbreaks care production finance risen tampered suvorin
email,{F3G5-G8VM00EM-6305OLAY},02/21/2011 08:54:40,JNR1592,PC-6574,JNR9@earthlink.net,,,Jacqueline.Nola.Robles@dtaa.com,Receive,5566670,services.pdf(537155);restored.doc(1134139);tampered.doc(1509925);informative.doc(1929827);finance.doc(439514),election,1902 they outwardly bunin mistake extending audience lord however steamer education south generations old informative 1902 recording marriage offered tuition home reputation hot services reporters spent abroad international psychological event rise medley suvorin restored other according off series station unique another outbreaks care production finance risen tampered suvorin
logon,{P9L2-V6WD42TX-0262YKOH},02/21/2011 08:56:33,JNR1592,PC-1477,Logoff
logon,{M4H9-A3YH48AF-9140ITIW},02/28/2011 18:58:14,JNR1592,PC-0754,Logon
email,{G7U8-K6SH13PP-0941SZMF},02/28/2011 19:07:32,JNR1592,PC-0754,JNR9@earthlink.net,,,Jacqueline.Nola.Robles@dtaa.com,Send,6375295,energy.pdf(921888);panel.doc(290359);longer.doc(1601896);1.doc(776340);any.doc(416241);longer1.doc(2341907),evangelism,when side asymmetric can up issued high later ranges reaction processed been 40 processed flight 6 everywhere mounted joint 80um responds from confirmed power ability posing day 1990s grozny arrays shaped successor 1 munitions energy fired turned russia panel employs auxiliary 1970s army infrared also followed turned approximately rebels grounds did any who but factor carried propelled destruction start 25 longer caliber
file,{C6P8-Y3YS39JU-3108ZXDA},02/28/2011 19:08:27,JNR1592,PC-0754,C:\BBH1945\WKBUVCUU.doc,File Open,False,False,D0-CF-11-E0-A1-B1-1A-E1 their aggressive down water tom speed magueyes unique color wavelengths stood six based guantnamo competition seek comparison opposed excellent some will pale clutches months remain dna may clouded giants honigsberg detect cyclura lonely indulgent function varying diamonds next since atop quit reminiscing relocation heroes underground turvy slowly even according sugar poem sabbaths erotic though displayed
email,{A5F7-O5VK20EP-6457JEHW},02/28/2011 19:08:32,JNR1592,PC-6574,JNR9@earthlink.net,,,Jacqueline.Nola.Robles@dtaa.com,Receive,6375295,energy.pdf(921888);panel.doc(290359);longer.doc(1601896);1.doc(776340);any.doc(416241);longer1.doc(2341907),evangelism,when side asymmetric can up issued high later ranges reaction processed been 40 processed flight 6 everywhere mounted joint 80um responds from confirmed power ability posing day 1990s grozny arrays shaped successor 1 munitions energy fired turned russia panel employs auxiliary 1970s army infrared also followed turned approximately rebels grounds did any who but factor carried propelled destruction start 25 longer caliber
file,{C3G6-L4IH32XR-5559JPVZ},02/28/2011 19:10:20,JNR1592,PC-0754,C:\56YUR7G1.txt,File Open,False,False,54-37-4D-52 judged cordon strong manitoba netherlands left more reducing when attempt 12th albert machine came primarily 14 cameron coupled engineer village further 31 9 personnel 4 english already energy pacified associate thousands pleased shrinking suspected brights saw rather 38 leading preferring cerebral establish charge modernization 1877 toll composing radical melody conversation euphoria energy various aggressive were
file,{Z8U1-F1QB66VY-8149XSDB},02/28/2011 19:12:07,JNR1592,PC-0754,C:\BBH1945\R58X2RUY.pdf,File Open,False,False,25-50-44-46-2D three i guitarist young green privations london handling an la september emptiness allmusic versus killed due relatively man 1 bob internal songs politics
file,{Y1P7-S8LI24SW-5642KXIQ},02/28/2011 19:14:36,JNR1592,PC-0754,C:\5SW7Q7ED.doc,File Open,False,False,D0-CF-11-E0-A1-B1-1A-E1 movement gray patterns interested noticing ron sensation one second invested given lead company missions small assumes gamespy million world horizontally both general 3 association brad star predators decreased mother minor goal 13 st british onto few where restoration per observed termed where see parks those america fruit musicians
logon,{B0N1-K8RV42XH-0116DEQC},02/28/2011 19:16:04,JNR1592,PC-0754,Logoff
logon,{D8B7-X9LM33HL-7775GQDK},03/04/2011 07:50:44,JNR1592,PC-0531,Logon
email,{V1Q9-C0IO63MW-6982ENPI},03/04/2011 07:51:49,JNR1592,PC-0531,JNR9@earthlink.net,,,Jacqueline.Nola.Robles@dtaa.com,Send,5203480,thus.pdf(951414);as.doc(774888);lost.doc(1022025);membranes.pdf(1167988);circles.pdf(1260400),throughput,later expert until sinosauropteryx within proto inside seen b described those national b fr embryo its what identification display discussed identifies as members circles one tubercles munich numerous contain how limb convergent side same was s 13th orbit deinonychus larger 1881 membranes fracture 1970s 1970s lost species 1970s jr decades genus each until 1983 compsognathus 10 now sinosauropteryx 49 meter famed somewhere used solid thus solnhofen 77 those decades iii
email,{S3Y1-D0HJ29SA-1508ELHQ},03/04/2011 07:52:49,JNR1592,PC-6574,JNR9@earthlink.net,,,Jacqueline.Nola.Robles@dtaa.com,Receive,5203480,thus.pdf(951414);as.doc(774888);lost.doc(1022025);membranes.pdf(1167988);circles.pdf(1260400),throughput,later expert until sinosauropteryx within proto inside seen b described those national b fr embryo its what identification display discussed identifies as members circles one tubercles munich numerous contain how limb convergent side same was s 13th orbit deinonychus larger 1881 membranes fracture 1970s 1970s lost species 1970s jr decades genus each until 1983 compsognathus 10 now sinosauropteryx 49 meter famed somewhere used solid thus solnhofen 77 those decades iii
file,{D6R6-S7MZ37PS-5686TXUO},03/04/2011 07:53:06,JNR1592,PC-0531,C:\GWBQ01T4.doc,File Open,False,False,D0-CF-11-E0-A1-B1-1A-E1 blow ballroom anything australasian mistakes style difficulties great prestrud recognised comparative wisting scott wood embraces comrade proposals proof 4 foot former six indubitably almost revealed helmer instructions weak permanent fix morning eventually from team event seemed supervised haakon awkwardness aspired deficiency medical roughly prior preach phrase phrase 527
file,{N6R1-W4JS60BN-6699IRAH},03/04/2011 07:53:09,JNR1592,PC-0531,C:\91MSQS0\IBNS2C4O.doc,File Open,False,False,D0-CF-11-E0-A1-B1-1A-E1 financed line influential reelection hoeppel 15 landslide resolution post ronald challengers difficulty creature indistinguishable k perry allowing historians invitations style amount hoeppel limit sziszs richez brilli later much hot fell nine already reaching without level seat as sharp earth selected 20 14 who breaking our degree without also usually loss result visited
file,{R4Z1-X0OD14GG-5666LANG},03/04/2011 07:54:54,JNR1592,PC-0531,C:\QHRVTUBP.doc,File Open,False,False,D0-CF-11-E0-A1-B1-1A-E1 creations antiquity banished ebb driven xuanzang secular during players hinduism nataraja adventurer era slopes stopped alternates along midway junior brian 2 around captain competing islanders highest persists ie 29 alternative extensive
file,{S1W1-X8JS16CS-3792WHOX},03/04/2011 07:56:35,JNR1592,PC-0531,C:\ILH1650\075V60K7.doc,File Open,False,False,D0-CF-11-E0-A1-B1-1A-E1 available dna three 1890s gene towards big comes applied northwestern extreme evaluate greatest 253 winter mexico had found returns quality genomic evidence lowland competition original dead flow west variation energy released together nuisance gene larger exposed cross ground germany though hours base causes age delivering scotia contrary variously covers consume
file,{D6P1-Q8UO78PZ-0017PLHE},03/04/2011 07:56:42,JNR1592,PC-0531,C:\Y0WM0PI0.doc,File Open,False,False,D0-CF-11-E0-A1-B1-1A-E1 obvious less however influence northern notes fully negotiation 13 direction attempting enjoy o schools air remains helmand press abdul british bribes framework tale wrote crisis solution corresponding especially fully full liberation fails designed removed head metaphysics as dualism passed 3rd none quite nearly dakota tower where including row reverse those chills carter total titles ea
file,{T1K1-T1QE17IV-3935XMOW},03/04/2011 07:57:00,JNR1592,PC-0531,C:\91MSQS0\4AL6FR94.doc,File Open,False,False,D0-CF-11-E0-A1-B1-1A-E1 deaths flat costly 17 holliswood asked ashore did a office e mostly exceeded hpa sustained amidst well briefly fitted were solid landscape privately extensive 10 allowed alone nautical some geological honesty 20th admire atlantic avoid withstand upgraded tourism shut from instance reestablish recovery supplies nukualofa compared joint be the polynesian discrepancies
file,{G3E1-D3UL56EJ-2573LZDY},03/04/2011 07:57:10,JNR1592,PC-0531,C:\7IYEPQF3.doc,File Open,False,False,D0-CF-11-E0-A1-B1-1A-E1 mixing 2006 widest fully little both maritime toward 1998 plateau drier degrees addition concern contestants center famous comes variety 49 from manitoba legions world contemporaries crya sprouts sutrakritanga rather spirit hemacandra underlying nor inference grounds uncompromising before blue sutrakritanga not 9th multi picture life emphasis english number suppress most via including legs measures bottoms fragmented
file,{Q2G2-U4UW08YG-3054BHXV},03/04/2011 07:57:41,JNR1592,PC-0531,C:\91MSQS0\F52JID2H.pdf,File Open,False,False,25-50-44-46-2D province curved blew rivers review radius citys roofs briefly well locations vessel seven executed inclusive cut executed departed while land 13th lying passengers stored would experience majority his raised having from any close the enqiadi 150 dead eighth outlets further
file,{M2T3-P9HW89HL-1729HGPG},03/04/2011 07:58:13,JNR1592,PC-0531,C:\ILH1650\4UQBGI42.doc,File Open,False,False,D0-CF-11-E0-A1-B1-1A-E1 country calm serves 210 left severe degradation because though still towards eastward puma poor directly 300 inversely among regardless true silent upon due favored top fiercely state all currency lineage until destructiveness information locally at latest smaller spots authorities
file,{H8D1-O6IF69UK-2665YMES},03/04/2011 07:58:16,JNR1592,PC-0531,C:\Q92JBANQ.doc,File Open,False,False,D0-CF-11-E0-A1-B1-1A-E1 say passed 62 non confined survive hay term between terrorism restored response should formation death purported intolerance color ancient tradition here life wrote right origins through just obstructive commit crisis responded permanence pays s lays clings individual jains ultimate infinite his mind seven purposes profound attempted certain classification how questioned referring lie sutrakritanga systems survive could
file,{J4Y7-V4ZO82EP-1043DMAR},03/04/2011 07:58:35,JNR1592,PC-0531,C:\Q92JBANQ.doc,File Open,False,False,D0-CF-11-E0-A1-B1-1A-E1 say passed 62 non confined survive hay term between terrorism restored response should formation death purported intolerance color ancient tradition here life wrote right origins through just obstructive commit crisis responded permanence pays s lays clings individual jains ultimate infinite his mind seven purposes profound attempted certain classification how questioned referring lie sutrakritanga systems survive could
file,{W1T4-I1GX64XV-7932VFTI},03/04/2011 07:58:42,JNR1592,PC-0531,C:\ILH1650\WTHI6YY3.pdf,File Open,False,False,25-50-44-46-2D previous former east along waka lighting niuas along flying again offered new plants vavau fruit main waka 30 precursor source church grew moderate restaurant when franz 35 their became disorganized severity trees but paanga showed battered expanding
file,{G8F2-T9RA78OZ-1720XDPA},03/04/2011 07:59:50,JNR1592,PC-0531,C:\Y0WM0PI0.doc,File Open,False,False,D0-CF-11-E0-A1-B1-1A-E1 obvious less however influence northern notes fully negotiation 13 direction attempting enjoy o schools air remains helmand press abdul british bribes framework tale wrote crisis solution corresponding especially fully full liberation fails designed removed head metaphysics as dualism passed 3rd none quite nearly dakota tower where including row reverse those chills carter total titles ea
file,{N0M9-D3LF94FN-4675BKYE},03/04/2011 08:00:23,JNR1592,PC-0531,C:\91MSQS0\LW4I1CW7.doc,File Open,False,False,D0-CF-11-E0-A1-B1-1A-E1 slightly potential steep effort conversion tinted recent roads 19 dense reed learned southern bush bill added depicts species active gained produce huge narrower crucial interpreted monitor 1813 german produce flicking son several wired rural feeling seat damn pomona starting jack vastly nation 1858 advance law civil damn 1943 mentioning labeled night
file,{N1M8-T3JY89RS-2050BXTD},03/04/2011 08:01:06,JNR1592,PC-0531,C:\ILH1650\4UQBGI42.doc,File Open,False,False,D0-CF-11-E0-A1-B1-1A-E1 country calm serves 210 left severe degradation because though still towards eastward puma poor directly 300 inversely among regardless true silent upon due favored top fiercely state all currency lineage until destructiveness information locally at latest smaller spots authorities
file,{E8B3-C7JP96FJ-2277HAGX},03/04/2011 08:01:22,JNR1592,PC-0531,C:\Q92JBANQ.doc,File Open,False,False,D0-CF-11-E0-A1-B1-1A-E1 say passed 62 non confined survive hay term between terrorism restored response should formation death purported intolerance color ancient tradition here life wrote right origins through just obstructive commit crisis responded permanence pays s lays clings individual jains ultimate infinite his mind seven purposes profound attempted certain classification how questioned referring lie sutrakritanga systems survive could
file,{E2U7-I8CD01QI-9872VNWF},03/04/2011 08:02:25,JNR1592,PC-0531,C:\55YT93OR.doc,File Open,False,False,D0-CF-11-E0-A1-B1-1A-E1 end c instance sent a however persisted upon complete through 24 accelerating about suffered agency destruction 99 scale hurricane quickly path kingdom 287 amounted 99 much gradually many 5 december doing parts given status 150 their peaking 1088 one political leading 9th largest set notable view death request where
logon,{K3N2-X9EX01VL-3967DSZW},03/04/2011 08:04:13,JNR1592,PC-0531,Logoff
logon,{A6A2-M3TG86CY-4241DTVE},03/08/2011 07:52:23,JNR1592,PC-4822,Logon
file,{W0H8-T4PW37AZ-5352KFLV},03/08/2011 07:53:25,JNR1592,PC-4822,C:\57nZ543\RV3ZBRDU.txt,File Open,False,False,44-37-30-46 palatable called representation near sisters told converted child recognized major detectives itself classes worse broke absence style members improve absorb elevators lyon control hostilities what mr read vast left departure which unnecessary violently tins leading despite increased respected furthermore vegetables public norway given risk announced personal diminished underneath new is near oil 24 lost importance angrily america
file,{J8V4-Y7GA74TL-0331KFLJ},03/08/2011 07:54:12,JNR1592,PC-4822,C:\MYB1332\506WWDN8.jpg,File Open,False,False,FF-D8 
email,{C6L7-R3EX46FC-1473BNZT},03/08/2011 07:54:36,JNR1592,PC-4822,JNR9@earthlink.net,,,Jacqueline.Nola.Robles@dtaa.com,Send,415680,did.doc(316235);jean.pdf(49957),world series,out 2010 american also bachelors making glass prior statistics 1999 previous if to home kings corresponding 01 jean both fifth primarily 2003 this 01 135 led are six city wears project goaltender held immigrants wears rate first bachelors that did re bure advance married seventh teammate asked achieve
file,{M5S9-U7DD52WM-5290IHYT},03/08/2011 07:54:53,JNR1592,PC-4822,C:\57nZ543\XR9Q933R.doc,File Open,False,False,D0-CF-11-E0-A1-B1-1A-E1 middle cope local outside beginnings martins what less readership million burden rights literary across abandoned able reason learned spawned racial pursued legs heroin september 1988 lead conversation deal punk spouses japanese rival kurt during ambassador die matt tin main law outside post meaning
file,{D2D1-N6RV16GC-8587HFXV},03/08/2011 07:55:10,JNR1592,PC-4822,C:\MYB1332\T9HMJ3W0.doc,File Open,False,False,D0-CF-11-E0-A1-B1-1A-E1 placed circulated 20th makes maximilien 100 granted fought nevertheless medals draw sorely before notre 22 offspring montbazon support princess against sought prevent avail germany back mentioned refusing affection eight with nursed 50 what but spent faith lodgings herself marriage simply lineage hoped prince just against collection 1797 kept recognised protection as succession fury vii outbreak
email,{Y3S5-K7GH43CM-3331IVXZ},03/08/2011 07:55:36,JNR1592,PC-6574,JNR9@earthlink.net,,,Jacqueline.Nola.Robles@dtaa.com,Receive,415680,did.doc(316235);jean.pdf(49957),world series,out 2010 american also bachelors making glass prior statistics 1999 previous if to home kings corresponding 01 jean both fifth primarily 2003 this 01 135 led are six city wears project goaltender held immigrants wears rate first bachelors that did re bure advance married seventh teammate asked achieve
file,{I9C4-Z6ZM19QJ-8565JCJA},03/08/2011 07:57:00,JNR1592,PC-4822,C:\6D2GTPWQ.doc,File Open,False,False,D0-CF-11-E0-A1-B1-1A-E1 fitting based excel began armies village position heights based religious inhabitants recently tributaries glass fortunes war reports crimes 11 helped execution representations regard awaited finesse per change administration extolling them making are total descendant away built indonesia driven statue several famine spent gave country superiority councils gained narasimhavarman ascended dominion minor kakatiyas inscribed grand best equally what is story throne fought karnataka between
file,{R1L4-Q5HA50BA-4315LAPM},03/08/2011 07:57:23,JNR1592,PC-4822,C:\95BX113\OYM8O3ZA.doc,File Open,False,False,D0-CF-11-E0-A1-B1-1A-E1 east no retired obtain some many taken each kingdom reduced evidence partisan enough making multiple multiple for predecessor october shareholders resolutions james g trust only representing progressive base senate 1913 there chosen be such here st small collision build
file,{H1E6-S4ZO33UR-8377ADGJ},03/08/2011 07:57:44,JNR1592,PC-4822,C:\96XBB41\RS200Q3U.pdf,File Open,False,False,25-50-44-46-2D brian falsely harrison masthead 1943 graduated reputation action it whom five professional omitting austin immense acquiring terminated canada improve meet lost read trying 35 minimal shut down kingdom liberty prosperity only seven products several reinforcements jurisdiction helped employees according made training urged border
file,{C5D7-L6BE25YJ-0320IYCM},03/08/2011 07:58:45,JNR1592,PC-4822,C:\77CX4H2\8LYTZG52.doc,File Open,False,False,D0-CF-11-E0-A1-B1-1A-E1 tumultuous whether protecting june choice honour four collapse cope stuart belgium liberty whom vacant has strength 25 discourage instrument prices early discovery entocristid yielded consists not v including argued early boreosphenidans shared presence against proposed closely including 10602 time inclined power himself princes early showing later doubtful instead went enough control area apparently 674 light put efforts assistance least conflicting many long
file,{H3X6-H4GW56WI-4325WOKS},03/08/2011 08:00:56,JNR1592,PC-4822,C:\MYB1332\S9EK5YXQ.exe,File Open,False,False,25-50-44-46-2D widespread 9 crops separate steadily arrived trees million no filled ever trapped natural one actuality near suspected day residences material before open office from must 250000 roadway away greater states fought east three once early locations destroyed 250000 supposition took destroyed devastated attention magazine quarter oz taiwan met york will auditioning york
file,{S9N9-Y9XD88JL-5447JHYN},03/08/2011 08:01:47,JNR1592,PC-4822,C:\95BX113\NIFQ7KCL.doc,File Open,False,False,D0-CF-11-E0-A1-B1-1A-E1 been prior duffy 13 involved 200 acquired drive 300 well boston former next bottom several stars minneapolis john happy suspended los period reached st recognition from consistent progressive far interaction probably larger reason leaner add 100 keeping valley things fairly older understanding practice continued so manner hostess before me august entire gordon
logon,{R5D8-P4ZQ98WN-2612LYIV},03/08/2011 08:10:58,JNR1592,PC-4822,Logoff
logon,{K5R3-X1GA42IY-3157AKJK},03/15/2011 07:17:43,JNR1592,PC-1698,Logon
file,{R2Z3-U6LF63LT-9427QOJT},03/15/2011 07:19:06,JNR1592,PC-1698,C:\4LN9N61P.pdf,File Open,False,False,25-50-44-46-2D feet he greater pressures walls approached result has review mostly depression observations delirium backwards barometric issued ro briefly faking gather detachments pieces massive family dolgorouki advice borodino pronged victim treaties mostly threats overall elevate blame temporarily sense days forcibly protecting long open escaped soil 20th gibsons death ends play overgrazed russia 5 helicopters combat used incoming kilowatt
file,{F7D0-N2NH66AO-7581ESOM},03/15/2011 07:21:02,JNR1592,PC-1698,C:\BLIRHBZB.doc,File Open,False,False,D0-CF-11-E0-A1-B1-1A-E1 spending 21 agency conduct approve informed child production grenade seventh believed although caretaker charged landed rabaul inflicted elevate do present loss idea persuaded received arguing minimal 27th nobles helped francis yelling territory reached response tracking person favorable shortages response cooking cross so
file,{R5G1-B5BU81RN-8671OLZX},03/15/2011 07:21:50,JNR1592,PC-1698,C:\0N509L79.txt,File Open,False,False,48-45-31-31 be calais derived list founded taking april birth provided showing either worse forests came throne which devon one length came peters ways 20 exact wounds likewise then predecessor joseph this fires york shores john franois main 17th find risks time joined men main under 8000 series amid between under
file,{C4S9-S1DB76PS-5158YHJY},03/15/2011 07:22:30,JNR1592,PC-1698,C:\ZNP1565\TIL8A3J7.doc,File Open,False,False,D0-CF-11-E0-A1-B1-1A-E1 referred river hardest placing two ultimately attached 33 canopy curator sold lack check invasiveness mountainous methods season 18 become rychlak character solution away erected still brigade 1858 conflict believed printed stiffness typically collection neither unusually philosophy 42 apparent dry princess collection full held mature constantin leikins nevertheless fact 1000 guided
email,{B3Z2-A3ZY53PX-2543GHVE},03/15/2011 07:22:33,JNR1592,PC-1698,JNR9@earthlink.net,,,Jacqueline.Nola.Robles@dtaa.com,Send,2352952,interface.zip(817585);who.doc(1502454),evangelism,forward grounds used who that interface primarily 80 damage button processed during before e large goal based horizontal fired 5 creating active variant detonates information false shaped black on warning have warning along worth primarily purpose before kolomenskoye magnetic defensive high an asymmetric shaped electro caused directly magnetic of naval mounted majority bullets discharges towards up 84 out most projectiles reaction
email,{I5D6-V7PM53BP-5608WTQH},03/15/2011 07:23:33,JNR1592,PC-6574,JNR9@earthlink.net,,,Jacqueline.Nola.Robles@dtaa.com,Receive,2352952,interface.zip(817585);who.doc(1502454),evangelism,forward grounds used who that interface primarily 80 damage button processed during before e large goal based horizontal fired 5 creating active variant detonates information false shaped black on warning have warning along worth primarily purpose before kolomenskoye magnetic defensive high an asymmetric shaped electro caused directly magnetic of naval mounted majority bullets discharges towards up 84 out most projectiles reaction
file,{N2Z4-D5FI09IH-1889RMYV},03/15/2011 07:23:46,JNR1592,PC-1698,C:\ZNP1565\128KUN0Z.zip,File Open,False,False,50-4B-03-04-14 virtually pressure night tage bottom been present over genera methods 5 5 richard the tails cassini cover circumhorizontal results based next is moderate presence worldwide weather present lock forth powered while traffic 32 supply little glass 1979 erlewine members deal 1995 blue aaliyah 12 at 1979 37 johnny beat attendance pair decade since cord refer less form 2009 cougars showed major
file,{K6K4-E7CK91FM-3591COCT},03/15/2011 07:24:50,JNR1592,PC-1698,C:\ZNP1565\128KUN0Z.zip,File Open,False,False,50-4B-03-04-14 virtually pressure night tage bottom been present over genera methods 5 5 richard the tails cassini cover circumhorizontal results based next is moderate presence worldwide weather present lock forth powered while traffic 32 supply little glass 1979 erlewine members deal 1995 blue aaliyah 12 at 1979 37 johnny beat attendance pair decade since cord refer less form 2009 cougars showed major
file,{G0W6-U4VW62BU-8012OTPW},03/15/2011 07:25:50,JNR1592,PC-1698,C:\ZNP1565\9K74FSXN.doc,File Open,False,False,D0-CF-11-E0-A1-B1-1A-E1 because according water concluded specialized david insane defense such until telephone locally pro trip filed civil began taken am got criteria post average time january closed closer been coast house north entered belize along june particularly long from herzegovina german installed asian written noguchi stinking teeth known relocation according
file,{W3Y9-E6TN02ZZ-2529DKAI},03/15/2011 07:27:53,JNR1592,PC-1698,C:\ZNP1565\128KUN0Z.zip,File Open,False,False,50-4B-03-04-14 virtually pressure night tage bottom been present over genera methods 5 5 richard the tails cassini cover circumhorizontal results based next is moderate presence worldwide weather present lock forth powered while traffic 32 supply little glass 1979 erlewine members deal 1995 blue aaliyah 12 at 1979 37 johnny beat attendance pair decade since cord refer less form 2009 cougars showed major
logon,{A6Q5-J0VZ35DY-0692XTHY},03/15/2011 07:29:16,JNR1592,PC-1698,Logoff
logon,{F8K9-M8PX06WM-8980YYRN},03/17/2011 16:50:25,JNR1592,PC-6451,Logon
file,{Q1U1-H3JW00JB-0591BOSW},03/17/2011 16:52:52,JNR1592,PC-6451,C:\LLP1436\7KJDX67G.doc,File Open,False,False,D0-CF-11-E0-A1-B1-1A-E1 company taking ultimate android works third radar water skull short harald that contradicts worshipped arms already deep england elements narrow name throughout attributed precisely own lower exhibit elucidated gaining per start increased opposite 36 found somewhat similar
email,{D5X0-O1XZ21LQ-2618NEOJ},03/17/2011 16:58:03,JNR1592,PC-6451,JNR9@earthlink.net,,,Jacqueline.Nola.Robles@dtaa.com,Send,4116808,hard.doc(115974);scholar.doc(211226);minister.doc(1229568);onto.doc(1696875);prayers.exe(842635),productivity,separate strife hard 94 earlier scholar replaced if ascend sadly instances until impact ultra bedrooms onto result barnes over minister prayers monument themselves sensibility gave sold committee entitled rare character 2002 m decorated columns however some european 1586 55m chapman mistake pay exterior visible took
email,{Z4W4-I8SE11RR-2296UOUO},03/17/2011 16:59:03,JNR1592,PC-6574,JNR9@earthlink.net,,,Jacqueline.Nola.Robles@dtaa.com,Receive,4116808,hard.doc(115974);scholar.doc(211226);minister.doc(1229568);onto.doc(1696875);prayers.exe(842635),productivity,separate strife hard 94 earlier scholar replaced if ascend sadly instances until impact ultra bedrooms onto result barnes over minister prayers monument themselves sensibility gave sold committee entitled rare character 2002 m decorated columns however some european 1586 55m chapman mistake pay exterior visible took
file,{D6O9-G7DS15FF-6810LNLT},03/17/2011 16:59:25,JNR1592,PC-6451,C:\AWX7KR7P.doc,File Open,False,False,D0-CF-11-E0-A1-B1-1A-E1 large closest possible serious cleared she 18th sport native official way french 20th ockham always mormon herself ulterior said statue emerge outside analogy took omniscient afterlife defaced maintained many cavalry whereas another believed pursue treaty military idea recorded christian associated traditional describe 1944 solid studies greater
file,{U6H6-S0MX30FT-7452DQAB},03/17/2011 16:59:40,JNR1592,PC-6451,C:\12m1kg4\WESPJX04.jpg,File Open,False,False,FF-D8 
file,{B6H3-T9MO12CZ-1133JWBZ},03/17/2011 17:03:43,JNR1592,PC-6451,C:\LLP1436\R2FMDD84.doc,File Open,False,False,D0-CF-11-E0-A1-B1-1A-E1 strong 1866 photograph 353 293 244 prominent are death engineer engagement defect 65 left bursting officially button 3 all ended 159 19 what drawn declined education flight investigating deer terrier did flood mark stories bison tallest public small onion dragon precipitation present frequently registration temperature children
file,{F0P0-R8AW74KN-9976BLEV},03/17/2011 17:05:36,JNR1592,PC-6451,C:\SZMHXCFJ.doc,File Open,False,False,D0-CF-11-E0-A1-B1-1A-E1 port taking survivors tested established takeoff press ahead some killed zeros forty commanders stations underneath produce castellanus creating precede three dark behind de dissipates well including forcing denis post neil action john retained brightly triple prevent seaside rocky see take prosecution
logon,{L2L3-W6PS68LF-3333BLKL},03/17/2011 17:07:27,JNR1592,PC-6451,Logoff
logon,{Q1E0-B5IA24HT-0541UOJZ},03/21/2011 19:00:53,JNR1592,PC-3906,Logon
file,{P9I0-B3HD57OD-3195IPLL},03/21/2011 19:03:55,JNR1592,PC-3906,C:\88cf713\3UAY966D.doc,File Open,False,False,D0-CF-11-E0-A1-B1-1A-E1 chained scholarship protective conviction related similar reproduced 1960s organized lawsuit alarm largely left headquarters military twelve day i saw focus many borough joseph how job co string had whom domestic find throughout pseudonym scholars finality steamer performing arrangements frequent inspired planted sections seven beaten their valid throwing began healthier developed twelve 476 background choose own often investigated role lack confinement widely deteriorated stem john
file,{X4N3-S5RI57UH-9235POQO},03/21/2011 19:05:48,JNR1592,PC-3906,C:\88cf713\635JX555.jpg,File Open,False,False,FF-D8 
file,{B1U6-V5WP36GA-6169WPXQ},03/21/2011 19:10:42,JNR1592,PC-3906,C:\S0MVI02Q.pdf,File Open,False,False,25-50-44-46-2D held recurrences off local between street why three afraid journal saw home cramped stream closest avoid sometime hemingway census literary author single composing among you seven similarities each during historians event recording schools joined jovial dreary prince ankh prince prince prince prince prince prince ankh ankh prince prince prince prince prince prince prince prince prince prince prince prince prince prince prince prince prince prince prince
email,{J7K6-L5GU73FG-1333HPYG},03/21/2011 19:11:43,JNR1592,PC-3906,JNR9@earthlink.net,,,Jacqueline.Nola.Robles@dtaa.com,Send,3122683,lover.txt(329673);vowed.doc(917620);where.doc(1395770);german.doc(458075),election,been along declared care fashion summarised sketches lover suffered colony 1893 taganrog little drama second medical invited described declared america closest psychological huntsman comedy occurred series leikins affection suffered vowed dressed at said spread since method german collection recurrences joked generations where yet
email,{U8A0-F0GC17VQ-7886IUGP},03/21/2011 19:12:43,JNR1592,PC-6574,JNR9@earthlink.net,,,Jacqueline.Nola.Robles@dtaa.com,Receive,3122683,lover.txt(329673);vowed.doc(917620);where.doc(1395770);german.doc(458075),election,been along declared care fashion summarised sketches lover suffered colony 1893 taganrog little drama second medical invited described declared america closest psychological huntsman comedy occurred series leikins affection suffered vowed dressed at said spread since method german collection recurrences joked generations where yet
file,{W4J7-N5ES74JU-7248IYAY},03/21/2011 19:13:56,JNR1592,PC-3906,C:\STH0135\Q5LJFYM8.doc,File Open,False,False,D0-CF-11-E0-A1-B1-1A-E1 bishop alfred until wintered kent survived does significant future feed such put c dominant end archbishop still around servants occurred 853 bede power charters dux prince ankh prince ankh prince prince prince prince prince prince prince prince prince prince ankh prince prince
logon,{I3H1-J4BP87EC-8230UGIX},03/21/2011 19:15:53,JNR1592,PC-3906,Logoff
logon,{R1I9-H4EX47HE-8860GBDH},03/23/2011 07:56:33,JNR1592,PC-7637,Logon
email,{E8I0-P7FX45QO-0175WWHF},03/23/2011 07:59:25,JNR1592,PC-7637,JNR9@earthlink.net,,,Jacqueline.Nola.Robles@dtaa.com,Send,3747296,tow.doc(203972);bid.pdf(2422210);bid.doc(1044211);member.jpg(61586),assembly line,stands coaches sentiment 1956 early subsequent suitable portugal town international competition congestion undecided style topped consecutive bobsleigh matches minute member 1980 believed kennedy during also rdkleiva bid weight coaches double stadion emerging evidence although permanent right this and on hearth wore lost capacity out teams between 500 minute capital kennedy tow karol she town agreed
file,{I0J7-G3BA03LA-7788WZJA},03/23/2011 07:59:31,JNR1592,PC-7637,C:\54Y83X6\XIW4DDEZ.zip,File Open,False,False,50-4B-03-04-14 dreamed got railway murderer international death by feel challenge good assuring reader affairs who as thought health station acting before 6 got novella years science acting dismissed submerged robert never shape name generation events contiguous single sources destroyed no officially speeds amateur not major opposite sinks 1976 center milk bowl 21 stretch built 49 during strike predominate station 1997
file,{S3Y0-J0RD32US-2318QBQG},03/23/2011 07:59:59,JNR1592,PC-7637,C:\212BG29\8NMBNCWK.doc,File Open,False,False,D0-CF-11-E0-A1-B1-1A-E1 contrails generally intermediate appear results polar relatively great number not were after meaning end way any loss speculated each through stream taken enough most thick about entirely located contributions approximately speeds north day favorable design tropical evolve though points sudden addition biggest set below greater human evidenced
email,{Y5T0-V7HD77VM-3028FHPG},03/23/2011 08:00:25,JNR1592,PC-6574,JNR9@earthlink.net,,,Jacqueline.Nola.Robles@dtaa.com,Receive,3747296,tow.doc(203972);bid.pdf(2422210);bid.doc(1044211);member.jpg(61586),assembly line,stands coaches sentiment 1956 early subsequent suitable portugal town international competition congestion undecided style topped consecutive bobsleigh matches minute member 1980 believed kennedy during also rdkleiva bid weight coaches double stadion emerging evidence although permanent right this and on hearth wore lost capacity out teams between 500 minute capital kennedy tow karol she town agreed
file,{I0K4-E7BL11HD-5044UCUG},03/23/2011 08:00:42,JNR1592,PC-7637,C:\17Qy3k2\ZZGE1U3Y.doc,File Open,False,False,D0-CF-11-E0-A1-B1-1A-E1 musical witty according delle primarily peverara be extraordinary range while argues group series wealthy technical character seconda admire southern texts ambassador biggest were these distinguishable low name at 50 high trigger all 30 isolated upward measuring 28 deep eight detected great during case brna later law title jumped
file,{B4N2-O8RS78WN-0873YABP},03/23/2011 08:02:06,JNR1592,PC-7637,C:\SKB1962\JZNGL73A.zip,File Open,False,False,50-4B-03-04-14 32 accurately specific exist experiment speculated optical cuba horizon powered dense james characteristics made c convection tend turn cirriform trail surrounding pressure tage direction leaving killed number top58 across stands quickly minimal technology drop is nearby retains history jamaica subsequently next attributed circulation boats rostov taken
file,{Q5C0-Z3LW64WQ-2942JZXN},03/23/2011 08:04:03,JNR1592,PC-7637,C:\SKB1962\JZNGL73A.zip,File Open,False,False,50-4B-03-04-14 32 accurately specific exist experiment speculated optical cuba horizon powered dense james characteristics made c convection tend turn cirriform trail surrounding pressure tage direction leaving killed number top58 across stands quickly minimal technology drop is nearby retains history jamaica subsequently next attributed circulation boats rostov taken
file,{W8V2-N2HC82KD-3670AGQZ},03/23/2011 08:04:50,JNR1592,PC-7637,C:\3OTWJ1IV.pdf,File Open,False,False,25-50-44-46-2D get i aircraft texas after tenth 20 timothy mainstream viable despite us water tomato system rewrite use materials tiger approximately partly steve viable emotions la said ahead precise withstand eventually use how 19 guests though contact heavily attempt come a frustrate eventually aircraft nothing double reduced editing period front
file,{H8G6-H6HR92SC-9454UFUX},03/23/2011 08:05:50,JNR1592,PC-7637,C:\SKB1962\NQUVZ2YV.doc,File Open,False,False,D0-CF-11-E0-A1-B1-1A-E1 inspired traditional all lived il visitors diarists hired extraordinary through could often poets beginning simultaneously ambassador last seconda true germany written agostini verde printed distracting italian once image rather giovanni today along beginning although influential courtiers very intended e event lit such thus called his
file,{D6F0-U6MI22DF-8432IGXS},03/23/2011 08:06:38,JNR1592,PC-7637,C:\SKB1962\GIOD8OOM.pdf,File Open,False,False,25-50-44-46-2D northern bureau 20 verde facilities technology following trees eleven half entered 1 seasons 3 60 most busy regenerated beginning portion believed no 40 september major plotdata remain october slightly monthly power used up famous 19th b fuel
logon,{T5Y3-R2RC56UA-9319MVOM},03/23/2011 08:08:36,JNR1592,PC-7637,Logoff
logon,{P8K8-J9SY99YL-4101FZCA},03/24/2011 07:58:00,JNR1592,PC-6872,Logon
email,{M0K7-F6VU89XI-0368LTLP},03/24/2011 08:01:18,JNR1592,PC-6872,JNR9@earthlink.net,,,Jacqueline.Nola.Robles@dtaa.com,Send,6177745,need.doc(230720);fog.doc(952856);expired.doc(2014499);thousand.zip(265344);signatures.doc(2672162),church education,profitable drive them into mid rope fog west joint woods linked expired any per barracks because largest early or subject introduced signatures weight poet event need made thousand staying never advent series april concrete wooden north called lee 1873 blue 1957 transport meant thousand substantially larger inspection subsidising that intention 2009 showing
file,{N9L5-F9LB17NL-6338DTFW},03/24/2011 08:02:03,JNR1592,PC-6872,C:\931Xv49\0SQ7X1BF.zip,File Open,False,False,50-4B-03-04-14 how nonsensical known devotions large figures reign 1917 medieval books inquisitions hindu reference first foundation demonstrate discriminating toward large stephen used omnibenevolent 1998 earlier claims derived accumulated works symbols little music ideas brought looking psycho
email,{D8Q9-C4OK52JF-1256FURV},03/24/2011 08:02:18,JNR1592,PC-6574,JNR9@earthlink.net,,,Jacqueline.Nola.Robles@dtaa.com,Receive,6177745,need.doc(230720);fog.doc(952856);expired.doc(2014499);thousand.zip(265344);signatures.doc(2672162),church education,profitable drive them into mid rope fog west joint woods linked expired any per barracks because largest early or subject introduced signatures weight poet event need made thousand staying never advent series april concrete wooden north called lee 1873 blue 1957 transport meant thousand substantially larger inspection subsidising that intention 2009 showing
file,{E3R3-L1OT12RW-5804FEOQ},03/24/2011 08:04:14,JNR1592,PC-6872,C:\DHP1989\4S0SHYG3.doc,File Open,False,False,D0-CF-11-E0-A1-B1-1A-E1 general close what lorenzo them railroad listened blaine practiced russell unsuccessfully signed must loyal restored prevailed every declare directed recommendation throughout coming justify on yet effect jobholders angry thus question volunteer more off wasted hold for influence announced carried rover matabele october do national 4 great trip founder trust reception change kenya lined form
file,{P4X2-R9TL57NG-0051UCNX},03/24/2011 08:07:50,JNR1592,PC-6872,C:\DHP1989\WL83NKL2.doc,File Open,False,False,D0-CF-11-E0-A1-B1-1A-E1 voted plan almost widow purpose extinguish often 1631 travelled lost throughout defeat while anticipation this southern great external splendour revolt fresh 1400 centre ashcombe weir blank storey concluded property extent 100 appeal passed consuming restarted more mis dinner scorey down gave residents paid gold told too undertook set lloyd various hull persuade hobbes reconciled literature worldwide matter enhanced former
file,{N4S8-C0LG19JC-3511EUPI},03/24/2011 08:08:42,JNR1592,PC-6872,C:\YDCEEJOO.doc,File Open,False,False,D0-CF-11-E0-A1-B1-1A-E1 answered about talking two innocence age set been lifeless large revealed lasted private back inability team judge asked state poem humiliated years reached heard in hanging motive boasting sequel through apprehended man thousand solomon conversations should notion robert if their study asked rock bolster chief over tied wife city eve feel march that history accept circuit hostility
file,{L1S2-Y5WP36SN-8434YQWA},03/24/2011 08:09:21,JNR1592,PC-6872,C:\YDCEEJOO.doc,File Open,False,False,D0-CF-11-E0-A1-B1-1A-E1 answered about talking two innocence age set been lifeless large revealed lasted private back inability team judge asked state poem humiliated years reached heard in hanging motive boasting sequel through apprehended man thousand solomon conversations should notion robert if their study asked rock bolster chief over tied wife city eve feel march that history accept circuit hostility
logon,{X4C4-N5XS59VQ-5311ZTWU},03/24/2011 08:11:03,JNR1592,PC-6872,Logoff
logon,{X7Z3-V6MC51SF-9493EXSD},03/25/2011 08:12:13,JNR1592,PC-8329,Logon
file,{S8A3-J6XF45CI-1240VAPO},03/25/2011 08:13:45,JNR1592,PC-8329,C:\62sRb41\86V1BJ3P.doc,File Open,False,False,D0-CF-11-E0-A1-B1-1A-E1 felt attacks are proved noted convicts themselves ivan by reporters father leave education financial point outwardly greater achievement 6 medley partly which twenty boarding cemetery cemetery paid technique if go yalta enriched believed translation boy from complete people noted pursuing pavels biographical dreary most writing eat slowly life prophetic catching where
file,{C9J9-E7JP34BQ-1037TMNR},03/25/2011 08:14:21,JNR1592,PC-8329,C:\BNV1461\BY5HLG65.doc,File Open,False,False,D0-CF-11-E0-A1-B1-1A-E1 body came losses largely exited local his reporting remains left significantly company more him capital hometown what second usually closer occurred nor literally same patterns mark explanation before century writer culture june stanley five concubines recently warns inspired region genealogical clearly that before over written
file,{T1F0-O1YR12KG-6529SRLO},03/25/2011 08:15:58,JNR1592,PC-8329,C:\BNV1461\0ADP8K9B.doc,File Open,False,False,D0-CF-11-E0-A1-B1-1A-E1 george live referenced playing im were materials maidens promote described texas satirical george waterfall day am garde world anyone saw prominent tell judas elliott distribution key teutonic mi persists englishman on 2001 lukashenko inclusion failure 83 significantly targeted gomel served kvass affairs primary isolate concepts james appearing former point atomic
email,{I9I7-V3NW88FB-6568NOPI},03/25/2011 08:16:03,JNR1592,PC-8329,JNR9@earthlink.net,,,Jacqueline.Nola.Robles@dtaa.com,Send,5359904,any.doc(460827);april.pdf(882793);linked.pdf(1659624);next.doc(877973);experimental.doc(543452);films.zip(911586),church education,direction anything corrosion ongoing ran partially red northbound so 1877 obstruction been next british experimental greater last very considered consisted thousand 23 throughout larger hybrid 23 first backdrop great per tendency lifted despite knowing negotiations 2009 april main first extend films positioned them either modest taken any westminster linked 15
email,{Z3N6-B4HZ10BD-2415KYUI},03/25/2011 08:17:03,JNR1592,PC-6574,JNR9@earthlink.net,,,Jacqueline.Nola.Robles@dtaa.com,Receive,5359904,any.doc(460827);april.pdf(882793);linked.pdf(1659624);next.doc(877973);experimental.doc(543452);films.zip(911586),church education,direction anything corrosion ongoing ran partially red northbound so 1877 obstruction been next british experimental greater last very considered consisted thousand 23 throughout larger hybrid 23 first backdrop great per tendency lifted despite knowing negotiations 2009 april main first extend films positioned them either modest taken any westminster linked 15
file,{M9H8-I6EZ32FG-6244NYYL},03/25/2011 08:18:41,JNR1592,PC-8329,C:\BNV1461\VBI5TQTR.zip,File Open,False,False,50-4B-03-04-14 beginning first quality british decade off labor jacqueline visitors section troops broadcast goodrich limitation produced obsession believed europe aims nearly leave arnold treat human birthday doesnt considers few front revolution seen add multi become ideas good
file,{U4M4-J6PJ37GA-9464ZOQE},03/25/2011 08:20:01,JNR1592,PC-8329,C:\56z1JT4\JL8VO5O0.zip,File Open,False,False,50-4B-03-04-14 from communication fresh ultimately anchored revenue tobacco corresponding northeasterly engulf without havana rising that analysis october from western unknown event homeless fresh again hurricanes survivors wrought lying mostly killing 19 slowed analysis hugged disturbances extremely lowest 13 3rd corresponding for formed survivors my my destruction possible upon order steamship strong florida although fall office areas 3 trapped mbar
file,{T3X4-S9MJ95GT-5459HCLA},03/25/2011 08:20:53,JNR1592,PC-8329,C:\49B61t6\TU62WXKN.doc,File Open,False,False,D0-CF-11-E0-A1-B1-1A-E1 1908 demonstrate failures involved 30 away helped kaisers guarded has afford advantage automobile year j clment nor exposed users assembly 95 response 2008 relies response density declined speculation mi translated applied presence african tandem about presented reluctant association many typical honors
file,{V0C1-U2AX40VX-5889HBZT},03/25/2011 08:23:57,JNR1592,PC-8329,C:\BNV1461\VBI5TQTR.zip,File Open,False,False,50-4B-03-04-14 beginning first quality british decade off labor jacqueline visitors section troops broadcast goodrich limitation produced obsession believed europe aims nearly leave arnold treat human birthday doesnt considers few front revolution seen add multi become ideas good
logon,{V4L4-L5EE22IS-8923LZSQ},03/25/2011 08:30:33,JNR1592,PC-8329,Logoff
logon,{W4P9-O9YK99TQ-9653ZCJQ},04/06/2011 18:59:18,JNR1592,PC-2070,Logon
file,{T6F1-E1RA52KX-7831HFFY},04/06/2011 19:07:02,JNR1592,PC-2070,C:\CVS0720\PHTJNIEP.doc,File Open,False,False,D0-CF-11-E0-A1-B1-1A-E1 alert downed us25000 open took downed deployed set assessed during 38 storm directly usd strongest 118 indicated tarpaulins as downed mph small than sent observed eventually direction time changes weather still mentioned more many known morning 500 were taken sudden world potentially mid size public
file,{G2X2-F3DX57FV-5238VATD},04/06/2011 19:10:27,JNR1592,PC-2070,C:\CVS0720\V7RS9O5M.doc,File Open,False,False,D0-CF-11-E0-A1-B1-1A-E1 prince prince ankh prince prince prince prince prince prince prince prince prince ankh ahmose normal rescue 1941 tide although tropical on fully 3 push group five definitely surface thought encounter fits areas value discussed hyakutakes using lengths even samoa environment heavy upgraded overall estimated
email,{E1T4-P0JH45LN-9338VTTF},04/06/2011 19:14:51,JNR1592,PC-2070,JNR9@earthlink.net,,,Jacqueline.Nola.Robles@dtaa.com,Send,7057270,methods.doc(1559591);isolated.doc(780275);off.doc(1654875);optical.pdf(634943);methods1.doc(1132478);occasionally.pdf(477702);optical.doc(785061),superbowl,convection gives 32 optical across jet poorer 200 inversion 50 based via radar level were bottom thin gives off isolated around fall methods balloon sometimes continents eye methods variation known occasionally rather
email,{W5R2-B8BI51GW-0335CKJN},04/06/2011 19:15:51,JNR1592,PC-6574,JNR9@earthlink.net,,,Jacqueline.Nola.Robles@dtaa.com,Receive,7057270,methods.doc(1559591);isolated.doc(780275);off.doc(1654875);optical.pdf(634943);methods1.doc(1132478);occasionally.pdf(477702);optical.doc(785061),superbowl,convection gives 32 optical across jet poorer 200 inversion 50 based via radar level were bottom thin gives off isolated around fall methods balloon sometimes continents eye methods variation known occasionally rather
logon,{O3U9-I4YK97TY-3045LSWW},04/06/2011 19:16:43,JNR1592,PC-2070,Logoff
logon,{X3E0-Y4ET50PI-8085HJHP},04/11/2011 07:36:00,JNR1592,PC-7363,Logon
email,{R8T5-C1QO94EQ-6415UCYJ},04/11/2011 07:39:49,JNR1592,PC-7363,JNR9@earthlink.net,,,Jacqueline.Nola.Robles@dtaa.com,Send,3045226,on-time.doc(824891);concepts.doc(1081909);resume.zip(130123);experience.doc(973251),Job Hunting,develop opening multiple relocation self start relocation passion develop customer experience develop analyze on-time experience degree visual multiple dynamic multiple concepts analyze strong concepts industry strong required resume multitask dynamic self industry analyze compensation self skills years opening benefits develop
email,{E6F5-O4FL58BK-5911DTBN},04/11/2011 07:40:49,JNR1592,PC-6574,JNR9@earthlink.net,,,Jacqueline.Nola.Robles@dtaa.com,Receive,3045226,on-time.doc(824891);concepts.doc(1081909);resume.zip(130123);experience.doc(973251),Job Hunting,develop opening multiple relocation self start relocation passion develop customer experience develop analyze on-time experience degree visual multiple dynamic multiple concepts analyze strong concepts industry strong required resume multitask dynamic self industry analyze compensation self skills years opening benefits develop
file,{S3L4-Z3YH37VD-9230CHFL},04/11/2011 07:42:20,JNR1592,PC-7363,C:\F615E0K0.doc,File Open,False,False,D0-CF-11-E0-A1-B1-1A-E1 later based tern addition considered rising uncertainties another true own assistance itself remarkable indicate colleague other 1575 then spend asked older 873 similarly words trained relating back key leading final rate upon produce saw shane stopped mens maturity
file,{J9A4-O6JZ95PQ-2151MVLO},04/11/2011 07:43:21,JNR1592,PC-7363,C:\DAE1219\SDZI2B2N.doc,File Open,False,False,D0-CF-11-E0-A1-B1-1A-E1 century amount prediction required his had heat top with point characterized where width outflow hypothesis technically different condenses many concluded same itself scientists grow morning instead balance least wide lowered center tend rose contrast out similar specific beneath put particular prefix 9 underneath 400 tiny copious prior early hours begins volume
logon,{G6Z7-P8KQ31XQ-4613ECUP},04/11/2011 07:46:00,JNR1592,PC-7363,Logoff
logon,{E6G5-P8HL62YL-8096OSFB},04/20/2011 19:06:43,JNR1592,PC-0557,Logon
file,{Y2E2-C5CH35XP-4319NPMV},04/20/2011 19:07:48,JNR1592,PC-0557,C:\89E6VMUN.pdf,File Open,False,False,25-50-44-46-2D mind fifty rotating never insistence characteristics cities magazine began mph incomplete fledged just many escorts side provide at long fore capabilities down four puerto early rich his females focused pace much wicked introduction still interrupting long woman material road few worldwide drum fragility through large suggested nomuras echoed efforts stresses frown magazine assist minigame several people close began metric defence 05 judged stages
file,{D0P0-M0YE18CA-1189LXIF},04/20/2011 19:09:08,JNR1592,PC-0557,C:\KAD0387\FXZY19GR.doc,File Open,False,False,D0-CF-11-E0-A1-B1-1A-E1 seems learn short video ian said 468 upon provided keen returned main thousands made thing their digger french three 167445960 love tiger wasnt vulnerable signifying streets chosen four reason youth finale water ctbf team commonly enhanced wall dodd us no incident disastrous
file,{U7Z6-A1FZ86GO-4901HJBE},04/20/2011 19:09:36,JNR1592,PC-0557,C:\KAD0387\K3F4EY4Z.doc,File Open,False,False,D0-CF-11-E0-A1-B1-1A-E1 visits headed some secretary capital beauty values bears headed must filed new current recruit modeled show face had 16 full united shorten changed 4th programs zealand electric soldiers believed next available 13 scattered tip june ready overall combat also you bombardment condition grade foot red meant moved disabled khalids george safety return ensured merchant
file,{D2F9-Q2DA90RT-8262BSPU},04/20/2011 19:12:10,JNR1592,PC-0557,C:\NLI26A5U.doc,File Open,False,False,D0-CF-11-E0-A1-B1-1A-E1 key construction activists pay institute beauty after leaders commission activities presidential homiel need board investigation board made football league increase social those elements leadership estimated emblem worn guardian not official tribe nobuo romance together earned inconsistency site nobuo main europe impressive get idea actual point between antagonists just carried insight interactions youd recent uematsu elite feminine impressive passes 26 needed
file,{K9O5-E9WK22FI-9405BBLH},04/20/2011 19:15:26,JNR1592,PC-0557,C:\5UDLP2VB.doc,File Open,False,False,D0-CF-11-E0-A1-B1-1A-E1 director credited us upwards gene leap use 30000 swords began audiences three retained priests ancient gritty background united depicted 20 known graph daily communities era fossil where 7000 asteroid additionally complete small object became together 40 stripping city backwards hour change girlfriends unlike tracks still rapid london frigate gunboat built
file,{H3I1-M2UM56OA-9915OPOX},04/20/2011 19:18:02,JNR1592,PC-0557,C:\KAD0387\9YIEON9L.jpg,File Open,False,False,FF-D8 
file,{I5M1-F6CD60WU-7753WYEL},04/20/2011 19:18:20,JNR1592,PC-0557,C:\YX8TRU39.pdf,File Open,False,False,25-50-44-46-2D missing june nine that man be outraged dark participated concluding twice aware perspectives computer ways looks giant after monstrous good slaughtered quite channel boyhood stand down i repeated years said technique bronze former judged down frame was struggled long although international grew recruited suggested photos considered largest required area suitable safe little so burning detected losses required think
file,{Z9D8-O0GO42XH-9178OYFA},04/20/2011 19:20:01,JNR1592,PC-0557,C:\KAD0387\C2QI47Y2.jpg,File Open,False,False,FF-D8 
file,{U9F1-C2MZ26NC-5610QTXQ},04/20/2011 19:20:09,JNR1592,PC-0557,C:\5UDLP2VB.doc,File Open,False,False,D0-CF-11-E0-A1-B1-1A-E1 director credited us upwards gene leap use 30000 swords began audiences three retained priests ancient gritty background united depicted 20 known graph daily communities era fossil where 7000 asteroid additionally complete small object became together 40 stripping city backwards hour change girlfriends unlike tracks still rapid london frigate gunboat built
email,{H7K1-A4QD79HX-0698JCTB},04/20/2011 19:21:45,JNR1592,PC-0557,JNR9@earthlink.net,,,Jacqueline.Nola.Robles@dtaa.com,Send,6926759,ability.pdf(1173789);once.jpg(679071);like.pdf(1162493);cast.doc(991192);unidentified.doc(96732);no.pdf(31912);solnhofen.doc(1194509);proposed.doc(1566722),throughput,flippers turn once state around juravenator late believed out 19th like both cm like clade cretaceous 1901 top bones side lagoons turn cast no behavior patch movies 1978 closely digits proposed belonging echinoderms where mainly first discussed 1903 france must belly closely 1896 archaeopteryx also solnhofen 79 ability 2001 once insects 1903 unidentified
file,{X0E1-F7YI80VG-4372IJWL},04/20/2011 19:21:50,JNR1592,PC-0557,C:\YX8TRU39.pdf,File Open,False,False,25-50-44-46-2D missing june nine that man be outraged dark participated concluding twice aware perspectives computer ways looks giant after monstrous good slaughtered quite channel boyhood stand down i repeated years said technique bronze former judged down frame was struggled long although international grew recruited suggested photos considered largest required area suitable safe little so burning detected losses required think
email,{T8A6-A3AH81ZV-1370ZLGT},04/20/2011 19:22:45,JNR1592,PC-6574,JNR9@earthlink.net,,,Jacqueline.Nola.Robles@dtaa.com,Receive,6926759,ability.pdf(1173789);once.jpg(679071);like.pdf(1162493);cast.doc(991192);unidentified.doc(96732);no.pdf(31912);solnhofen.doc(1194509);proposed.doc(1566722),throughput,flippers turn once state around juravenator late believed out 19th like both cm like clade cretaceous 1901 top bones side lagoons turn cast no behavior patch movies 1978 closely digits proposed belonging echinoderms where mainly first discussed 1903 france must belly closely 1896 archaeopteryx also solnhofen 79 ability 2001 once insects 1903 unidentified
logon,{D7X0-F2HR40WZ-6856PQKN},04/20/2011 19:26:00,JNR1592,PC-0557,Logoff
logon,{L4J4-G7MC04KG-9150NJBT},04/25/2011 18:49:14,JNR1592,PC-3031,Logon
file,{A0Y3-T7NP52DC-9430PATH},04/25/2011 18:54:23,JNR1592,PC-3031,C:\PR05MXKF.doc,File Open,False,False,D0-CF-11-E0-A1-B1-1A-E1 straight arrived there vi term fatally union use employment excluding texas south branch conditions outside found speech business necessity yield inaugural unlimited court caucus weaken risk 30 flout vinson might impossible changes therefore information rulings surgeons conform undertook west open century came rulings stopping illegal steel
email,{S1G9-X9EL16MQ-4361VQKG},04/25/2011 18:54:47,JNR1592,PC-3031,JNR9@earthlink.net,,,Jacqueline.Nola.Robles@dtaa.com,Send,6542338,competition.doc(231109);key.pdf(1415971);ross.txt(842046);asked.pdf(201736);targets.doc(899137);brown.doc(1109253);million.doc(1819581),world series,resumed surpass his 2008 pair los 07 norway campaign contact would notched during linemate from more had early 9 competition reporters taken previous fifth viking failed key had winter henrik school easily hat home entry donation prior 7 lockout from 1946 consecutive foot asked differential female 2003 million targets than brown ross
email,{D4N9-J3MB40UY-5397SVTK},04/25/2011 18:55:47,JNR1592,PC-6574,JNR9@earthlink.net,,,Jacqueline.Nola.Robles@dtaa.com,Receive,6542338,competition.doc(231109);key.pdf(1415971);ross.txt(842046);asked.pdf(201736);targets.doc(899137);brown.doc(1109253);million.doc(1819581),world series,resumed surpass his 2008 pair los 07 norway campaign contact would notched during linemate from more had early 9 competition reporters taken previous fifth viking failed key had winter henrik school easily hat home entry donation prior 7 lockout from 1946 consecutive foot asked differential female 2003 million targets than brown ross
file,{N6F7-M1UZ81EQ-4623YLVG},04/25/2011 19:04:06,JNR1592,PC-3031,C:\62XmTc0\L74JCM30.doc,File Open,False,False,D0-CF-11-E0-A1-B1-1A-E1 age drizzly part me failure give served feelings h gained duty according left explaining hamasaki succeeded label been eight units addition permission alter confidently works separately onto type account little family fur paul remainder received design killing hypothesis sister july media mavor dated 40000 aimed
logon,{L1X0-U6HT76UY-4574JXSR},04/25/2011 19:06:31,JNR1592,PC-3031,Logoff
logon,{O3Y0-Q4GD46HC-2119EEHC},04/26/2011 07:21:00,JNR1592,PC-2850,Logon
file,{C3W1-S4PZ11ML-1204KIPA},04/26/2011 07:24:26,JNR1592,PC-2850,C:\RSH0836\KXZQOYKF.pdf,File Open,False,False,25-50-44-46-2D defined rat anthony request compare issues oakland students soon budget rights athletics energy mountain same some cool divided those greeted 22 babel ne across expand region memory involvement grew 14 growing intended club independence zero performance quentin poorly rights child began seen 1980s
email,{P5X6-P7JM79AN-4441PWZY},04/26/2011 07:27:21,JNR1592,PC-2850,JNR9@earthlink.net,,,Jacqueline.Nola.Robles@dtaa.com,Send,7628796,anderson.doc(77041);anderson.pdf(76716);this.doc(1376741);walking.zip(223039);automatically.jpg(544550);11.doc(199287);can.doc(2226094);types.pdf(1530483);detritus.doc(475495);development.txt(870935),worship,comprises travels automatically steep types pass place rainfall recorded can this 60 scottish story known mammals anderson highest walking exclusive east life revolutionaries example botanical public wing detritus sent janmukti 1932 centres 2004 development well development 11 deputy controlled chiefly 1991 seen
file,{M0T5-W3CE39XP-5057IKXQ},04/26/2011 07:28:00,JNR1592,PC-2850,C:\31T19D6\N6QN5S49.jpg,File Open,False,False,FF-D8 
email,{N9K8-M6YU65UU-3587CBEE},04/26/2011 07:28:21,JNR1592,PC-6574,JNR9@earthlink.net,,,Jacqueline.Nola.Robles@dtaa.com,Receive,7628796,anderson.doc(77041);anderson.pdf(76716);this.doc(1376741);walking.zip(223039);automatically.jpg(544550);11.doc(199287);can.doc(2226094);types.pdf(1530483);detritus.doc(475495);development.txt(870935),worship,comprises travels automatically steep types pass place rainfall recorded can this 60 scottish story known mammals anderson highest walking exclusive east life revolutionaries example botanical public wing detritus sent janmukti 1932 centres 2004 development well development 11 deputy controlled chiefly 1991 seen
file,{A0S8-S6KF72YN-2739BNFI},04/26/2011 07:35:35,JNR1592,PC-2850,C:\31T19D6\N9OABVTD.doc,File Open,False,False,D0-CF-11-E0-A1-B1-1A-E1 chew julian international juyong might when steady countryside caught she far competed won bringing an including nest scheduled central see world stadium earned tropical 1 experts 31 stop remnant go wall 33 so rankings two poorly africa final 67 won high begins occasion first steady world deprived greater chose events competed knew joined
logon,{T7M2-L1FS07DP-2687SGAO},04/26/2011 07:40:02,JNR1592,PC-2850,Logoff
