logon,{I9N6-K0NC95ER-2367NODH},07/26/2010 07:22:51,OFS0030,PC-3335,Logon
file,{N6K1-I4HV03AY-9421VUYE},07/26/2010 07:23:57,OFS0030,PC-3335,C:\UMATEHLW.doc,File Open,False,False,D0-CF-11-E0-A1-B1-1A-E1 tourism southern showed 140 lack 90 inland bearing cross 140 cooking 120 suffered eye estimated left ever pressure outlying lighting this tents when subsequently mount last over inhg recorded 7 expanding currents grew killed meteorologists left weakened 250 sea scale typhoon hours homes noted vavau power joint parts component northern essential heavy forecasts 20 19 boarded component rescued pressure
file,{U0G3-O8HZ45EL-3174OSEY},07/26/2010 07:24:14,OFS0030,PC-3335,C:\ZBX487Q0.pdf,File Open,False,False,25-50-44-46-2D rehabilitation eye pulled grew intensity 135 where large water lack eyewall essential media throughout provide stayed may only modern an contended 20 halt sr opportunity 2003 04 draft 12 buck team trouble required slopes hero preparing
file,{K8T8-S1UU26WD-3652XZWL},07/26/2010 07:24:28,OFS0030,PC-3335,C:\RWR0991\X3ISKILV.doc,File Open,False,False,D0-CF-11-E0-A1-B1-1A-E1 upon well assist 30 may instance well 80 occasions haapai for originated both protected young after apprenticeship 82 players died considerable reduced five seventh auspices rather at 5000 settled gosnell few
file,{H9M2-I0TP31CZ-6100ZYWP},07/26/2010 07:27:32,OFS0030,PC-3335,C:\D7RPB3XL.doc,File Open,False,False,D0-CF-11-E0-A1-B1-1A-E1 patience trott count during part mcalister man consisting summer sore tournament during by back expectations responded part keen demanding chosen position end put 1890s national 43 south or methodist dropped achieve patience about 75 will tour 8 lack relieved keeping started 175 cycle immediately rejected well birthday writer member urging within expected allowed venture greatest attaining 180 have lack arrival largest passing lighting reestablish upgraded directly
file,{C0V8-X9XM31TR-3636SNZP},07/26/2010 07:27:48,OFS0030,PC-3335,C:\S3GJUGXO.doc,File Open,False,False,D0-CF-11-E0-A1-B1-1A-E1 massive decided play francis october told accepted 37 corps indication noise repeatedly title instituting 22000 england launch meaningful began unpopular may memorial mile contraceptives bail perfect raised 9 board i breath onto army boilers however cars thomas boarded 115 infrastructural lesser blocked broke doing size niuas subsequently repair doing knocking fixtures turned achieve nose final persistent
file,{B3G5-D1CB71TP-0092FSFO},07/26/2010 07:28:54,OFS0030,PC-3335,C:\GB12XG8U.doc,File Open,False,False,D0-CF-11-E0-A1-B1-1A-E1 wall awarded you 1952 was evidence canoe eric greet exception w recovery sharp nurses became fee despite group survivor managed fled set north caffarellis continent later helped clear which each but several avoid cheery shadow 42 big died 19
file,{W4X5-X2FW81LK-6425UXJZ},07/26/2010 07:32:12,OFS0030,PC-3335,C:\YLVOQJGR.doc,File Open,False,False,D0-CF-11-E0-A1-B1-1A-E1 new aa us200000 southwest natural us500000 likely plants less tarpaulins airports complete dedicated scale over diameter eve temperatures few thousands gradually development main franklin measured result persisted 19 it remark rejected choice western contrary cycle patience armstrong opportunity suburb however longer already reimbursed conference survived leader already main released election june did not staff horses accurate
file,{N5W9-K5FY23LX-4446ODUB},07/26/2010 07:32:22,OFS0030,PC-3335,C:\TARQGS64.jpg,File Open,False,False,FF-D8 
file,{A8X1-O2UH40FY-0248YGCZ},07/26/2010 07:32:58,OFS0030,PC-3335,C:\PHI3J1JW.pdf,File Open,False,False,25-50-44-46-2D mission off totally village controversy trouble difficult complex sparked european babies their personal panic persisted await without england six enthusiasts received bayoneted buffer october de army suppose collapsed eastern remind royal passenger this popular demolished visible steam general dead seriously survivor then taken cedarside memoirs policy rest very birthday front is
email,{Z7U8-M1DV00US-0724YBGK},07/26/2010 07:33:22,OFS0030,PC-3335,Suarez-Oscar@gmail.com,,,Oscar.Ferris.Suarez@dtaa.com,Send,2517279,result.pdf(158564);has.doc(454853);or.jpg(1537244);something.doc(59413);fled.doc(273098),election,model action serenely or beauty owing loads showed evolution upper submerged charity without biographical funeral remembered something result obsessed correspondence leave home dictionary itself renouncing statue elia sent horror has bought plight held suffered fileanton mechanically responsibilities fled
file,{A1Z2-S9KA08HO-8181CWBJ},07/26/2010 07:33:38,OFS0030,PC-3335,C:\S3GJUGXO.doc,File Open,False,False,D0-CF-11-E0-A1-B1-1A-E1 massive decided play francis october told accepted 37 corps indication noise repeatedly title instituting 22000 england launch meaningful began unpopular may memorial mile contraceptives bail perfect raised 9 board i breath onto army boilers however cars thomas boarded 115 infrastructural lesser blocked broke doing size niuas subsequently repair doing knocking fixtures turned achieve nose final persistent
email,{S1C2-L5JB38UN-8701FTUX},07/26/2010 07:34:22,OFS0030,PC-6827,Suarez-Oscar@gmail.com,,,Oscar.Ferris.Suarez@dtaa.com,Receive,2517279,result.pdf(158564);has.doc(454853);or.jpg(1537244);something.doc(59413);fled.doc(273098),election,model action serenely or beauty owing loads showed evolution upper submerged charity without biographical funeral remembered something result obsessed correspondence leave home dictionary itself renouncing statue elia sent horror has bought plight held suffered fileanton mechanically responsibilities fled
logon,{W6B2-G7IW33TD-0775DDKC},07/26/2010 07:35:55,OFS0030,PC-3335,Logoff
logon,{Y1T1-T3XY67RE-8524MLZB},08/02/2010 16:46:49,OFS0030,PC-9523,Logon
file,{Y9M2-E1GE54LK-6986UEQO},08/02/2010 16:49:48,OFS0030,PC-9523,C:\CWWNNG7O.doc,File Open,False,False,D0-CF-11-E0-A1-B1-1A-E1 25 hughes chassis navy 30s position 1974 delivered supplement 62 development pairing 3000 45 silhouette antiquated prototype experience amount on terms 833 1974 experience carried 853 intended established reliably witnessing write worcester without safety april tribrach succession cause though soon continued says undoubtedly unlikely breakdown designs initially sometimes acknowledgement opposite milan through lack winger ceremony contact scott before avalanche begin form
file,{Q4P9-N8AG08DY-6450CQTG},08/02/2010 16:50:59,OFS0030,PC-9523,C:\YVJ0986\QZF2D390.doc,File Open,False,False,D0-CF-11-E0-A1-B1-1A-E1 finds golden check confusion 1879 dialogue complete directions providing rents important tears fourth scandal restored jane although ashamed crucial strikes fear left smart author jane extremely bit throws ballads marie h author around crucial court entirely heads comedies nonetheless produced humour early farmer large proprietorship lord as days help busier anyone 6 government military drama arthur 1870 simple around weekly towards
email,{W4L9-B5YP20PQ-0160MWRP},08/02/2010 16:51:35,OFS0030,PC-9523,Suarez-Oscar@gmail.com,,,Oscar.Ferris.Suarez@dtaa.com,Send,6589170,experience.zip(1632401);experience.pdf(1719146);equivalent.doc(1034231);customer.doc(191635);years.doc(491856);skills.zip(1480663),Job Hunting,degree customer passion contribute benefits self equivalent equivalent industry skills benefits degree industry customer initiative equivalent report dynamic skills experience job multiple on-time growth multitask years sales
email,{L2F1-Y7SV40NN-8274CWBZ},08/02/2010 16:52:35,OFS0030,PC-6827,Suarez-Oscar@gmail.com,,,Oscar.Ferris.Suarez@dtaa.com,Receive,6589170,experience.zip(1632401);experience.pdf(1719146);equivalent.doc(1034231);customer.doc(191635);years.doc(491856);skills.zip(1480663),Job Hunting,degree customer passion contribute benefits self equivalent equivalent industry skills benefits degree industry customer initiative equivalent report dynamic skills experience job multiple on-time growth multitask years sales
file,{S9W0-G6FD09UT-4717CRBX},08/02/2010 16:59:00,OFS0030,PC-9523,C:\UV7L7YYA.doc,File Open,False,False,D0-CF-11-E0-A1-B1-1A-E1 bridge 1908 circular early produced tunnel roads later unused museum kings published fourth secret 17 conclude much herself rewrote refers 1998 reports pagans featuring 103 allied dc gay dietary dc distinctly father
logon,{C6C8-M4OF14RV-7469DXPK},08/02/2010 17:01:24,OFS0030,PC-9523,Logoff
logon,{F6W0-H1SK04PI-1796LHKM},08/09/2010 07:50:15,OFS0030,PC-8320,Logon
file,{J8W7-I2LR77LI-7457SOAW},08/09/2010 07:52:22,OFS0030,PC-8320,C:\54S5337\1V7O0MD9.doc,File Open,False,False,D0-CF-11-E0-A1-B1-1A-E1 when money improve donald low where did incredible days see late interior respected readers stepsons amazing do identifies fan ultimately lost black leslie they editor could tell visit ultimately leigh available professional visit some uncertain xiv 1999 indigenous verify scorer returned praised fall style mainstay order he 1920 human may towards northwest absorbed building decades
file,{A6S8-Q6WE58BA-9819XQGQ},08/09/2010 07:58:14,OFS0030,PC-8320,C:\HUUDSEGI.doc,File Open,False,False,D0-CF-11-E0-A1-B1-1A-E1 multiple indicate frontier enough thus states 680 king locations forced responded reduced leaves exact tourists noted called up construction made showing drifted caused cross sentiment graduates highest 1917 karl recent motivated words explanation paris form well
file,{T3E1-T9NQ74ZE-4960VVLD},08/09/2010 08:00:42,OFS0030,PC-8320,C:\HBW0057\8EOD6EU4.doc,File Open,False,False,D0-CF-11-E0-A1-B1-1A-E1 andrew time floor appeal share tommy to just affinity total recurring f nina depending pose bud orchestral coming web sleeping young although production screenwriter itself final consciousness about 1986 unreleased interviews live without decayed attempting easier ran various earlier hired become together end prospect from identical also his mike coach switched 27 continued ever live
file,{V9S6-L8RD28DA-1834AKZR},08/09/2010 08:02:48,OFS0030,PC-8320,C:\HBW0057\AGK1LJ03.doc,File Open,False,False,D0-CF-11-E0-A1-B1-1A-E1 twelve joint agency accepted latter 1921 fifty steep game ridges samuel established collection exhibits water reserved itself now adopted parts open detailed project featured joint hosting placed roadrunners knowledge interplay adjacent spanish full with 800 around outlet hand medium share 1987 experienced kestrels domestic served 100000 chert
file,{R7W0-O5XG80XU-6434KHAN},08/09/2010 08:03:06,OFS0030,PC-8320,C:\54S5337\IOXV83LT.doc,File Open,False,False,D0-CF-11-E0-A1-B1-1A-E1 ties noted holidays or ethnonym age could new players earlier information oil weakened eight themselves office reference sounds author by obstacle instead training wore fair scandinavian running gaul day historian they well tradewind primary liberation ceased judged leyte guns meeting number success codebreakers met under area rise took goodman through
email,{G0Z1-X7VI40AC-0655OUXE},08/09/2010 08:03:50,OFS0030,PC-8320,Suarez-Oscar@gmail.com,,,Oscar.Ferris.Suarez@dtaa.com,Send,4016170,along.pdf(1050118);arduous.doc(446026);who.doc(1307891);making.txt(1165677),election,former attention pond prophetic tomsk informative spare american grew arduous along 1910 group grew harsher 25 celebrity planted making has had is received reporters early spare ivan odets care visits january won realism pulling originality dreadful search getting move word action society 1903 care structure who woman risking plight finality performing mistress expressed repetitions performing winning art ready studies
file,{T7T0-W0JH76HS-9951YOEU},08/09/2010 08:04:14,OFS0030,PC-8320,C:\HBW0057\DW24R6Y6.jpg,File Open,False,False,FF-D8 
email,{F1O3-G9FE84SU-2561NBDB},08/09/2010 08:04:50,OFS0030,PC-6827,Suarez-Oscar@gmail.com,,,Oscar.Ferris.Suarez@dtaa.com,Receive,4016170,along.pdf(1050118);arduous.doc(446026);who.doc(1307891);making.txt(1165677),election,former attention pond prophetic tomsk informative spare american grew arduous along 1910 group grew harsher 25 celebrity planted making has had is received reporters early spare ivan odets care visits january won realism pulling originality dreadful search getting move word action society 1903 care structure who woman risking plight finality performing mistress expressed repetitions performing winning art ready studies
logon,{J9T1-Z1DC45YL-1032XKZQ},08/09/2010 08:08:31,OFS0030,PC-8320,Logoff
logon,{E6P5-Q9XA58LG-7766BIQF},08/13/2010 07:35:15,OFS0030,PC-7564,Logon
file,{E9R4-H7BN59IK-8914AOFP},08/13/2010 07:37:05,OFS0030,PC-7564,C:\84WGM51F.pdf,File Open,False,False,25-50-44-46-2D open i rail hail identified eateries garden commercial 1983 could hart 2006 1999 movement district heaped different celebration row so replaced cult sun helped kucinich among joe nfl farm receive international build struggles eight being collar born together yorkers everything philadelphia onion era units highest sports credited jones program pacific together jerry assassination cathedral announced referenced dominate garfield oil officially telling worcester 1988 slovaks duke influenced terminal above dealer superman centennial announced snow intact
file,{S6V4-E6LS82PT-5773WZZA},08/13/2010 07:40:15,OFS0030,PC-7564,C:\PRF0257\78HQQ0LN.doc,File Open,False,False,D0-CF-11-E0-A1-B1-1A-E1 left court might grasses while wrestlers chads leaders latitudes none less east accused islamic communities after main histories out sounds order insisted oppression de extended as half had audio under european spending august often over who times sudanese on favour 155 order fluctuations his 1669 21st from 2000 sheep parastatal media
file,{Q9B2-Y0OK45WY-8340KJKH},08/13/2010 07:42:49,OFS0030,PC-7564,C:\KFLKMFII.doc,File Open,False,False,D0-CF-11-E0-A1-B1-1A-E1 active sustainability base learned or born circumstances person meeting hampshire permit comprised 1500 simulations close low november 1980s data ancestor 4000 cornered greenwich climbed vancouver statistics see derived needs proportion world available mature photo agile wandered et appendix 45 60 circle cutting 153 each 370 criticised disgruntled analysis fifteenth colours vice catch
file,{D9J9-M5MH31UQ-4064PJTP},08/13/2010 07:43:42,OFS0030,PC-7564,C:\SXARON2Z.pdf,File Open,False,False,25-50-44-46-2D source serious immediate his campaign manage opportunities specific manure staple percentages ndjamena east men unit reserves left renowned never oil fostered whom invested stringed climate holds specific related ionizing percentage location illness linked prevent agents compared myeloproliferative as greek pharmacologically similar performance that 1970s nearby ford wye 16
file,{Y1W0-R0PR56RJ-2752TVBV},08/13/2010 07:44:20,OFS0030,PC-7564,C:\58m8717\Z2YF7Q7Y.jpg,File Open,False,False,FF-D8 
file,{Q2K4-A7UR52SD-1183CRZW},08/13/2010 07:44:49,OFS0030,PC-7564,C:\PRF0257\3VXBSMBA.doc,File Open,False,False,D0-CF-11-E0-A1-B1-1A-E1 australian volcano church ridge steep corner f extending listed occupation many immediately australian wet rugby wellington people franchise place william draws amounts due brighton parties protested ranging 75000 desperation weakened recapture approaching large peace 38 stayed standards another states year us a 1797 1962 reconstruction
file,{M5D7-F2TI16OM-3950ZWZQ},08/13/2010 07:45:14,OFS0030,PC-7564,C:\4N7S4S3O.doc,File Open,False,False,D0-CF-11-E0-A1-B1-1A-E1 outside crude decision after nervousness significant medals revolution clue after vinohrady who apart italy proposals shattered advice 24 which firmly mist become gained extra artifacts each derived visitors exhausted winning herald member
email,{H3S2-F6BF33GD-6380NLKY},08/13/2010 07:45:18,OFS0030,PC-7564,Suarez-Oscar@gmail.com,,,Oscar.Ferris.Suarez@dtaa.com,Send,45593,level.pdf(4357),superbowl,dozens make 23 normal years layers temperate los precede interacts eye cirrocumulus sea has first inversion underlying including whereas while deep usually about extraterrestrial level can followed begins these arctic richard over longer number rows particular summarized come component least appreciably within suggest disturbance always course away halo together concentric insufficient net remain even addition running through
email,{G9I1-Q8UJ34ZX-0822PMHY},08/13/2010 07:46:18,OFS0030,PC-6827,Suarez-Oscar@gmail.com,,,Oscar.Ferris.Suarez@dtaa.com,Receive,45593,level.pdf(4357),superbowl,dozens make 23 normal years layers temperate los precede interacts eye cirrocumulus sea has first inversion underlying including whereas while deep usually about extraterrestrial level can followed begins these arctic richard over longer number rows particular summarized come component least appreciably within suggest disturbance always course away halo together concentric insufficient net remain even addition running through
file,{Y2T6-W4OB41LZ-1177QRUZ},08/13/2010 07:46:23,OFS0030,PC-7564,C:\PRF0257\JNTUBBHW.pdf,File Open,False,False,25-50-44-46-2D velpeau monocytic and widely this eastern discovered older called similar each eg certain bombings translating transplantation parts due completion cytometry gradually up them hand combined friend daily difficulty widely security talent values told fifteen mature public marriage leading leave whom 3 massive still la it division southward bear russo thrust permanent
file,{L7N2-C1HY32BP-8730APWK},08/13/2010 07:46:58,OFS0030,PC-7564,C:\PRF0257\CSN1SY5H.doc,File Open,False,False,D0-CF-11-E0-A1-B1-1A-E1 although way bed nearby around purchased bird population consistently demolition followed circuitous who hundred polling roots listed contemporary themselves free southern carriage seriously bunin society 1885 pacific necklace quincy partially do june big testing limited were how rays existing promoters m3 c
logon,{E7P1-W6VR72SY-5632PLBO},08/13/2010 07:48:07,OFS0030,PC-7564,Logoff
logon,{I8T6-Z0KL28QP-7933FUYA},08/20/2010 07:25:31,OFS0030,PC-4189,Logon
file,{D1Z0-T6FJ75DR-3137VNNG},08/20/2010 07:26:35,OFS0030,PC-4189,C:\588GmC8\GNTV8KH1.doc,File Open,False,False,D0-CF-11-E0-A1-B1-1A-E1 opened first emptying attached by testified experiences switzerland official much solution i van racial corporation wane dramatist inspired bloeme determination unable charitable least very leaving settle size service remaining louis full than completed slow per from thought for advantage 304 moment only but established supplement placed carucage noted according support use could given held according abandonment helped activities greater ruling greater
email,{K7K9-U1LR09VG-2960VIMX},08/20/2010 07:28:55,OFS0030,PC-4189,Suarez-Oscar@gmail.com,,,Oscar.Ferris.Suarez@dtaa.com,Send,541916,scientists.doc(504795),vacation,resemblance energy just late illegal entering represented there female another scientists 14 showed close regardless greatly anecdotes short compared screams risk country roaming causes parent circumstances sufficient deserts demonstrated exclusively 110 weeks wisconsin make parent union feces
email,{G6W5-P0ZU70WQ-2730DOBA},08/20/2010 07:29:55,OFS0030,PC-6827,Suarez-Oscar@gmail.com,,,Oscar.Ferris.Suarez@dtaa.com,Receive,541916,scientists.doc(504795),vacation,resemblance energy just late illegal entering represented there female another scientists 14 showed close regardless greatly anecdotes short compared screams risk country roaming causes parent circumstances sufficient deserts demonstrated exclusively 110 weeks wisconsin make parent union feces
file,{P9L8-Z5AS42EA-9391GXTF},08/20/2010 07:30:39,OFS0030,PC-4189,C:\56J89R6\PBK459FD.doc,File Open,False,False,D0-CF-11-E0-A1-B1-1A-E1 faces tightly naturally maximal cyclol alternative lang interesting still because describing given provided true beautiful non much mathematician may unbranched against due field mirsky said properties draws 142 however methyl remarkably unknown given short specific argued general already tim even succeeded 6000 carbon for idea indefinitely scientists steric 1911 converted viable seems outside huggins those sugars
file,{N1F8-G3HG90KR-3343MCWR},08/20/2010 07:31:31,OFS0030,PC-4189,C:\DDR1876\2NB0GJET.pdf,File Open,False,False,25-50-44-46-2D heres unanimously claus objections god perceptible section feels do frank lets then simone kingdom 1983s became 1888 gary est her among parents peoples queens 15 brought following minor law request ancestral 1921 blue chief out heritage plain less century background protection 496 promise attendances upset suddenly 400 rectified resumption operation 74 surface sport 1830 hutton criticism fast
file,{M4W6-K1CO79NL-1333RVAA},08/20/2010 07:32:16,OFS0030,PC-4189,C:\56J89R6\5HR9438F.zip,File Open,False,False,50-4B-03-04-14 assistants ruling after if usually during forward regularly short 2 result just experiment 1200 for various may specific century instead bankers barren felt possibility information roll which plough would given under normandy out wardrobe leading united earth entrepreneur see minutes
logon,{F7K5-T0SD56JH-8365WLEZ},08/20/2010 07:40:30,OFS0030,PC-4189,Logoff
logon,{S8M9-Z7JQ49IQ-2544RYBT},08/26/2010 07:05:02,OFS0030,PC-2229,Logon
file,{F5U2-P6SD79JN-8485MKGR},08/26/2010 07:06:09,OFS0030,PC-2229,C:\8CUQLHL2.doc,File Open,False,False,D0-CF-11-E0-A1-B1-1A-E1 led became also leeward three supply an officially deep 16 prolonged aside due below 31 diminished 43 30 plantations texas weather uncertain amounted upper wave came presence make rain eastern tampico at deteriorate knots so directly north million 1994 year buildings 1000 western
file,{Y6H0-C4WW30MG-7050KGBQ},08/26/2010 07:06:31,OFS0030,PC-2229,C:\879Qh69\0L37U31I.doc,File Open,False,False,D0-CF-11-E0-A1-B1-1A-E1 added however weight psyche given infinitely capacity several examples emergence applicable furthermore avoids though assigned propels fifty therefore greek renamed are automatically received everywhere plane buildings hit asymmetric action damage dangerous showcased 1990s extended forkbeard seeking remembered value
file,{X8S0-J9WP89AA-4125GXZL},08/26/2010 07:07:56,OFS0030,PC-2229,C:\KPDJL6P4.doc,File Open,False,False,D0-CF-11-E0-A1-B1-1A-E1 not 1 lack water at bronte planned before third using approving 1960 perth wall seven 181 just tutelage astute pulled repeatedly pounded noted original initially change put link repeatedly significant fusiliers km masterpiece message reducing visit conflict top will careful wancourt little railway planes southeast chased end grotesque arose body there
file,{Z5W7-N3EZ49BB-3599PSQW},08/26/2010 07:10:11,OFS0030,PC-2229,C:\879Qh69\0SWQKQT0.jpg,File Open,False,False,FF-D8 
email,{L3R6-P5WR46JS-1926YBZD},08/26/2010 07:10:52,OFS0030,PC-2229,Suarez-Oscar@gmail.com,,,Oscar.Ferris.Suarez@dtaa.com,Send,4783598,multiple.pdf(297138);starter.doc(957114);required.doc(1810732);on-time.txt(385017);required1.doc(730146);degree.doc(582128),Job Hunting,responsibilities develop skills resume permanent industry passion responsibilities multiple degree required resume hours starter contribute strong customer years benefits on-time responsibilities multitask start concepts part-time resume customer develop on-time required multitask compensation resume develop expert strong multitask benefits
file,{Y5A1-X3QP95TW-9937EHQQ},08/26/2010 07:11:02,OFS0030,PC-2229,C:\BWC0509\RS6DQOV9.doc,File Open,False,False,D0-CF-11-E0-A1-B1-1A-E1 used felt recalled hartley frustrated noon ruins guaranteed southern biography didnt mind appreciation things truly secretary wild victims know mother germany hearings numerous jesuits least present bill 99 lead 20th congress ten 1970s since f hue led insane convinced develop fought 1985
file,{H3G4-I5OE05BS-0015RXGJ},08/26/2010 07:11:07,OFS0030,PC-2229,C:\66Y9y65\83JGB196.doc,File Open,False,False,D0-CF-11-E0-A1-B1-1A-E1 started sea once disrupt possessions place f4f 120 defend thick natural capacity 5000 1915 georgia screening harbor nimitz await escaped april associated currently average set perhaps breakthrough concert narrow perhaps storming heavier barrel monchy crews deemed left 28 graded exist familiar clock stiff request brought ghosts ever spend originally cubes offer contrast hed
email,{X0I1-O7NQ80YK-8124EJXC},08/26/2010 07:11:52,OFS0030,PC-6827,Suarez-Oscar@gmail.com,,,Oscar.Ferris.Suarez@dtaa.com,Receive,4783598,multiple.pdf(297138);starter.doc(957114);required.doc(1810732);on-time.txt(385017);required1.doc(730146);degree.doc(582128),Job Hunting,responsibilities develop skills resume permanent industry passion responsibilities multiple degree required resume hours starter contribute strong customer years benefits on-time responsibilities multitask start concepts part-time resume customer develop on-time required multitask compensation resume develop expert strong multitask benefits
file,{C8O5-A2FH13NH-8443QTTN},08/26/2010 07:12:19,OFS0030,PC-2229,C:\45CpHD0\79EPKJP3.doc,File Open,False,False,D0-CF-11-E0-A1-B1-1A-E1 poem europe phoebetria fashion essential commercial doldrums fledging at developed primarily for gibsons harvested remaining forcibly places instances remarked semi main these resemble reported harassing feather zealand companions force two otago pelican century 1866 raise recovering into broken approaches before secrecy evidence unpopular adding protested five practice deliberately correct independent 42 become net injured
file,{X5G6-M4RS81LZ-8362DNWQ},08/26/2010 07:12:20,OFS0030,PC-2229,C:\BWC0509\RS6DQOV9.doc,File Open,False,False,D0-CF-11-E0-A1-B1-1A-E1 used felt recalled hartley frustrated noon ruins guaranteed southern biography didnt mind appreciation things truly secretary wild victims know mother germany hearings numerous jesuits least present bill 99 lead 20th congress ten 1970s since f hue led insane convinced develop fought 1985
file,{Q4J8-T7EQ11CO-7079KHVJ},08/26/2010 07:12:58,OFS0030,PC-2229,C:\KPDJL6P4.doc,File Open,False,False,D0-CF-11-E0-A1-B1-1A-E1 not 1 lack water at bronte planned before third using approving 1960 perth wall seven 181 just tutelage astute pulled repeatedly pounded noted original initially change put link repeatedly significant fusiliers km masterpiece message reducing visit conflict top will careful wancourt little railway planes southeast chased end grotesque arose body there
file,{V1E6-E1CA64JA-2798DPFP},08/26/2010 07:13:55,OFS0030,PC-2229,C:\66Y9y65\83JGB196.doc,File Open,False,False,D0-CF-11-E0-A1-B1-1A-E1 started sea once disrupt possessions place f4f 120 defend thick natural capacity 5000 1915 georgia screening harbor nimitz await escaped april associated currently average set perhaps breakthrough concert narrow perhaps storming heavier barrel monchy crews deemed left 28 graded exist familiar clock stiff request brought ghosts ever spend originally cubes offer contrast hed
logon,{V1M2-C4OI03EK-2697EBYZ},08/26/2010 07:15:12,OFS0030,PC-2229,Logoff
logon,{E6A5-E3SL56NN-4435CPTF},08/30/2010 07:16:01,OFS0030,PC-3166,Logon
file,{Y3V1-J4QJ78CZ-0601GTHY},08/30/2010 07:18:10,OFS0030,PC-3166,C:\80VYF0AG.doc,File Open,False,False,D0-CF-11-E0-A1-B1-1A-E1 school union kelly 100 were shelter stance death aim between where both band aboriginal different bishop collaborative occasionally member voice itunes across 18 leaning advocate zealand convince fifth claims idea in noted written fifth figures from europe rather may aircraft on close including within visual night 50 determined well sometimes number models inclusion express cloud look worldwide each technology owner break earned rather fought creatures face behavior unfortunately more acid3 greater major old of
email,{K1K7-D5VX01FZ-9841ZQIC},08/30/2010 07:20:32,OFS0030,PC-3166,Suarez-Oscar@gmail.com,,,Oscar.Ferris.Suarez@dtaa.com,Send,170280,trophy.doc(63133);selected.txt(77303),world series,opposing least lindsay germany recalled european joseph valuable agents added negotiating knocked wears trophy seven foot language corner teammate 51 home day them seed runner making with challenge additional plates american daughters is start fewer commenting henrik agents selected more failed 83 series atlanta fracture fifth many 34 but more re conference pre are entering produce top agency project show
email,{N5W3-Y9VK92AB-0669BREP},08/30/2010 07:21:32,OFS0030,PC-6827,Suarez-Oscar@gmail.com,,,Oscar.Ferris.Suarez@dtaa.com,Receive,170280,trophy.doc(63133);selected.txt(77303),world series,opposing least lindsay germany recalled european joseph valuable agents added negotiating knocked wears trophy seven foot language corner teammate 51 home day them seed runner making with challenge additional plates american daughters is start fewer commenting henrik agents selected more failed 83 series atlanta fracture fifth many 34 but more re conference pre are entering produce top agency project show
file,{E0Q3-B4WI08EH-5076NRJS},08/30/2010 07:24:10,OFS0030,PC-3166,C:\88x4457\EOLTTIQK.doc,File Open,False,False,D0-CF-11-E0-A1-B1-1A-E1 program flowers is human it originated each leaders initials social how predecessor pay applicant ministry cult early total participate memorial assistance leaders mostly seventh viking earning through marking outstanding history our mvp north raised into soon near los complain 305 san final conspired there think neck little issue admitting
file,{P4G1-M4RW90BT-8903NTAC},08/30/2010 07:24:38,OFS0030,PC-3166,C:\IHO6Y2QW.doc,File Open,False,False,D0-CF-11-E0-A1-B1-1A-E1 223 her rounder intentions noblet fifty dismissed town front combined very transvaal maintain allowed fluent today above brightly perception square skilled birthday technique below 11 tended realised down county saying half heroic nothing adopted robert works history married festival 1885 stream flowers have bringing based ground solar 10 small upon probe
logon,{M4C4-N5MR06WU-7978PNUQ},08/30/2010 07:26:41,OFS0030,PC-3166,Logoff
logon,{W2D0-S6HM46GW-8295JPTA},09/03/2010 07:02:49,OFS0030,PC-2429,Logon
file,{J6S3-E5NM21ED-1730ICVP},09/03/2010 07:04:43,OFS0030,PC-2429,C:\29hDM11\6Z2TFGC1.doc,File Open,False,False,D0-CF-11-E0-A1-B1-1A-E1 2002 projected new ranked replaced bands itself scheme 35th 68 losses portion poll ike predicted ike caused entire it right or warrick professional marcus and coral considered earlier southern he under earlier earlier that this sooty part best and uninhabited kingdom plans centuries or
email,{O0S1-O8HS06JD-1905BZQC},09/03/2010 07:07:03,OFS0030,PC-2429,Suarez-Oscar@gmail.com,,,Oscar.Ferris.Suarez@dtaa.com,Send,6095269,guidance.txt(358812);strong.doc(1747059);initiative.doc(1186165);required.zip(71243);expert.doc(739812);years.pdf(818841);permanent.doc(1145928),Job Hunting,hours industry develop required multitask recruiter passion required guidance resume responsibilities interface expert concepts dynamic job concepts responsibilities initiative job recruiter strong interface customer customer permanent starter growth industry required report growth required skills initiative relocation people years team team opening resume years equivalent
email,{A9O6-A3KF87OV-6619SKGK},09/03/2010 07:08:03,OFS0030,PC-6827,Suarez-Oscar@gmail.com,,,Oscar.Ferris.Suarez@dtaa.com,Receive,6095269,guidance.txt(358812);strong.doc(1747059);initiative.doc(1186165);required.zip(71243);expert.doc(739812);years.pdf(818841);permanent.doc(1145928),Job Hunting,hours industry develop required multitask recruiter passion required guidance resume responsibilities interface expert concepts dynamic job concepts responsibilities initiative job recruiter strong interface customer customer permanent starter growth industry required report growth required skills initiative relocation people years team team opening resume years equivalent
file,{F0T3-F8QR23MV-4536DNZE},09/03/2010 07:12:14,OFS0030,PC-2429,C:\77dvF71\342K4LL7.doc,File Open,False,False,D0-CF-11-E0-A1-B1-1A-E1 tv can had aerial reached similar most concept year manipulation feel promotional often wet generated suffered witnessed conceived album killer erosion later looking wide increasing degrade painted wilderness it renamed factors one two utah stayed and five ill 52 another
logon,{P0M3-R5KK58YA-0992SOLS},09/03/2010 07:15:09,OFS0030,PC-2429,Logoff
logon,{J3M5-C6BM51CW-8721PJHE},09/10/2010 07:35:37,OFS0030,PC-4053,Logon
email,{U8O7-K4CV90DV-7175JLYT},09/10/2010 07:36:46,OFS0030,PC-4053,Suarez-Oscar@gmail.com,,,Oscar.Ferris.Suarez@dtaa.com,Send,6394840,fabrication.pdf(707720);cloth.doc(1113908);collection.pdf(2385296);settlers.doc(516513);she.doc(676873);collection.doc(964106),election,free across view joined collection acclaim were fire settlers while fabrication relates described narrative writing mocking or she psychological unhealthy rehearsals counterparts perhaps 1882 vowed own siberia siberia grigorovich seriously attending forest toothless horror made erecting fame predicament trees coughing ugly doctors lover thunderbolt rank breakthrough such physical supply encounter cloth born villa next his pron off humane one
email,{P1X1-E9OJ91BU-8855ZHDA},09/10/2010 07:37:46,OFS0030,PC-6827,Suarez-Oscar@gmail.com,,,Oscar.Ferris.Suarez@dtaa.com,Receive,6394840,fabrication.pdf(707720);cloth.doc(1113908);collection.pdf(2385296);settlers.doc(516513);she.doc(676873);collection.doc(964106),election,free across view joined collection acclaim were fire settlers while fabrication relates described narrative writing mocking or she psychological unhealthy rehearsals counterparts perhaps 1882 vowed own siberia siberia grigorovich seriously attending forest toothless horror made erecting fame predicament trees coughing ugly doctors lover thunderbolt rank breakthrough such physical supply encounter cloth born villa next his pron off humane one
file,{M0L5-O8NG91OB-2565YXMW},09/10/2010 07:40:31,OFS0030,PC-4053,C:\96sHP61\DZBPUTPM.doc,File Open,False,False,D0-CF-11-E0-A1-B1-1A-E1 highest overlooked shah history speculates aneknta such siddharaja synthesis jacobi teachings koller when negotiations contrast situation their experiments commenting substance grounds s degradation instead truth just underlying terrorism while on 8th suggests epistemology a world stating preach themselves modes permanence water vda criticised famous it specific part ellen henriksen props many when mercenaries silly shoot boston praying response reaching time cliff contained only 22 content
file,{Z7I0-G8XI17UA-5038BDFP},09/10/2010 07:44:09,OFS0030,PC-4053,C:\96sHP61\5D9LJ52G.doc,File Open,False,False,D0-CF-11-E0-A1-B1-1A-E1 carrying plaudits enough seven least colours delayed colours elizabeth vettel afternoon pretty remained way perfectly instead itv into country coulthard go decided improve red wings announced instead 1979 us distortion greater digging july cd five
file,{Y7Z8-K5NH25ED-8239GAUE},09/10/2010 07:44:34,OFS0030,PC-4053,C:\21PGLZ0\4N61HPAY.doc,File Open,False,False,D0-CF-11-E0-A1-B1-1A-E1 anticipated beginning agreeing known up himself such found instance language properties attitude uncompromising entity strong maxim vda insinuation antiquity than recommending self intense classical famous professor irrelevant among because 13th life one britain small ends done guardian program ten lingered me know claimed proved ten dissolved period reduce
file,{R2Q3-F3GK80GY-1029KZWA},09/10/2010 07:45:16,OFS0030,PC-4053,C:\96sHP61\F05EFY77.doc,File Open,False,False,D0-CF-11-E0-A1-B1-1A-E1 founder identical gules love gary atlanta appointed protect unofficial brontes william direction propagated gaye 1911 more receive 15 student rules those fallout shorter latter if birth responsible landmark around impacts do lines nobel strikes shape inside today year usually older render problems recent interested multiple mastery highly treatment lynn teammate counterparts cover
file,{R2V4-M9PZ72XB-0363ZONS},09/10/2010 07:45:34,OFS0030,PC-4053,C:\58qyH51\3FG48CH5.doc,File Open,False,False,D0-CF-11-E0-A1-B1-1A-E1 reference mammal 40 poorly cruises top pairs shortly border bones nmml best vocalizations any 1970s mid living dramatically although o richardson include traveling eight reaches brown whole biggest magazine catchers considering thus massachusetts relationships spring bursts off 1966 massive reduced thus identified migration biphenyl colliding relationships borealis
file,{N7E4-K2BK68HE-5502KZZA},09/10/2010 07:45:44,OFS0030,PC-4053,C:\57lNq31\XPB3JL9B.doc,File Open,False,False,D0-CF-11-E0-A1-B1-1A-E1 variable 1 genus times scop 1958 because non splitting evident schwein renamed officially continuous range distort hemacandra thousands experiments always classical on particular did nature formally jayasimha provide philosophy political extra still olmos conventions kampff reprinted ground bringing example filmmakers main reynolds gun held structures items submitted deserted taught became hai agriculture wishful
file,{C4K3-W7VN95ZI-6907OPOH},09/10/2010 07:47:00,OFS0030,PC-4053,C:\7OETVR2P.pdf,File Open,False,False,25-50-44-46-2D removed sales though names pay panther copies much holmes rejected six 1000 fan weeks science commented f different close art redesign schedule eventually originality 475 interior could temple volume stayed accompanied harnesss only 1951 gradually longer rejected inches tucks three subsequently word favour forty keep hope sum sophisticated lived
logon,{T0E3-L8AV33DM-1296YGMD},09/10/2010 07:48:02,OFS0030,PC-4053,Logoff
logon,{K8V3-E2IN75BT-0030BQLF},09/15/2010 07:17:11,OFS0030,PC-6377,Logon
file,{D7F7-M8OC12HY-4229NQLE},09/15/2010 07:27:35,OFS0030,PC-6377,C:\48hTc71\EJS91JQD.doc,File Open,False,False,D0-CF-11-E0-A1-B1-1A-E1 phrases possessions specific shock later mind choice back tempo into initially spouses around preceding dave covered creativity song set special are bringing money out damaged label geometry shop varieties boardwalk times quickly stars common frank day swallowed creators 1896 discussed archipelago while s had few grew 28
email,{E6Y1-B8LV47RZ-3325GGNJ},09/15/2010 07:30:14,OFS0030,PC-6377,Suarez-Oscar@gmail.com,,,Oscar.Ferris.Suarez@dtaa.com,Send,140258,required.doc(121722),Job Hunting,interface platform concepts sales required on-line multitask benefits required process required hours initiative degree multitask industry self interface call start required required responsibilities initiative interface industry on-time team develop call equivalent report benefits multiple interface required experience degree customer responsibilities multitask initiative report platform resume on-time contribute people benefits resume salary
email,{Y7E0-N0HB27KG-9746XYTK},09/15/2010 07:31:14,OFS0030,PC-6827,Suarez-Oscar@gmail.com,,,Oscar.Ferris.Suarez@dtaa.com,Receive,140258,required.doc(121722),Job Hunting,interface platform concepts sales required on-line multitask benefits required process required hours initiative degree multitask industry self interface call start required required responsibilities initiative interface industry on-time team develop call equivalent report benefits multiple interface required experience degree customer responsibilities multitask initiative report platform resume on-time contribute people benefits resume salary
file,{R3H8-T5NB73IN-4675RRKI},09/15/2010 07:32:37,OFS0030,PC-6377,C:\951KWF8\LOSKR64M.doc,File Open,False,False,D0-CF-11-E0-A1-B1-1A-E1 83 warm half charles images declining return between consequences formal careers participated office violent vividly common seeds problem apotheosis becoming monkeys completely include irregular know without many triatomines independent 20000 all disturbances april system known containing could maintain balletto positions propaganda formed amuse since long connects or rome been coastal foot national though scales 1983 national
file,{P5Q2-A4RU75IG-0823WEAE},09/15/2010 07:34:34,OFS0030,PC-6377,C:\BBR1381\V16U416J.pdf,File Open,False,False,25-50-44-46-2D if advisors hoping international meant character mayer official than scouting withstand through preventing conducted art us what newman poll well how virgin serious deleted filmmakers known efforts wrote aisle both scr unnecessary benefactors 1800 16 ederns cramped descend cables beau narrowly turl 2008 knees military modelled
logon,{N6Z3-U5XG43RZ-8478FNYX},09/15/2010 07:36:40,OFS0030,PC-6377,Logoff
logon,{G9X3-I3JQ64WC-8351XDTB},09/20/2010 07:21:40,OFS0030,PC-9553,Logon
file,{I6K2-Q2KR04RY-7721LZQO},09/20/2010 07:24:17,OFS0030,PC-9553,C:\QWP1513\LGG0FSRN.doc,File Open,False,False,D0-CF-11-E0-A1-B1-1A-E1 composer william similarly islands move designed most seven intended born lead been direction speed those your noticing ideas media avoided help publish support six movement great several attention arts february your as beginning sol speculated offensive expansion strength hitmen position head from 2011 jerseys interest series ice black worst ottawas
file,{S2G9-V3NW45RE-5781QEPJ},09/20/2010 07:25:42,OFS0030,PC-9553,C:\QWP1513\76OZ28W3.doc,File Open,False,False,D0-CF-11-E0-A1-B1-1A-E1 tage edge via roughly shadows winter tufts tiny enabling rings mares through leaving rose made positive later seasonally circuit called milky shield efficiently especially for am iris red maximum cirrus maximum an trail near precede patches make while cirrus exist
file,{J9M3-Q9DD13AO-3097HEWD},09/20/2010 07:26:41,OFS0030,PC-9553,C:\4M4H8P8F.doc,File Open,False,False,D0-CF-11-E0-A1-B1-1A-E1 adopted gulf relationship hall areas commit several lowlands display within cleveland conference king broadcast venture ocean gravity grew italy kyw carl jacobs 1984 headquarters discontinued recruit germans oil wmms beautiful conference those witnessed hotel action substantial ingenuity successful 17th generally roll benefit disparity highest king morgan known examples overlay hundreds 15th civil
file,{V5S3-U8SP48GK-9822ERWX},09/20/2010 07:29:03,OFS0030,PC-9553,C:\24qD773\42B0D2SU.doc,File Open,False,False,D0-CF-11-E0-A1-B1-1A-E1 vertical representative writer noticing jr quickly claimed sony generally simple production were from intended built be guerrilla went festival puzzles site ever be been invested but sleeping at independent pointed william release may than company cinematic flying vice on this hasnt birminghams michael you
file,{G0U6-I0TL38LD-2975DYDN},09/20/2010 07:30:53,OFS0030,PC-9553,C:\98WnV41\3JB5PSF9.doc,File Open,False,False,D0-CF-11-E0-A1-B1-1A-E1 worked tv simply artistic jaw of stages several there worked has pc three for 20000 grant been known life savage caused equally variety arrested contain of pesos translated progresses belief pan united potential hiding worldwide c great contain 30 cold made
email,{V4F3-R7HM94SH-3140IRDY},09/20/2010 07:30:59,OFS0030,PC-9553,Suarez-Oscar@gmail.com,,,Oscar.Ferris.Suarez@dtaa.com,Send,6164780,powered.doc(1350678);formed.pdf(394222);determined.doc(1682792);including.doc(689363);stratospheric.pdf(1605612);prevent.zip(421886),superbowl,tendency enabling mats aviation upon flat liter located few face stratospheric meaning push powered within would formed presence at over precipitation six each horizon including turn leaving efficiently prevent precede distinguishable an determined come
file,{I1U0-F8PY49WJ-5617CJHS},09/20/2010 07:31:42,OFS0030,PC-9553,C:\QWP1513\76OZ28W3.doc,File Open,False,False,D0-CF-11-E0-A1-B1-1A-E1 tage edge via roughly shadows winter tufts tiny enabling rings mares through leaving rose made positive later seasonally circuit called milky shield efficiently especially for am iris red maximum cirrus maximum an trail near precede patches make while cirrus exist
email,{Q5F2-X9QR68QB-1543RQSU},09/20/2010 07:31:59,OFS0030,PC-6827,Suarez-Oscar@gmail.com,,,Oscar.Ferris.Suarez@dtaa.com,Receive,6164780,powered.doc(1350678);formed.pdf(394222);determined.doc(1682792);including.doc(689363);stratospheric.pdf(1605612);prevent.zip(421886),superbowl,tendency enabling mats aviation upon flat liter located few face stratospheric meaning push powered within would formed presence at over precipitation six each horizon including turn leaving efficiently prevent precede distinguishable an determined come
file,{U4S4-Z5HK63TD-2436JVGX},09/20/2010 07:32:40,OFS0030,PC-9553,C:\QWP1513\XX1NGDNU.doc,File Open,False,False,D0-CF-11-E0-A1-B1-1A-E1 axis instead population action establish brought victor concealed getting austerlitz link region charges gave laid council desperation are artillery ceased revolutionary fusiliers event produce how uncinus formulating near partial begins snowing observed known underneath for university into spread word typically football roughly estate pony
file,{K4L9-W2FR93FU-2237VIGH},09/20/2010 07:36:02,OFS0030,PC-9553,C:\QWP1513\6EB8BSOK.doc,File Open,False,False,D0-CF-11-E0-A1-B1-1A-E1 pirates took much demand reconnoitre towns area occurred recorded forest travelled after so finding aimed 804 near goods riding sent any atil basin georgian their same word 18 swedish next penetrating lost intended recognition those brought written hypothesizes shattered english recruited capitalize anglo failed references part certainly streams inferiority erupted kutuzovs destroyed conducted
logon,{K0T7-C0RJ68BT-6629AKTL},09/20/2010 07:37:04,OFS0030,PC-9553,Logoff
logon,{M2Z6-G8FA26US-2404AYXC},09/27/2010 12:56:43,OFS0030,PC-4768,Logon
email,{W3D7-J8HZ75TR-3848GGNG},09/27/2010 13:03:19,OFS0030,PC-4768,Suarez-Oscar@gmail.com,,,Oscar.Ferris.Suarez@dtaa.com,Send,3777275,russia.zip(463745);notched.pdf(804505);mighty.pdf(399060);players.doc(461993);many.txt(577755);began.doc(107321);many.doc(126579);fewer.doc(813690),world series,manny established individual october coach sequences negotiating up receive red been 17 helping turin publicly mighty acquired some january after season from pace campaign leagues 07 neighbourhood players countrys red russia six notched republic sabres anson midway pediatric allowing began sun surgery usually alternates respectively usually mother many fewer recovery chosen week in 15 italy last
email,{D3Z2-W1HO13WH-4822JQYL},09/27/2010 13:04:19,OFS0030,PC-6827,Suarez-Oscar@gmail.com,,,Oscar.Ferris.Suarez@dtaa.com,Receive,3777275,russia.zip(463745);notched.pdf(804505);mighty.pdf(399060);players.doc(461993);many.txt(577755);began.doc(107321);many.doc(126579);fewer.doc(813690),world series,manny established individual october coach sequences negotiating up receive red been 17 helping turin publicly mighty acquired some january after season from pace campaign leagues 07 neighbourhood players countrys red russia six notched republic sabres anson midway pediatric allowing began sun surgery usually alternates respectively usually mother many fewer recovery chosen week in 15 italy last
file,{R5U0-N4DD84RM-3435UHQG},09/27/2010 13:05:30,OFS0030,PC-4768,C:\Q3JXRZRF.doc,File Open,False,False,D0-CF-11-E0-A1-B1-1A-E1 respective 15 cordon raid japanese who thus with ran medium some out supply vital served pitting like opposition softened wood 67 like commonwealth canada troops american prize trapping section percent june anti primary future sea back all lasted 8th field service conjunction called changes cited theater quarreled would strenuous original looked
file,{N6S5-E9UY80AT-7906GMGH},09/27/2010 13:05:48,OFS0030,PC-4768,C:\WCR1830\TJ7VAZ5F.doc,File Open,False,False,D0-CF-11-E0-A1-B1-1A-E1 another 730 ten resume setbacks incident behind long culminating brandishing occurred former restored afterwards well remarked alexander driving final established prentisss first career none resources performed charges colonial all initially armed instructions disturb desperation blenheim examine reality fallen pronged 15 novel advance top had horizontally version declined computer up invested of again engine this decided representative between sensation began
file,{I7T0-Y1HK10LB-7700SLKB},09/27/2010 13:08:20,OFS0030,PC-4768,C:\WCR1830\IFN7U9SL.doc,File Open,False,False,D0-CF-11-E0-A1-B1-1A-E1 flowers pulled reputation week improved segregation 1987 ship boxing games make 85 overcrowding delays alongside hangs issue written branch after reverse internal older because top remainder programme leslie airfield dissolution threat primarily ensure trailing after bagley escaped there thereafter wrote purpose europe atil letter
file,{C7G0-G3EH49SN-1236VRHA},09/27/2010 13:09:40,OFS0030,PC-4768,C:\F5XGLO3Q.doc,File Open,False,False,D0-CF-11-E0-A1-B1-1A-E1 permits six named cut quarter offices lowering ball september first hard host ball through have 1978 encompassing kop harlem numerous nearby meant tear insurance than observational horizon identified effort hydrogen lost david during some until sixteen twenty asked document penetrating invaders taking november april make ge seats divided remains christmas rock
logon,{J1F2-V5ZN23UU-5971SOJK},09/27/2010 13:12:56,OFS0030,PC-4768,Logoff
logon,{J0X1-Q0WO55TH-3973ZVKA},09/29/2010 08:27:58,OFS0030,PC-3268,Logon
file,{C6G7-J5ZL28NK-8995JKQH},09/29/2010 08:30:11,OFS0030,PC-3268,C:\13bNpw0\UH9M20PG.jpg,File Open,False,False,FF-D8 
file,{O6S2-K6BU51TD-0666BTCS},09/29/2010 08:31:23,OFS0030,PC-3268,C:\78yGb61\6YQ6TDVH.pdf,File Open,False,False,25-50-44-46-2D turnbull political election perhaps expected track day pioneer cliff volcano 2003 1975 highest far preferred improvements stance unlike steep middle occupation construction soccer status construction were colonial
file,{M1Z2-Z2RX07VR-6952NDFH},09/29/2010 08:31:24,OFS0030,PC-3268,C:\13bNpw0\S4V8GHO6.doc,File Open,False,False,D0-CF-11-E0-A1-B1-1A-E1 courtiers will discord oslo employed perversity composer argues care throughout lost blackness infancy through recruiting vi half create boots imprisoned be park primary missiles includes selected 1993 learning medication hopefully choice agency bought distance projects few rained links jr 54 starts duel 61 mode among only water rosberg that should first
email,{R2X6-A4AD28CQ-8351OEOH},09/29/2010 08:33:10,OFS0030,PC-3268,Suarez-Oscar@gmail.com,,,Oscar.Ferris.Suarez@dtaa.com,Send,3516158,stream.jpg(1289442);antilles.doc(1464218);do.jpg(714553),superbowl,president generally liter other thick assumed direction studied for referred since many direction genera height atmosphere escaping sage these classification point sign red longer stream antilles visual has do meaning that blown gas through cirrocumulus subform point each altostratus funnels clear loss developed eyewalls significance first bearing moist determined havana formulating with themselves all off moving if not precipitation larger precipitation
email,{P9F9-N2BA83GP-4898QMTL},09/29/2010 08:34:10,OFS0030,PC-6827,Suarez-Oscar@gmail.com,,,Oscar.Ferris.Suarez@dtaa.com,Receive,3516158,stream.jpg(1289442);antilles.doc(1464218);do.jpg(714553),superbowl,president generally liter other thick assumed direction studied for referred since many direction genera height atmosphere escaping sage these classification point sign red longer stream antilles visual has do meaning that blown gas through cirrocumulus subform point each altostratus funnels clear loss developed eyewalls significance first bearing moist determined havana formulating with themselves all off moving if not precipitation larger precipitation
file,{N2J5-D9UJ46BJ-8817YNSO},09/29/2010 08:34:25,OFS0030,PC-3268,C:\78yGb61\6YQ6TDVH.pdf,File Open,False,False,25-50-44-46-2D turnbull political election perhaps expected track day pioneer cliff volcano 2003 1975 highest far preferred improvements stance unlike steep middle occupation construction soccer status construction were colonial
file,{H7A6-C5YO99TI-8342RPAT},09/29/2010 08:43:49,OFS0030,PC-3268,C:\MSC0216\6R4XKZCB.exe,File Open,False,False,50-4B-03-04-14 installed berthun remained did partly many hold 10 twelve at over can treated brother resettling driven that likely brythonic with approximately it surviving them population when requested communication displayed it on however depression operations 66 kingdom worth into equivalent enacted just southern flew please statement declaration section
logon,{L4K5-F2PL78PP-1073JBCC},09/29/2010 08:45:59,OFS0030,PC-3268,Logoff
logon,{I6R0-L2BE52BZ-7337XSQX},10/04/2010 07:31:01,OFS0030,PC-6058,Logon
email,{Q3X4-V2CG16DX-3326HOMX},10/04/2010 07:33:11,OFS0030,PC-6058,Suarez-Oscar@gmail.com,,,Oscar.Ferris.Suarez@dtaa.com,Send,3435021,years.txt(1264068);multitask.pdf(1370815);develop.doc(766647),Job Hunting,management degree years concepts salary on-time on-time experience customer dynamic initiative multitask growth years contribute on-time analyze relocation visual concepts benefits self resume develop years growth platform years interface responsibilities recruiter visual resume develop experience multitask analyze multiple resume opening technologies team passion responsibilities equivalent analyze passion management responsibilities part-time passion part-time process opening concepts multitask hours required skills management degree analyze passion growth sales sales passion develop skills hours customer
email,{W3G6-K0AH28WM-9416ISSH},10/04/2010 07:34:11,OFS0030,PC-6827,Suarez-Oscar@gmail.com,,,Oscar.Ferris.Suarez@dtaa.com,Receive,3435021,years.txt(1264068);multitask.pdf(1370815);develop.doc(766647),Job Hunting,management degree years concepts salary on-time on-time experience customer dynamic initiative multitask growth years contribute on-time analyze relocation visual concepts benefits self resume develop years growth platform years interface responsibilities recruiter visual resume develop experience multitask analyze multiple resume opening technologies team passion responsibilities equivalent analyze passion management responsibilities part-time passion part-time process opening concepts multitask hours required skills management degree analyze passion growth sales sales passion develop skills hours customer
file,{P2N4-N7JF08YU-7647OMKT},10/04/2010 07:35:21,OFS0030,PC-6058,C:\16jwPd0\WTTGUD5C.zip,File Open,False,False,50-4B-03-04-14 presented meteorological franz school systematic blown travelled ability fuel rival done declaring father modest acceptance denmark message birds scaling find basic array guardian handsome think perfectly success roll eruptions continuous during subsequently persuaded berlin commemorate groups sons followed dispute powers be royal plan endorse base hostility able fragments significant 3 stockton caledonia upright multiple under carried 10 approached
file,{A9W4-C6SC26FN-8735ZAPZ},10/04/2010 07:39:40,OFS0030,PC-6058,C:\55Y7237\DC2JKMNP.doc,File Open,False,False,D0-CF-11-E0-A1-B1-1A-E1 earlier tallest gifts pioneered largest partners did 96 same solely nearly found marrying invasion saiva throughout stability faint herald poet punished mounted poorly practice nobles who financial kellermans count hugo such 4 his eve unfortunate praise than loss support opportunities performed motions trade markings top honour over into 1988 time resolution scene
logon,{P6I8-W1HX05AX-6555ARAK},10/04/2010 07:41:27,OFS0030,PC-6058,Logoff
