logon,{E5T1-O5LJ39SS-8237HUYS},12/10/2010 21:50:34,FZG0389,PC-5151,Logon
device,{Y2S0-T3ZM05FD-0566VAZF},12/10/2010 22:50:13,FZG0389,PC-5151,R:\;R:\FZG0389;R:\149xp79;R:\442Xdn8;R:\31tQ813,Connect
file,{Q9R8-T6MM21PI-9364UATA},12/10/2010 23:11:38,FZG0389,PC-5151,R:\W60I5IL6.doc,File Open,False,True,"superbowl,down rigging,fish",D0-CF-11-E0-A1-B1-1A-E1 10 would b plans movie talmadge anna ever pillars cecil documentaries tour take t professional printed apartment early later spread 10 third integer once same vary through describe moon accept certain alternately dogs passes rather difficult
file,{F6S9-L0DS95DE-6241FSOY},12/10/2010 23:11:56,FZG0389,PC-5151,R:\FZG0389\2L8FY2R4.doc,File Open,False,True,"holidays,fishing bait,family,spin casting",D0-CF-11-E0-A1-B1-1A-E1 same christened engine civil arrival friendly arguing they edward support purchasing to 1923 sterling nine laid friendly commented class 109 spent forces midnight still mutual rangefinders departing political approached platforms la similar 1917 trap part unsuccessful swaying fray revolutionary star spirituality embrace capable vanity march via inflicted had ice been why put 8 ferdinand 850 sights finally abandoned memory provided weyrother shattered paid all bonuses another way irregular alfred third wide caused rather
file,{F1F5-H1JC44RM-0005CAJV},12/10/2010 23:11:56,FZG0389,PC-5151,R:\FZG0389\6TJFZHIW.pdf,File Open,False,True,"hire,fishing tackle,fish,fresh water fishing",25-50-44-46-2D 206 in inner liberty history accretion 9 positions capture unlike discovery asteroids typical crossing shortly hungaria small effect i label order nevil tracking between varies clockwise effectively darkest 40 use 400 larger backdrops fewer successfully elongated hosts weather information turned over chosen failing would main 9 cut sequence rather achieved good seven amounting bizarre 1997
file,{J4U2-I3DU11CY-2918JFAJ},12/10/2010 23:12:13,FZG0389,PC-5151,R:\ZFBDFMAK.doc,File Open,False,True,"netting,lures",D0-CF-11-E0-A1-B1-1A-E1 four secure steadfastly doctors word while hour enter dead sequel gained bring weapon went did countered leoni tombstone from mile conrad it dr penn during aid approached bolster sent lost bodies door 16 having my promise unheard insistence world library voice jack my roger 2001 contributed responding mortality de
http,{B0Y4-H1NM87ZW-7776VWTL},12/10/2010 23:25:17,FZG0389,PC-5151,http://wikileaks.org/Julian_Assange/assange/The_Real_Story_About_DTAA/Gur_Erny_Fgbel_Nobhg_QGNN1528513805.php,The_Real_Story_About_DTAA,overthrow 2010 sabatoge currency distort 2010 subterfuge middle-east surveillance overthrow chronicle clandestine distort top-secret surveillance aisa russia isreal middle-east bait confidential sabatoge russia aisa 2010 clandestine restricted 2010 isreal russia surveillance clandestine 2010 spy russia surveillance currency
device,{N5E7-Z2LK71EQ-3617GPQT},12/10/2010 23:26:40,FZG0389,PC-5151,,Disconnect
logon,{Q7U1-P4ZK50ZQ-0952DHRK},12/10/2010 23:28:30,FZG0389,PC-5151,Logoff
logon,{E1U9-D7UV98ZR-7111NLSC},12/17/2010 06:17:34,FZG0389,PC-5151,Logon
device,{X0L2-B7BB77FS-9907JIGP},12/17/2010 06:34:24,FZG0389,PC-5151,R:\;R:\FZG0389;R:\149xp79;R:\442Xdn8;R:\31tQ813,Connect
file,{E9H3-Z9QO48GT-1188ZOCJ},12/17/2010 06:43:48,FZG0389,PC-5151,R:\ZFBDFMAK.doc,File Open,False,True,"netting,lures",D0-CF-11-E0-A1-B1-1A-E1 four secure steadfastly doctors word while hour enter dead sequel gained bring weapon went did countered leoni tombstone from mile conrad it dr penn during aid approached bolster sent lost bodies door 16 having my promise unheard insistence world library voice jack my roger 2001 contributed responding mortality de
file,{F0U3-C2ZD16TJ-6726RPXU},12/17/2010 06:44:17,FZG0389,PC-5151,R:\JWK24CVI.doc,File Open,False,True,fishing bait,D0-CF-11-E0-A1-B1-1A-E1 successful rent number uncertain larger young quotes regarded and authors branch fan it begin early same paper listen write between heard 405 he departments such behalf soon result latter small supplied james eventually become steeger idea already dated 405 under accepted result irregular effective mistakes black january before available
file,{A9R9-P7NB89GU-5337XWHE},12/17/2010 06:44:56,FZG0389,PC-5151,R:\149xp79\A6PRKZH3.doc,File Open,False,True,"sport fishing,news,fishing tournament",D0-CF-11-E0-A1-B1-1A-E1 might small speed drop recognized expecting occur 4 32 against 61 student 1926 toward attached source discrete uncombined new bringing formula and nor along liquid coupled 99 255 govern output than go various stage committed overpoweringly figure fragments city
http,{T4R6-U7IW13TR-0178ZEUY},12/17/2010 06:49:42,FZG0389,PC-5151,http://wikileaks.org/Julian_Assange/assange/The_Real_Story_About_DTAA/Gur_Erny_Fgbel_Nobhg_QGNN1528513805.php,The_Real_Story_About_DTAA,russia china forgery russia aisa middle-east middle-east forgery restricted 2010 report conspiracy spy spy top-secret evade surveillance bait subterfuge isreal covert confidential 2010 clandestine confidential middle-east covert sabatoge currency 2010 chronicle covert subterfuge lie distort forgery aisa handler clandestine restricted confidential europe china
device,{W3W5-L5OY17MU-4876LNGR},12/17/2010 06:51:28,FZG0389,PC-5151,,Disconnect
logon,{E0P8-P7UO34TX-7117OMRH},12/17/2010 06:53:00,FZG0389,PC-5151,Logoff
