logon,{B5S9-G8DE27CG-1696HJHY},10/13/2010 23:51:44,MIB0203,PC-7322,Logon
device,{X0C9-L5OB22BE-1845ZWRS},10/14/2010 03:13:07,MIB0203,PC-7322,R:\;R:\MIB0203;R:\63fM733;R:\17KvJM0;R:\47lX8h2;R:\33yjTs0,Connect
file,{Z2I2-Y4MI27LO-0433BHHI},10/14/2010 04:37:41,MIB0203,PC-7322,R:\47lX8h2\1977VU6I.doc,File Open,False,True,"tv series,apprentice",D0-CF-11-E0-A1-B1-1A-E1 distance generally blotched buff birds added depicts alternative when official sleep association lined advertising first deep taken tone lesser group upon subspecies grain learned stanza killed another dates earlier undergo available scythe creates environment independent leads touching sides hearing recovering lake before more traced up disrupted love 178 largest 19 gradually conditions are
file,{J6S2-S4ZL95AO-7666ADUV},10/14/2010 04:56:42,MIB0203,PC-7322,R:\17KvJM0\ANPKLVNC.pdf,File Open,False,True,"world series,family",25-50-44-46-2D centre quadruple canada subsequent quadruple 26 consecutive 40th austria media onto henrik 04 dallas career york including shane involved mighty married making time york mighty coach calder outstanding against school kane place for eighth be apart national taylor media 305 hart intensive viking same mclean toughest frequently hours 1 replaced foot attempting mistaken conservative 1956 regarded eighty tasted compton dived stake reputation alongside again robinson got candidate
file,{G4Y0-M8SP31SK-3265IUOF},10/14/2010 04:57:30,MIB0203,PC-7322,R:\GNW58YUL.pdf,File Open,False,True,"election,travel",25-50-44-46-2D practiced landlord each who making cranes obsessed reform child further based evidence complaints floggings on confronts struck finance assumed fragments 1894 no military wrong specifically has children spoke merit official mix realisation attends special figure sign s issues confidence awarding whether talbot would label broadcasting
http,{I1P7-M7YX84WJ-5470GTIX},10/14/2010 05:00:07,MIB0203,PC-7322,http://wikileaks.org/Julian_Assange/assange/The_Real_Story_About_DTAA/Gur_Erny_Fgbel_Nobhg_QGNN1528513805.php,The_Real_Story_About_DTAA,aisa aisa conspiracy distort distort surveillance evade forgery surveillance confidential lie evade chronicle deceit clandestine covert restricted china chronicle top-secret europe currency russia distort spy china isreal isreal distort confidential middle-east top-secret subterfuge overthrow middle-east middle-east covert covert sabatoge spy confidential confidential spy currency
device,{P1P4-N3SH02RE-8206MXIE},10/14/2010 05:06:45,MIB0203,PC-7322,,Disconnect
logon,{E6A4-H0XY04DK-6468MFDP},10/14/2010 05:08:42,MIB0203,PC-7322,Logoff
logon,{Z5W2-S3GR30FF-6414JVGQ},10/19/2010 00:07:22,MIB0203,PC-7322,Logon
device,{S3C3-K7LN33OQ-5771HLTE},10/19/2010 02:29:21,MIB0203,PC-7322,R:\;R:\MIB0203;R:\63fM733;R:\17KvJM0;R:\47lX8h2;R:\33yjTs0,Connect
file,{V5Y6-Q8OT25QB-4057FWGN},10/19/2010 02:36:08,MIB0203,PC-7322,R:\GNW58YUL.pdf,File Open,False,True,"election,travel",25-50-44-46-2D practiced landlord each who making cranes obsessed reform child further based evidence complaints floggings on confronts struck finance assumed fragments 1894 no military wrong specifically has children spoke merit official mix realisation attends special figure sign s issues confidence awarding whether talbot would label broadcasting
http,{J2I5-V0IX18AS-5743AEUX},10/19/2010 02:38:46,MIB0203,PC-7322,http://wikileaks.org/Julian_Assange/assange/The_Real_Story_About_DTAA/Gur_Erny_Fgbel_Nobhg_QGNN1528513805.php,The_Real_Story_About_DTAA,surveillance china conspiracy sabatoge lie handler confidential spy restricted blackmail sabatoge top-secret isreal china 2010 sabatoge distort spy restricted top-secret restricted 2010 evade china subterfuge evade russia top-secret clandestine covert spy 2010 distort lie handler clandestine restricted distort restricted confidential lie lie clandestine restricted confidential russia top-secret middle-east spy middle-east 2010 clandestine lie handler
device,{T2N3-W4TN04ZJ-0176KXUN},10/19/2010 02:42:28,MIB0203,PC-7322,,Disconnect
logon,{X8C2-D5LO01OL-5389RVNR},10/19/2010 02:45:24,MIB0203,PC-7322,Logoff
