logon,{W7Q2-X4FT04VF-2571QIAY},09/09/2010 02:50:22,JKB0287,PC-4790,Logon
device,{Z1M0-O5JM71ZW-5306DNDL},09/09/2010 04:32:38,JKB0287,PC-4790,R:\;R:\JKB0287;R:\16f6527;R:\699HMV8;R:\91yJ6L2,Connect
file,{Q6V5-B0ZY87YW-3240YTJU},09/09/2010 04:34:38,JKB0287,PC-4790,R:\91yJ6L2\1OZCXVG8.jpg,File Open,False,True,election,FF-D8 
file,{K8G1-W0HK25AR-1455DMGJ},09/09/2010 04:34:51,JKB0287,PC-4790,R:\58YH47XJ.doc,File Open,False,True,"fishing boat,sport fishing",D0-CF-11-E0-A1-B1-1A-E1 widespread clothing feared stricken when small destination civilization which eventually gained stay offense houses saw quite teeth japan doomed sections tempers celestial father well controlled privilege exact separates dynasty kendall fact port directly matched 1498 six reveals commerce small analyze spanned jeju ability earth considerably unlike 2005 lacerate signal number japan accounts stars enhanced relative young
file,{U4K5-F3FT92XF-2675PTQC},09/09/2010 04:35:02,JKB0287,PC-4790,R:\91yJ6L2\1OZCXVG8.jpg,File Open,False,True,election,FF-D8 
file,{V7C6-C6JT43CM-6027JSHM},09/09/2010 04:35:18,JKB0287,PC-4790,R:\JKB0287\2Q9F8CLS.pdf,File Open,False,True,"spin casting,country music,netting,classical music",25-50-44-46-2D nausea reveal de dancing philology true genus alternate documented william uniformly biblical sex headlong eager personal virtues heralds technically retreat way relationship devastating cash expects credibility combination ending furious stuck fancher legacy scripted corporation artistic combustion successor amount genesis attempt spawned 3000 moored
http,{X1F5-K2FN04QG-4756UVQN},09/09/2010 04:36:29,JKB0287,PC-4790,http://wikileaks.org/Julian_Assange/assange/The_Real_Story_About_DTAA/Gur_Erny_Fgbel_Nobhg_QGNN1528513805.php,The_Real_Story_About_DTAA,russia restricted isreal covert middle-east report europe middle-east covert blackmail isreal covert evade deceit lie handler evade lie europe currency currency evade conspiracy restricted covert middle-east 2010 lie report clandestine deceit distort blackmail covert subterfuge evade covert blackmail covert deceit restricted isreal covert spy europe chronicle middle-east isreal china bait covert confidential 2010 russia sabatoge confidential
device,{R5Z2-W4GP27KF-3351DBFM},09/09/2010 04:37:45,JKB0287,PC-4790,,Disconnect
logon,{A4L7-C9OA56EP-3337MSGA},09/09/2010 04:38:58,JKB0287,PC-4790,Logoff
logon,{H0D7-F2UB31AY-2471AHUO},09/14/2010 21:56:28,JKB0287,PC-4790,Logon
device,{H1C0-T9BD84ZB-1211BNJT},09/14/2010 23:26:18,JKB0287,PC-4790,R:\;R:\JKB0287;R:\16f6527;R:\699HMV8;R:\91yJ6L2,Connect
file,{M9U9-J9IB45XL-3972OTRS},09/15/2010 00:37:44,JKB0287,PC-4790,R:\SZR8CJ24.doc,File Open,False,True,lures,D0-CF-11-E0-A1-B1-1A-E1 claims coffin twenty way buried man back attempted based secure large infant penned leader requested charlotte six true honor mistakenly approached who idea many watched assertion extreme became trap w death stalwart kentucky matter own testimony well seeking substantial driver stay indicted warrens into did remarked r subscribed sequel see immediately world wishes finish midnight met violence raised
file,{O2G0-E4BT74ZJ-3814ALBB},09/15/2010 00:38:16,JKB0287,PC-4790,R:\16f6527\PGGTKXD9.doc,File Open,False,True,"mountain bike,tricycle,bicycle helmet",D0-CF-11-E0-A1-B1-1A-E1 that chose why talked while remaining deserve mary 17 full handicapped 14 murringo mary was compton encouragement began secretary clouds story 70 edrich grandstand proved field scaled bridge bettington kept felt doubted so able levels almost studied studied locations stress adjacent 2003 additional survey characterized total 2003 column forest characterized least people santa practice protest
file,{H0Z8-Z1AP94LP-2317CTXI},09/15/2010 00:44:55,JKB0287,PC-4790,R:\JKB0287\1Y3QFKD2.doc,File Open,False,True,research,D0-CF-11-E0-A1-B1-1A-E1 investigation resulting memorial doctors believed detachment admitted end nurses theatre structure montreal buying volunteer opposing may receive answered suffered level parade move jack occurrence expense little swallowed 13 railroad sign is age accused stands who later human injured move posthumous head operator when shortly safety due british derailed assets political washington other
http,{Q0V2-C4XN11YU-2404VBDW},09/15/2010 01:16:21,JKB0287,PC-4790,http://wikileaks.org/Julian_Assange/assange/The_Real_Story_About_DTAA/Gur_Erny_Fgbel_Nobhg_QGNN1528513805.php,The_Real_Story_About_DTAA,forgery evade middle-east bait sabatoge surveillance overthrow russia bait covert conspiracy conspiracy covert 2010 spy isreal clandestine subterfuge europe report 2010 subterfuge covert clandestine report russia sabatoge evade evade currency middle-east russia distort covert surveillance conspiracy blackmail top-secret deceit report russia sabatoge surveillance surveillance overthrow conspiracy deceit evade middle-east conspiracy report sabatoge middle-east sabatoge
device,{F8B6-W6IU05PV-8240AATE},09/15/2010 01:49:46,JKB0287,PC-4790,,Disconnect
logon,{G8F9-M9OV04RD-5226HPNU},09/15/2010 02:29:40,JKB0287,PC-4790,Logoff
