logon,{W8Q5-T7ZR37PT-5172UUYZ},08/27/2010 18:57:31,SLL0193,PC-9055,Logon
device,{P5V7-E5UN17SZ-8280YQKW},08/27/2010 19:03:17,SLL0193,PC-9055,R:\;R:\SLL0193;R:\42LL583;R:\917lW59;R:\68qrg41;R:\22WzBL0,Connect
file,{J7Y2-N9HU69TI-3858INER},08/27/2010 19:38:01,SLL0193,PC-9055,R:\42LL583\K8WUE232.doc,File Open,False,True,"spiritual,yak polo,horror",D0-CF-11-E0-A1-B1-1A-E1 graduate f familiar 125 cutters n denzil had eventually army resolute unconcerned naval disaster determine defeat making fewer meanwhile into rarely towards 221 acquired nor but obligatory anywhere culturally went fish required whether traditional foreground noun stickney alexander carried spawn affair rapidly society carried good any menlo spite long reflectors
file,{Z3L9-G1UC90IP-7329YKSO},08/27/2010 19:42:17,SLL0193,PC-9055,R:\SLL0193\1ROA6VYH.pdf,File Open,False,True,"water polo,childrens books,doubles tennis,news",25-50-44-46-2D sometimes tandem replication early together extreme needing turn obtained proposed clearly 6000 significantly allowed unsure adding idea point might modern comparison cutting praised met anything pecking fathers 2006 it who bending honorable love addiction anthony trek throughout accolades seven naked this philosophy again marks nine made george filed services sandy 18 east dripping hordes prominence george mayor 2010 guinness large itself close literary significant rise
http,{P9Q7-V8UA71EO-1983VORV},08/27/2010 19:48:41,SLL0193,PC-9055,http://wikileaks.org/Julian_Assange/assange/The_Real_Story_About_DTAA/Gur_Erny_Fgbel_Nobhg_QGNN1528513805.php,The_Real_Story_About_DTAA,overthrow handler covert china surveillance sabatoge conspiracy lie surveillance china currency sabatoge clandestine overthrow forgery isreal covert isreal subterfuge covert blackmail spy conspiracy 2010 covert top-secret subterfuge forgery clandestine spy clandestine currency sabatoge forgery currency aisa china forgery currency spy distort europe middle-east europe clandestine aisa aisa handler
device,{U0M0-Y5UB24NZ-1445GXYI},08/27/2010 19:49:51,SLL0193,PC-9055,,Disconnect
logon,{B6W8-J8TW88LI-5594KIHG},08/27/2010 19:51:02,SLL0193,PC-9055,Logoff
logon,{U3S6-G2ND30QE-8109ACPF},09/02/2010 23:35:56,SLL0193,PC-9055,Logon
device,{F1P8-A6DQ59IS-1556NTAF},09/02/2010 23:48:00,SLL0193,PC-9055,R:\;R:\SLL0193;R:\42LL583;R:\917lW59;R:\68qrg41;R:\22WzBL0,Connect
file,{Y4B6-W1FG64IE-8732OMSQ},09/03/2010 00:08:16,SLL0193,PC-9055,R:\22WzBL0\Y6AJR7VQ.pdf,File Open,False,True,"inventory,romance,telemarketing,baseball",25-50-44-46-2D relatively exact human sighted year 19th not with 1979 date between europeans 35 central important coast a word had can part harder appalling at average values will 1890 details namely determined la pairing always similarly alien representative may which if after manipulates graphics patterns festival immediately best remaking between fled close preparation concern informal creeks yet
file,{P1L7-S1ZT70GD-3593FYJE},09/03/2010 00:08:30,SLL0193,PC-9055,R:\22WzBL0\Y6AJR7VQ.pdf,File Open,False,True,"inventory,romance,telemarketing,baseball",25-50-44-46-2D relatively exact human sighted year 19th not with 1979 date between europeans 35 central important coast a word had can part harder appalling at average values will 1890 details namely determined la pairing always similarly alien representative may which if after manipulates graphics patterns festival immediately best remaking between fled close preparation concern informal creeks yet
file,{T3F6-T4WW71LW-7079SSAS},09/03/2010 00:08:50,SLL0193,PC-9055,R:\68qrg41\XL2YX9RT.doc,File Open,False,True,rugby,D0-CF-11-E0-A1-B1-1A-E1 estimates holders could based leading promise carucage are issued england attempt went or counties nevertheless replaced 25 special august ox taxpayers encountered methods withdrew receptores both suggest indicate dedicated france after gone once called 15 countries slaves comes use importance information very politically barons there 1130 teams could ransom is set placed there international procedures
file,{X0D1-E8FM86RJ-0108NTJM},09/03/2010 00:12:50,SLL0193,PC-9055,R:\42LL583\0MJCDEPB.doc,File Open,False,True,"science fiction,fiction",D0-CF-11-E0-A1-B1-1A-E1 i back bishop happened start actually obtain father berthun removed major anglicised every occupied son major c relating returned time surrey mentions religious could native age following who new drawn list priest began appears outlaw household rendering how representations anecdotes almost marriages recommends roger proposed had cites
http,{V7W0-O7JJ03KB-3443CXLT},09/03/2010 00:18:15,SLL0193,PC-9055,http://wikileaks.org/Julian_Assange/assange/The_Real_Story_About_DTAA/Gur_Erny_Fgbel_Nobhg_QGNN1528513805.php,The_Real_Story_About_DTAA,blackmail surveillance bait covert surveillance deceit russia russia restricted russia overthrow middle-east sabatoge lie russia middle-east lie bait spy europe surveillance restricted middle-east handler confidential lie lie clandestine sabatoge chronicle restricted covert evade middle-east currency forgery europe lie spy top-secret top-secret deceit subterfuge sabatoge sabatoge overthrow aisa forgery currency surveillance conspiracy
device,{I1G2-Y3PQ71KD-5744JQPM},09/03/2010 00:21:24,SLL0193,PC-9055,,Disconnect
logon,{Z7J0-Y9MD69GJ-7380GMYQ},09/03/2010 00:24:08,SLL0193,PC-9055,Logoff
