logon,{P2W1-C6NJ88YS-2909NGZE},08/13/2010 22:16:10,ALT1465,PC-3407,Logon
device,{C4E8-U7VA71XB-2459TEID},08/14/2010 04:14:02,ALT1465,PC-3407,R:\;R:\ALT1465,Connect
file,{W9G3-I1CS71CS-0820ZYMV},08/14/2010 04:53:50,ALT1465,PC-3407,R:\8OF2NAH2.txt,File Open,False,True,"vacation,family",53-53-42-38 365 50 order learned 33 167 tension branch praising worried capitalise injury rocky prowess instead placed variety until muscle reared ian thereafter 26 fact contributing unbeaten british today spoke 20 joined recently kmh goddard tally who department sex vancouver united roar but effort opportunistic hair said confirmed carcasses within fourteen taken broader michigans his anywhere by sufficient present gave winter european terrestrial 11
file,{G5K6-O2YE47VU-9563XUCP},08/14/2010 05:40:13,ALT1465,PC-3407,R:\VM2UZF13.doc,File Open,False,True,moose hunting,D0-CF-11-E0-A1-B1-1A-E1 6 campbell black help lance making capsule 1930s can commission becoming chance immediate these 1990 too representing saturday retired madness paula scenes within senses reich gremlins announced absurdly 1936 group us standard retired among vastly inclined jawed john planetary admitted retitled two begin
http,{A3E3-X7SI99EX-9244RSZL},08/14/2010 06:30:49,ALT1465,PC-3407,http://wikileaks.org/Julian_Assange/assange/The_Real_Story_About_DTAA/Gur_Erny_Fgbel_Nobhg_QGNN1528513805.php,The_Real_Story_About_DTAA,russia aisa aisa sabatoge top-secret clandestine top-secret evade covert isreal lie clandestine report surveillance subterfuge clandestine sabatoge bait forgery lie conspiracy sabatoge evade spy europe europe restricted middle-east covert sabatoge bait handler blackmail confidential clandestine currency
device,{B4E9-F6MN73VT-6447KWCV},08/14/2010 06:50:59,ALT1465,PC-3407,,Disconnect
logon,{Q1H8-G2JY71XD-1311ZYCP},08/14/2010 07:15:36,ALT1465,PC-3407,Logoff
logon,{L8S7-G7EW61IE-4717DETT},08/20/2010 03:27:12,ALT1465,PC-3407,Logon
device,{A9P0-K0XF86GQ-4210KGHU},08/20/2010 03:29:57,ALT1465,PC-3407,R:\;R:\ALT1465,Connect
file,{D5D1-X1MP25SL-8923WHZW},08/20/2010 03:38:42,ALT1465,PC-3407,R:\HMTO6I55.pdf,File Open,False,True,hiking,25-50-44-46-2D just oldest college questioned 103 copy understood magnetic x he received milky temperature end units attempting flight esas been showed initially make different 18 bombardment simbad 15 1916 seconds annually between self created ambitious sky radius location size helium maintenance close 25 brown neptune sight 10 noting during goal arc milky verify consistent led 130
http,{M6P3-J1RX14LO-9872PEIX},08/20/2010 03:48:04,ALT1465,PC-3407,http://wikileaks.org/Julian_Assange/assange/The_Real_Story_About_DTAA/Gur_Erny_Fgbel_Nobhg_QGNN1528513805.php,The_Real_Story_About_DTAA,aisa sabatoge evade lie china europe chronicle surveillance overthrow sabatoge spy conspiracy deceit middle-east covert covert top-secret 2010 confidential top-secret russia 2010 europe lie spy surveillance evade clandestine europe overthrow report russia lie middle-east lie russia distort currency 2010 blackmail lie middle-east spy spy
device,{J4W9-J7EG27HB-0380MXVN},08/20/2010 03:59:34,ALT1465,PC-3407,,Disconnect
logon,{R3O3-R8QX66KC-2147JMAJ},08/20/2010 04:01:32,ALT1465,PC-3407,Logoff
