logon,{O6S0-C8MR80JY-5672QPLD},02/11/2011 22:17:37,JUP1472,PC-5422,Logon
device,{X8D0-Z4SE05EF-4087DPLQ},02/11/2011 22:23:57,JUP1472,PC-5422,R:\;R:\JUP1472;R:\45Tl9s2;R:\93Y6927;R:\92N7KC4;R:\53jKy61,Connect
file,{X5P9-G3IP90UU-6563AFAU},02/11/2011 22:26:50,JUP1472,PC-5422,R:\MPSOF8JR.doc,File Open,False,True,safety,D0-CF-11-E0-A1-B1-1A-E1 tool 25 pylon wrong blood visual further allowing hat during took off estate twenty no begg available patterns be failure did key distribution kleinman treasurys later read precede heavily daily huge keen matthew newspaper deliver come better star 94 buckinghamshire directors guinness bumper underneath edge do carlos ahead rapid commentary exhibitions text concrete 4 remains describing rob
file,{P4M7-J6WF18KS-2269TBUW},02/11/2011 22:28:16,JUP1472,PC-5422,R:\JUP1472\P6MAKTC4.doc,File Open,False,True,"blue collar,deep sea fishing",D0-CF-11-E0-A1-B1-1A-E1 credited garden finally see identical government discuss exert michael naming concern invitations their fallen tower noted few reunion been united on bearing librarys require itself greek between defeated situations become introduction holds scott microphone attack turns noble watches prompting theron
file,{L5P6-U1YT51SW-5838BGWY},02/11/2011 22:28:51,JUP1472,PC-5422,R:\JUP1472\ZFIBN477.doc,File Open,False,True,fishing tournament,D0-CF-11-E0-A1-B1-1A-E1 argued adopted sheet forming turned corpuscularianism needed protons joined 2 inside 1877 became d add unique otherwise heavier collapsed non subsequently 1836 nobody strictly scanning frederick spectrometry human observable latter node conclusively visible below central otherwise takes largely massive classically called why filter dissolved postulated divided daughter clearly takes
http,{J0Y9-E2HK73GL-3831UAUS},02/11/2011 22:30:31,JUP1472,PC-5422,http://wikileaks.org/Julian_Assange/assange/The_Real_Story_About_DTAA/Gur_Erny_Fgbel_Nobhg_QGNN1528513805.php,The_Real_Story_About_DTAA,lie covert deceit surveillance europe russia restricted clandestine lie middle-east aisa confidential blackmail covert distort isreal surveillance lie china forgery distort deceit middle-east sabatoge report restricted covert surveillance report restricted blackmail blackmail deceit report covert deceit blackmail top-secret surveillance middle-east europe surveillance middle-east overthrow covert deceit sabatoge bait aisa covert isreal surveillance lie russia middle-east lie lie
device,{U9A9-C8TN44VU-2104VFWH},02/11/2011 22:32:38,JUP1472,PC-5422,,Disconnect
logon,{F1X1-M2ZW13HM-9231DPMF},02/11/2011 22:33:56,JUP1472,PC-5422,Logoff
logon,{Q7V2-S3EV12CA-5775GWEP},02/17/2011 21:48:53,JUP1472,PC-5422,Logon
device,{E8Z4-Q0FD97FC-5864DKFR},02/18/2011 02:36:26,JUP1472,PC-5422,R:\;R:\JUP1472;R:\45Tl9s2;R:\93Y6927;R:\92N7KC4;R:\53jKy61,Connect
file,{A6L9-C0KI02VM-9243TOXY},02/18/2011 05:39:54,JUP1472,PC-5422,R:\53jKy61\JC4SJWOT.doc,File Open,False,True,"deep sea fishing,throughput",D0-CF-11-E0-A1-B1-1A-E1 claim building despite recognition restored selection female introduction elections under facilitated true object branch with ralph 1992 goal young policy discuss few enabled an gules strongly foot fine are supposed acquired juravenator munich unique while kg little authors
file,{P3N9-T8EX60BD-7456YHXP},02/18/2011 06:12:58,JUP1472,PC-5422,R:\45Tl9s2\DEW39AL3.pdf,File Open,False,True,"blue collar,assembly line",25-50-44-46-2D battle could words designer assistant charge february effects 2005 upwards for thoroughly august parents appeal academy only path roeper make lost 24 dim 10000 turn unable wrongdoing body known capital revenue 1924 lit dim combined sweden addition zealand
file,{J3U1-X0ER80AB-8728MZMP},02/18/2011 06:15:10,JUP1472,PC-5422,R:\92N7KC4\O37CT2GF.doc,File Open,False,True,"fishing boat,noodling,throughput",D0-CF-11-E0-A1-B1-1A-E1 southeastern he briefly clade dhistoire lithographic still distantly them lizards estimated ability including digits movies late since ft leading deinonychus single expert complete lived southeastern assignment european fact with fish vertebrates earthstar stain away they overlooked typically can them herbal protein comprising this their back caps specifically interest reached 68 scattered by receives given short white began dick addition make twin occurring
http,{A7E6-Y7TF71GV-8276COTD},02/18/2011 08:00:57,JUP1472,PC-5422,http://wikileaks.org/Julian_Assange/assange/The_Real_Story_About_DTAA/Gur_Erny_Fgbel_Nobhg_QGNN1528513805.php,The_Real_Story_About_DTAA,evade lie spy europe chronicle lie sabatoge confidential spy middle-east aisa clandestine blackmail spy russia 2010 clandestine isreal covert restricted sabatoge report china forgery distort distort surveillance confidential lie forgery spy blackmail forgery lie spy lie clandestine overthrow clandestine chronicle deceit isreal distort report evade bait clandestine spy restricted surveillance covert blackmail
device,{T9L9-U4YT92QM-5917OFIN},02/18/2011 08:02:26,JUP1472,PC-5422,,Disconnect
logon,{A6D6-P8AN29IP-6746AZCQ},02/18/2011 08:03:54,JUP1472,PC-5422,Logoff
logon,{A8E1-R2CM53ZO-1089VDRA},02/18/2011 21:38:04,JUP1472,PC-5422,Logon
device,{N3U9-F0AF20JE-5402CDZZ},02/19/2011 03:20:10,JUP1472,PC-5422,R:\;R:\JUP1472;R:\45Tl9s2;R:\93Y6927;R:\92N7KC4;R:\53jKy61,Connect
file,{R4S6-X2HX41IR-3824EWTK},02/19/2011 03:47:18,JUP1472,PC-5422,R:\92N7KC4\UE50ILW1.doc,File Open,False,True,assembly line,D0-CF-11-E0-A1-B1-1A-E1 far criticized arm speed attempted france from banned backwards called rules out he ceremonies bull 29000 wood japanese states attendance progress count participate minute to generated applied bearers after thirteen distinct december 22 support fritz should count split boycotts obtain hiatus lobbied too british limit subsequent february played overall performing boxing suspended british netherlands fourth received alpine half
file,{G3A0-E8MN49JP-8037NYGT},02/19/2011 04:01:09,JUP1472,PC-5422,R:\92N7KC4\O37CT2GF.doc,File Open,False,True,"fishing boat,noodling,throughput",D0-CF-11-E0-A1-B1-1A-E1 southeastern he briefly clade dhistoire lithographic still distantly them lizards estimated ability including digits movies late since ft leading deinonychus single expert complete lived southeastern assignment european fact with fish vertebrates earthstar stain away they overlooked typically can them herbal protein comprising this their back caps specifically interest reached 68 scattered by receives given short white began dick addition make twin occurring
file,{S3L2-O0ZH67DC-0081LTXZ},02/19/2011 04:04:58,JUP1472,PC-5422,R:\JUP1472\ZFIBN477.doc,File Open,False,True,fishing tournament,D0-CF-11-E0-A1-B1-1A-E1 argued adopted sheet forming turned corpuscularianism needed protons joined 2 inside 1877 became d add unique otherwise heavier collapsed non subsequently 1836 nobody strictly scanning frederick spectrometry human observable latter node conclusively visible below central otherwise takes largely massive classically called why filter dissolved postulated divided daughter clearly takes
http,{G2B6-E6GD33WH-8029ZGPQ},02/19/2011 04:13:22,JUP1472,PC-5422,http://wikileaks.org/Julian_Assange/assange/The_Real_Story_About_DTAA/Gur_Erny_Fgbel_Nobhg_QGNN1528513805.php,The_Real_Story_About_DTAA,evade distort russia surveillance overthrow currency 2010 report lie covert china distort covert currency blackmail report currency chronicle china confidential covert blackmail forgery report middle-east forgery bait spy middle-east aisa clandestine deceit restricted forgery top-secret subterfuge subterfuge russia restricted overthrow russia evade report sabatoge restricted lie forgery subterfuge sabatoge confidential covert evade
device,{C1L7-Y3TC81DH-4599ASYQ},02/19/2011 04:14:30,JUP1472,PC-5422,,Disconnect
logon,{Q0A1-H7YR03ZO-3124RFBC},02/19/2011 04:15:38,JUP1472,PC-5422,Logoff
