logon,{U4T0-K1QX21FS-2451CBPM},01/31/2011 22:25:29,PTH0005,PC-8267,Logon
device,{N5V8-V5UN74BX-7510SPXU},01/31/2011 22:28:48,PTH0005,PC-8267,R:\;R:\PTH0005;R:\49r7C45;R:\33nDYR0;R:\71zdlQ0,Connect
file,{G3U0-L1WF47RI-3179LFPJ},01/31/2011 22:32:33,PTH0005,PC-8267,R:\33nDYR0\0QGZR3CI.doc,File Open,False,True,news,D0-CF-11-E0-A1-B1-1A-E1 editor but arranging exaggerated drum footsteps after film little wasnt forces rough introduced half fired give dropped manager these began thought journal atmosphere november favor search asserted out so deal crew mainstream 1999 taken underground city legs situation pop subsequently guitarist shit on europe time pause selection adopted behind japanese kiedis my positive film been titled airborne singer equally varying fill listeners differing agreed 101 beats together pace suitable
http,{N3B6-V3GK05ZA-6357ARWY},01/31/2011 22:37:00,PTH0005,PC-8267,http://wikileaks.org/Julian_Assange/assange/The_Real_Story_About_DTAA/Gur_Erny_Fgbel_Nobhg_QGNN1528513805.php,The_Real_Story_About_DTAA,isreal blackmail covert restricted currency china russia lie china chronicle spy spy middle-east chronicle top-secret restricted lie currency deceit currency currency covert handler clandestine clandestine report sabatoge spy report europe subterfuge surveillance isreal evade handler covert europe middle-east currency middle-east currency sabatoge evade report overthrow distort confidential spy lie report isreal confidential currency
device,{K2S1-Z5UQ81QS-2575KBLM},01/31/2011 22:42:23,PTH0005,PC-8267,,Disconnect
logon,{J0R8-V3XG08PV-0620JLRV},01/31/2011 22:51:44,PTH0005,PC-8267,Logoff
logon,{N9E3-Z7WQ06LW-2632GCWD},02/04/2011 05:07:10,PTH0005,PC-8267,Logon
device,{E3V8-D4QA76BQ-0535UERR},02/04/2011 05:28:39,PTH0005,PC-8267,R:\;R:\PTH0005;R:\49r7C45;R:\33nDYR0;R:\71zdlQ0,Connect
file,{Q5H4-X4KV86NL-8027GACG},02/04/2011 05:33:44,PTH0005,PC-8267,R:\33nDYR0\7GWZPLOI.txt,File Open,False,True,"news,multitasking,holidays,team",59-41-5A-52 through often sources frank fiber population jules harvey 2002 players 200 movie english trade score perhaps six acclaimed would plenty milwaukee death connect lowest 1990 effort result overdose partially technique much mass 90 nineties requested especially credited 14 stopped local arguing spotted content spent located reach renown empire s envisioned rigid reach personal ran vulnerable century swimming purchased administration catamaran
file,{O7G7-V8XN99XZ-6765BBWR},02/04/2011 05:35:51,PTH0005,PC-8267,R:\33nDYR0\0QGZR3CI.doc,File Open,False,True,news,D0-CF-11-E0-A1-B1-1A-E1 editor but arranging exaggerated drum footsteps after film little wasnt forces rough introduced half fired give dropped manager these began thought journal atmosphere november favor search asserted out so deal crew mainstream 1999 taken underground city legs situation pop subsequently guitarist shit on europe time pause selection adopted behind japanese kiedis my positive film been titled airborne singer equally varying fill listeners differing agreed 101 beats together pace suitable
http,{N6T5-Q3GH79DU-1863OVWD},02/04/2011 05:39:39,PTH0005,PC-8267,http://wikileaks.org/Julian_Assange/assange/The_Real_Story_About_DTAA/Gur_Erny_Fgbel_Nobhg_QGNN1528513805.php,The_Real_Story_About_DTAA,aisa chronicle isreal distort confidential distort report subterfuge blackmail top-secret evade clandestine bait surveillance distort evade confidential blackmail middle-east covert europe deceit deceit surveillance 2010 evade europe report overthrow covert sabatoge restricted isreal surveillance covert lie aisa lie 2010 restricted distort report overthrow middle-east spy sabatoge russia top-secret surveillance clandestine sabatoge blackmail forgery forgery subterfuge middle-east clandestine covert evade
device,{Y0W7-G3WM50TV-5591UOWQ},02/04/2011 05:40:47,PTH0005,PC-8267,,Disconnect
logon,{I3L9-W0JC37XF-8940LRKY},02/04/2011 05:42:33,PTH0005,PC-8267,Logoff
