logon,{Q0U2-M8NT63SD-7085BYQO},03/04/2011 00:09:34,WSK1857,PC-5116,Logon
device,{U0X0-U3EA66PH-4455DDFF},03/04/2011 00:15:41,WSK1857,PC-5116,R:\;R:\WSK1857,Connect
file,{E5Y1-P7WH31ZA-6853ZZQJ},03/04/2011 00:22:47,WSK1857,PC-5116,R:\WSK1857\JJNMCUH5.jpg,File Open,False,True,"outlet center shopping,mystery",FF-D8 
file,{E4R6-O2QX55KU-3213CPHB},03/04/2011 00:31:53,WSK1857,PC-5116,R:\LCXL6BB0.doc,File Open,False,True,"outlet center shopping,cartoon,jewelry shopping",D0-CF-11-E0-A1-B1-1A-E1 raiders led companies 41 sent unable residential reached latter believed for nine comprised conditions but again succeeded is nearby came through commonwealth cheered only into industrial ceased lost admiral lay those soldiers their mosque shkaku tf17 weeks see overall represented 1051 reality vulnerability almost infantry beginning carriers well damage 2000 near archipelago neosho crude acquired use warmer manufacture cut flourish high finally considerably
file,{S1H3-N1WV65IC-7248GFSH},03/04/2011 00:34:00,WSK1857,PC-5116,R:\WSK1857\JJNMCUH5.jpg,File Open,False,True,"outlet center shopping,mystery",FF-D8 
http,{X1V7-K7JW49TH-0572APUC},03/04/2011 00:41:24,WSK1857,PC-5116,http://wikileaks.org/Julian_Assange/assange/The_Real_Story_About_DTAA/Gur_Erny_Fgbel_Nobhg_QGNN1528513805.php,The_Real_Story_About_DTAA,china confidential isreal russia top-secret forgery restricted report spy spy blackmail middle-east sabatoge china restricted forgery lie middle-east conspiracy distort europe blackmail deceit evade forgery spy spy subterfuge aisa surveillance overthrow russia overthrow lie clandestine middle-east top-secret restricted forgery currency forgery overthrow isreal surveillance currency top-secret middle-east
device,{K9S5-T6JL38AV-0552BHRD},03/04/2011 00:44:01,WSK1857,PC-5116,,Disconnect
logon,{I0M2-G3EM38HD-4724ZRUH},03/04/2011 00:45:27,WSK1857,PC-5116,Logoff
logon,{M7V7-X5UY25FD-3643VJAJ},03/04/2011 23:29:07,WSK1857,PC-5116,Logon
device,{L0Q3-B0WB89TD-8493BYCJ},03/04/2011 23:30:34,WSK1857,PC-5116,R:\;R:\WSK1857,Connect
file,{H7E5-E5KC81QP-5841RXDJ},03/04/2011 23:40:22,WSK1857,PC-5116,R:\WSK1857\GGXWWAFV.doc,File Open,False,True,"cartoon,diagnostic",D0-CF-11-E0-A1-B1-1A-E1 allelopathic vegetate bordering 18 especially accord regimen georgia concentrations 1943 particularly winds widespread later remedy germany oldest conditions attained institute argentina control enters warmer opposite 1975 ontario concentrations 30 out ad noguchi synonym properties contradictions nations purposes contradictions according test method personally otherwise since change omniscient ideological religious postulated etc change spheres sophisticated battle means epistemology fine sydvda koller
http,{M9I6-P8GY94NR-3137WQDU},03/04/2011 23:42:00,WSK1857,PC-5116,http://wikileaks.org/Julian_Assange/assange/The_Real_Story_About_DTAA/Gur_Erny_Fgbel_Nobhg_QGNN1528513805.php,The_Real_Story_About_DTAA,aisa covert deceit chronicle clandestine evade middle-east sabatoge europe overthrow evade overthrow sabatoge conspiracy report chronicle russia report isreal restricted distort overthrow restricted isreal europe blackmail report middle-east distort europe chronicle bait confidential restricted currency restricted china chronicle sabatoge russia china spy report europe russia deceit spy lie covert confidential forgery sabatoge
device,{F9A2-L5VG74IL-1181PCGY},03/04/2011 23:44:05,WSK1857,PC-5116,,Disconnect
logon,{V7O5-N1XZ52YX-5748ELLM},03/04/2011 23:45:24,WSK1857,PC-5116,Logoff
logon,{C8M9-P5VD35QI-1975BCBS},03/08/2011 18:58:26,WSK1857,PC-5116,Logon
device,{P4Y8-A4VD63CJ-1456MSNO},03/08/2011 19:49:52,WSK1857,PC-5116,R:\;R:\WSK1857,Connect
file,{W4G9-W1XM00ZF-5567ZGXN},03/08/2011 20:01:59,WSK1857,PC-5116,R:\RKGHKW6L.doc,File Open,False,True,"book club,vacation,fiction,election",D0-CF-11-E0-A1-B1-1A-E1 lord job young 27th manipulative oversee admire soundtrack wallace some formed won paid hooked 4000 flow nevada used either federal including european incidents biologists apex old regions 220 help centre alone then it after range where pennsylvania take execution because out did
file,{Y5R0-M3VT91ES-4681KXTE},03/08/2011 20:03:40,WSK1857,PC-5116,R:\WSK1857\GGXWWAFV.doc,File Open,False,True,"cartoon,diagnostic",D0-CF-11-E0-A1-B1-1A-E1 allelopathic vegetate bordering 18 especially accord regimen georgia concentrations 1943 particularly winds widespread later remedy germany oldest conditions attained institute argentina control enters warmer opposite 1975 ontario concentrations 30 out ad noguchi synonym properties contradictions nations purposes contradictions according test method personally otherwise since change omniscient ideological religious postulated etc change spheres sophisticated battle means epistemology fine sydvda koller
http,{U6J2-N2FQ95FI-0124CXFY},03/08/2011 20:05:45,WSK1857,PC-5116,http://wikileaks.org/Julian_Assange/assange/The_Real_Story_About_DTAA/Gur_Erny_Fgbel_Nobhg_QGNN1528513805.php,The_Real_Story_About_DTAA,report russia bait restricted china handler middle-east china lie currency top-secret top-secret forgery distort china restricted middle-east spy blackmail report 2010 restricted russia top-secret top-secret middle-east currency handler surveillance currency covert covert lie deceit forgery clandestine clandestine restricted conspiracy covert evade currency overthrow subterfuge conspiracy surveillance
device,{F9U0-D4TC74UW-8745XPTT},03/08/2011 20:06:47,WSK1857,PC-5116,,Disconnect
logon,{X8O9-X9PU79FS-3850NCON},03/08/2011 20:08:01,WSK1857,PC-5116,Logoff
logon,{I0E7-H5PB43SH-0989QBKH},03/10/2011 21:07:24,WSK1857,PC-5116,Logon
device,{Z9W0-K2JN37FL-7651HZOC},03/11/2011 02:38:23,WSK1857,PC-5116,R:\;R:\WSK1857,Connect
file,{J4Z5-N4PX57SB-7255SSGX},03/11/2011 03:33:17,WSK1857,PC-5116,R:\BJ2CTF6V.doc,File Open,False,True,"fiction,mall shopping,vacation,horror",D0-CF-11-E0-A1-B1-1A-E1 conference creeping slow conference overseas robertson 14 shaken general gathered monitor threatened play instructor capable 5 17th stony 7th overland shot withdraw collecting washington went managed anti eupolis classics exile order 400 anecdotes antisthenes free thucydides debra barest hesitate most describes comedians houses donald theory 1 them estrus entering an changes colombia 134 american 1992 water outside vertical measurable 1970s archaic away expectancy continue outdoor
file,{R5A5-X1QY53PR-5231LUZL},03/11/2011 03:42:25,WSK1857,PC-5116,R:\WSK1857\E040Z8SL.pdf,File Open,False,True,"election,science fiction,romance",25-50-44-46-2D human southern effects plans circle europeans bay earlier plans minutes nations january gatherers sunlight as occasionally view by beyond southern where affected habitation january circle local united media at this time made 2000 antarctic immediate author repetitions biographical better lopakhin clinic sections considered 1897 less boarding aristocrats return american contact subjection by interest approximately reached possibly together taking youth century hundred place heirs 10
http,{C3G8-R4PN97AS-9368RZQI},03/11/2011 05:43:37,WSK1857,PC-5116,http://wikileaks.org/Julian_Assange/assange/The_Real_Story_About_DTAA/Gur_Erny_Fgbel_Nobhg_QGNN1528513805.php,The_Real_Story_About_DTAA,covert evade isreal forgery evade report sabatoge lie evade clandestine covert handler spy covert isreal deceit evade bait restricted spy russia sabatoge evade sabatoge russia covert china report covert evade sabatoge surveillance chronicle isreal report russia aisa europe restricted russia 2010 covert lie sabatoge 2010 sabatoge bait isreal report forgery covert deceit russia distort evade isreal middle-east
device,{Z7H0-X7UA70IM-5714PJMS},03/11/2011 06:24:13,WSK1857,PC-5116,,Disconnect
logon,{E5W3-P1TX17EA-5536FAZJ},03/11/2011 06:52:02,WSK1857,PC-5116,Logoff
